ISO-10303-21;
HEADER;
FILE_DESCRIPTION(('FreeCAD Model'),'2;1');
FILE_NAME('Open CASCADE Shape Model','2026-07-24T21:01:27',('FreeCAD'),(
    'FreeCAD'),'Open CASCADE STEP processor 7.8','FreeCAD','Unknown');
FILE_SCHEMA(('AUTOMOTIVE_DESIGN { 1 0 10303 214 1 1 1 1 }'));
ENDSEC;
DATA;
#1 = APPLICATION_PROTOCOL_DEFINITION('international standard',
  'automotive_design',2000,#2);
#2 = APPLICATION_CONTEXT(
  'core data for automotive mechanical design processes');
#3 = SHAPE_DEFINITION_REPRESENTATION(#4,#10);
#4 = PRODUCT_DEFINITION_SHAPE('','',#5);
#5 = PRODUCT_DEFINITION('design','',#6,#9);
#6 = PRODUCT_DEFINITION_FORMATION('','',#7);
#7 = PRODUCT('Open CASCADE STEP translator 7.8 1',
  'Open CASCADE STEP translator 7.8 1','',(#8));
#8 = PRODUCT_CONTEXT('',#2,'mechanical');
#9 = PRODUCT_DEFINITION_CONTEXT('part definition',#2,'design');
#10 = SHAPE_REPRESENTATION('',(#11,#15,#981,#1815,#3174,#4923,#6282),
  #6627);
#11 = AXIS2_PLACEMENT_3D('',#12,#13,#14);
#12 = CARTESIAN_POINT('',(0.,0.,0.));
#13 = DIRECTION('',(0.,0.,1.));
#14 = DIRECTION('',(1.,0.,-0.));
#15 = MANIFOLD_SOLID_BREP('',#16);
#16 = CLOSED_SHELL('',(#17,#57,#220,#245,#270,#355,#377,#394,#411,#446,
    #458,#482,#506,#530,#554,#578,#602,#626,#650,#674,#698,#715,#746,
    #770,#794,#811,#828,#852,#893,#917,#934,#969));
#17 = ADVANCED_FACE('',(#18),#52,.F.);
#18 = FACE_BOUND('',#19,.F.);
#19 = EDGE_LOOP('',(#20,#30,#38,#46));
#20 = ORIENTED_EDGE('',*,*,#21,.F.);
#21 = EDGE_CURVE('',#22,#24,#26,.T.);
#22 = VERTEX_POINT('',#23);
#23 = CARTESIAN_POINT('',(-8.881784197001E-16,4.,3.));
#24 = VERTEX_POINT('',#25);
#25 = CARTESIAN_POINT('',(-8.881784197001E-16,188.2,3.));
#26 = LINE('',#27,#28);
#27 = CARTESIAN_POINT('',(0.,0.,3.));
#28 = VECTOR('',#29,1.);
#29 = DIRECTION('',(0.,1.,0.));
#30 = ORIENTED_EDGE('',*,*,#31,.F.);
#31 = EDGE_CURVE('',#32,#22,#34,.T.);
#32 = VERTEX_POINT('',#33);
#33 = CARTESIAN_POINT('',(-8.881784197001E-16,4.,0.));
#34 = LINE('',#35,#36);
#35 = CARTESIAN_POINT('',(-8.881784197001E-16,4.,0.));
#36 = VECTOR('',#37,1.);
#37 = DIRECTION('',(0.,0.,1.));
#38 = ORIENTED_EDGE('',*,*,#39,.T.);
#39 = EDGE_CURVE('',#32,#40,#42,.T.);
#40 = VERTEX_POINT('',#41);
#41 = CARTESIAN_POINT('',(-8.881784197001E-16,188.2,0.));
#42 = LINE('',#43,#44);
#43 = CARTESIAN_POINT('',(0.,0.,0.));
#44 = VECTOR('',#45,1.);
#45 = DIRECTION('',(0.,1.,0.));
#46 = ORIENTED_EDGE('',*,*,#47,.T.);
#47 = EDGE_CURVE('',#40,#24,#48,.T.);
#48 = LINE('',#49,#50);
#49 = CARTESIAN_POINT('',(-8.881784197001E-16,188.2,0.));
#50 = VECTOR('',#51,1.);
#51 = DIRECTION('',(0.,0.,1.));
#52 = PLANE('',#53);
#53 = AXIS2_PLACEMENT_3D('',#54,#55,#56);
#54 = CARTESIAN_POINT('',(0.,0.,0.));
#55 = DIRECTION('',(1.,0.,0.));
#56 = DIRECTION('',(0.,0.,1.));
#57 = ADVANCED_FACE('',(#58),#215,.T.);
#58 = FACE_BOUND('',#59,.T.);
#59 = EDGE_LOOP('',(#60,#70,#79,#87,#94,#95,#104,#112,#120,#128,#136,
    #144,#152,#160,#168,#176,#184,#192,#200,#208));
#60 = ORIENTED_EDGE('',*,*,#61,.T.);
#61 = EDGE_CURVE('',#62,#64,#66,.T.);
#62 = VERTEX_POINT('',#63);
#63 = CARTESIAN_POINT('',(150.8,4.,3.));
#64 = VERTEX_POINT('',#65);
#65 = CARTESIAN_POINT('',(150.8,188.2,3.));
#66 = LINE('',#67,#68);
#67 = CARTESIAN_POINT('',(150.8,0.,3.));
#68 = VECTOR('',#69,1.);
#69 = DIRECTION('',(0.,1.,0.));
#70 = ORIENTED_EDGE('',*,*,#71,.F.);
#71 = EDGE_CURVE('',#72,#64,#74,.T.);
#72 = VERTEX_POINT('',#73);
#73 = CARTESIAN_POINT('',(146.8,192.2,3.));
#74 = CIRCLE('',#75,4.);
#75 = AXIS2_PLACEMENT_3D('',#76,#77,#78);
#76 = CARTESIAN_POINT('',(146.8,188.2,3.));
#77 = DIRECTION('',(-0.,-0.,-1.));
#78 = DIRECTION('',(0.,-1.,0.));
#79 = ORIENTED_EDGE('',*,*,#80,.F.);
#80 = EDGE_CURVE('',#81,#72,#83,.T.);
#81 = VERTEX_POINT('',#82);
#82 = CARTESIAN_POINT('',(4.,192.2,3.));
#83 = LINE('',#84,#85);
#84 = CARTESIAN_POINT('',(0.,192.2,3.));
#85 = VECTOR('',#86,1.);
#86 = DIRECTION('',(1.,0.,0.));
#87 = ORIENTED_EDGE('',*,*,#88,.F.);
#88 = EDGE_CURVE('',#24,#81,#89,.T.);
#89 = CIRCLE('',#90,4.);
#90 = AXIS2_PLACEMENT_3D('',#91,#92,#93);
#91 = CARTESIAN_POINT('',(4.,188.2,3.));
#92 = DIRECTION('',(-0.,-0.,-1.));
#93 = DIRECTION('',(0.,-1.,0.));
#94 = ORIENTED_EDGE('',*,*,#21,.F.);
#95 = ORIENTED_EDGE('',*,*,#96,.T.);
#96 = EDGE_CURVE('',#22,#97,#99,.T.);
#97 = VERTEX_POINT('',#98);
#98 = CARTESIAN_POINT('',(4.,-8.881784197001E-16,3.));
#99 = CIRCLE('',#100,4.);
#100 = AXIS2_PLACEMENT_3D('',#101,#102,#103);
#101 = CARTESIAN_POINT('',(4.,4.,3.));
#102 = DIRECTION('',(-0.,0.,1.));
#103 = DIRECTION('',(0.,-1.,0.));
#104 = ORIENTED_EDGE('',*,*,#105,.T.);
#105 = EDGE_CURVE('',#97,#106,#108,.T.);
#106 = VERTEX_POINT('',#107);
#107 = CARTESIAN_POINT('',(80.4,0.,3.));
#108 = LINE('',#109,#110);
#109 = CARTESIAN_POINT('',(0.,0.,3.));
#110 = VECTOR('',#111,1.);
#111 = DIRECTION('',(1.,0.,0.));
#112 = ORIENTED_EDGE('',*,*,#113,.T.);
#113 = EDGE_CURVE('',#106,#114,#116,.T.);
#114 = VERTEX_POINT('',#115);
#115 = CARTESIAN_POINT('',(80.4,10.,3.));
#116 = LINE('',#117,#118);
#117 = CARTESIAN_POINT('',(80.4,-2.5E-02,3.));
#118 = VECTOR('',#119,1.);
#119 = DIRECTION('',(0.,1.,0.));
#120 = ORIENTED_EDGE('',*,*,#121,.T.);
#121 = EDGE_CURVE('',#114,#122,#124,.T.);
#122 = VERTEX_POINT('',#123);
#123 = CARTESIAN_POINT('',(30.875,10.,3.));
#124 = LINE('',#125,#126);
#125 = CARTESIAN_POINT('',(15.4375,10.,3.));
#126 = VECTOR('',#127,1.);
#127 = DIRECTION('',(-1.,0.,0.));
#128 = ORIENTED_EDGE('',*,*,#129,.T.);
#129 = EDGE_CURVE('',#122,#130,#132,.T.);
#130 = VERTEX_POINT('',#131);
#131 = CARTESIAN_POINT('',(30.875,12.,3.));
#132 = LINE('',#133,#134);
#133 = CARTESIAN_POINT('',(30.875,5.,3.));
#134 = VECTOR('',#135,1.);
#135 = DIRECTION('',(0.,1.,0.));
#136 = ORIENTED_EDGE('',*,*,#137,.T.);
#137 = EDGE_CURVE('',#130,#138,#140,.T.);
#138 = VERTEX_POINT('',#139);
#139 = CARTESIAN_POINT('',(15.875,12.,3.));
#140 = LINE('',#141,#142);
#141 = CARTESIAN_POINT('',(7.9375,12.,3.));
#142 = VECTOR('',#143,1.);
#143 = DIRECTION('',(-1.,0.,0.));
#144 = ORIENTED_EDGE('',*,*,#145,.T.);
#145 = EDGE_CURVE('',#138,#146,#148,.T.);
#146 = VERTEX_POINT('',#147);
#147 = CARTESIAN_POINT('',(15.875,180.2,3.));
#148 = LINE('',#149,#150);
#149 = CARTESIAN_POINT('',(15.875,6.,3.));
#150 = VECTOR('',#151,1.);
#151 = DIRECTION('',(0.,1.,0.));
#152 = ORIENTED_EDGE('',*,*,#153,.F.);
#153 = EDGE_CURVE('',#154,#146,#156,.T.);
#154 = VERTEX_POINT('',#155);
#155 = CARTESIAN_POINT('',(134.925,180.2,3.));
#156 = LINE('',#157,#158);
#157 = CARTESIAN_POINT('',(7.9375,180.2,3.));
#158 = VECTOR('',#159,1.);
#159 = DIRECTION('',(-1.,0.,0.));
#160 = ORIENTED_EDGE('',*,*,#161,.F.);
#161 = EDGE_CURVE('',#162,#154,#164,.T.);
#162 = VERTEX_POINT('',#163);
#163 = CARTESIAN_POINT('',(134.925,12.,3.));
#164 = LINE('',#165,#166);
#165 = CARTESIAN_POINT('',(134.925,6.,3.));
#166 = VECTOR('',#167,1.);
#167 = DIRECTION('',(0.,1.,0.));
#168 = ORIENTED_EDGE('',*,*,#169,.T.);
#169 = EDGE_CURVE('',#162,#170,#172,.T.);
#170 = VERTEX_POINT('',#171);
#171 = CARTESIAN_POINT('',(119.925,12.,3.));
#172 = LINE('',#173,#174);
#173 = CARTESIAN_POINT('',(7.9375,12.,3.));
#174 = VECTOR('',#175,1.);
#175 = DIRECTION('',(-1.,0.,0.));
#176 = ORIENTED_EDGE('',*,*,#177,.F.);
#177 = EDGE_CURVE('',#178,#170,#180,.T.);
#178 = VERTEX_POINT('',#179);
#179 = CARTESIAN_POINT('',(119.925,10.,3.));
#180 = LINE('',#181,#182);
#181 = CARTESIAN_POINT('',(119.925,5.,3.));
#182 = VECTOR('',#183,1.);
#183 = DIRECTION('',(0.,1.,0.));
#184 = ORIENTED_EDGE('',*,*,#185,.T.);
#185 = EDGE_CURVE('',#178,#186,#188,.T.);
#186 = VERTEX_POINT('',#187);
#187 = CARTESIAN_POINT('',(94.4,10.,3.));
#188 = LINE('',#189,#190);
#189 = CARTESIAN_POINT('',(15.4375,10.,3.));
#190 = VECTOR('',#191,1.);
#191 = DIRECTION('',(-1.,0.,0.));
#192 = ORIENTED_EDGE('',*,*,#193,.F.);
#193 = EDGE_CURVE('',#194,#186,#196,.T.);
#194 = VERTEX_POINT('',#195);
#195 = CARTESIAN_POINT('',(94.4,0.,3.));
#196 = LINE('',#197,#198);
#197 = CARTESIAN_POINT('',(94.4,-2.5E-02,3.));
#198 = VECTOR('',#199,1.);
#199 = DIRECTION('',(0.,1.,0.));
#200 = ORIENTED_EDGE('',*,*,#201,.T.);
#201 = EDGE_CURVE('',#194,#202,#204,.T.);
#202 = VERTEX_POINT('',#203);
#203 = CARTESIAN_POINT('',(146.8,-8.881784197001E-16,3.));
#204 = LINE('',#205,#206);
#205 = CARTESIAN_POINT('',(0.,0.,3.));
#206 = VECTOR('',#207,1.);
#207 = DIRECTION('',(1.,0.,0.));
#208 = ORIENTED_EDGE('',*,*,#209,.T.);
#209 = EDGE_CURVE('',#202,#62,#210,.T.);
#210 = CIRCLE('',#211,4.);
#211 = AXIS2_PLACEMENT_3D('',#212,#213,#214);
#212 = CARTESIAN_POINT('',(146.8,4.,3.));
#213 = DIRECTION('',(-0.,0.,1.));
#214 = DIRECTION('',(0.,-1.,0.));
#215 = PLANE('',#216);
#216 = AXIS2_PLACEMENT_3D('',#217,#218,#219);
#217 = CARTESIAN_POINT('',(0.,0.,3.));
#218 = DIRECTION('',(0.,0.,1.));
#219 = DIRECTION('',(1.,0.,0.));
#220 = ADVANCED_FACE('',(#221),#240,.T.);
#221 = FACE_BOUND('',#222,.T.);
#222 = EDGE_LOOP('',(#223,#232,#238,#239));
#223 = ORIENTED_EDGE('',*,*,#224,.T.);
#224 = EDGE_CURVE('',#32,#225,#227,.T.);
#225 = VERTEX_POINT('',#226);
#226 = CARTESIAN_POINT('',(4.,-8.881784197001E-16,0.));
#227 = CIRCLE('',#228,4.);
#228 = AXIS2_PLACEMENT_3D('',#229,#230,#231);
#229 = CARTESIAN_POINT('',(4.,4.,0.));
#230 = DIRECTION('',(-0.,0.,1.));
#231 = DIRECTION('',(0.,-1.,0.));
#232 = ORIENTED_EDGE('',*,*,#233,.T.);
#233 = EDGE_CURVE('',#225,#97,#234,.T.);
#234 = LINE('',#235,#236);
#235 = CARTESIAN_POINT('',(4.,-8.881784197001E-16,0.));
#236 = VECTOR('',#237,1.);
#237 = DIRECTION('',(0.,0.,1.));
#238 = ORIENTED_EDGE('',*,*,#96,.F.);
#239 = ORIENTED_EDGE('',*,*,#31,.F.);
#240 = CYLINDRICAL_SURFACE('',#241,4.);
#241 = AXIS2_PLACEMENT_3D('',#242,#243,#244);
#242 = CARTESIAN_POINT('',(4.,4.,0.));
#243 = DIRECTION('',(0.,0.,1.));
#244 = DIRECTION('',(-1.,0.,0.));
#245 = ADVANCED_FACE('',(#246),#265,.T.);
#246 = FACE_BOUND('',#247,.F.);
#247 = EDGE_LOOP('',(#248,#257,#263,#264));
#248 = ORIENTED_EDGE('',*,*,#249,.T.);
#249 = EDGE_CURVE('',#40,#250,#252,.T.);
#250 = VERTEX_POINT('',#251);
#251 = CARTESIAN_POINT('',(4.,192.2,0.));
#252 = CIRCLE('',#253,4.);
#253 = AXIS2_PLACEMENT_3D('',#254,#255,#256);
#254 = CARTESIAN_POINT('',(4.,188.2,0.));
#255 = DIRECTION('',(-0.,-0.,-1.));
#256 = DIRECTION('',(0.,-1.,0.));
#257 = ORIENTED_EDGE('',*,*,#258,.T.);
#258 = EDGE_CURVE('',#250,#81,#259,.T.);
#259 = LINE('',#260,#261);
#260 = CARTESIAN_POINT('',(4.,192.2,0.));
#261 = VECTOR('',#262,1.);
#262 = DIRECTION('',(0.,0.,1.));
#263 = ORIENTED_EDGE('',*,*,#88,.F.);
#264 = ORIENTED_EDGE('',*,*,#47,.F.);
#265 = CYLINDRICAL_SURFACE('',#266,4.);
#266 = AXIS2_PLACEMENT_3D('',#267,#268,#269);
#267 = CARTESIAN_POINT('',(4.,188.2,0.));
#268 = DIRECTION('',(0.,0.,1.));
#269 = DIRECTION('',(-1.,0.,0.));
#270 = ADVANCED_FACE('',(#271,#316),#350,.F.);
#271 = FACE_BOUND('',#272,.F.);
#272 = EDGE_LOOP('',(#273,#274,#275,#283,#292,#300,#309,#315));
#273 = ORIENTED_EDGE('',*,*,#39,.F.);
#274 = ORIENTED_EDGE('',*,*,#224,.T.);
#275 = ORIENTED_EDGE('',*,*,#276,.T.);
#276 = EDGE_CURVE('',#225,#277,#279,.T.);
#277 = VERTEX_POINT('',#278);
#278 = CARTESIAN_POINT('',(146.8,-8.881784197001E-16,0.));
#279 = LINE('',#280,#281);
#280 = CARTESIAN_POINT('',(0.,0.,0.));
#281 = VECTOR('',#282,1.);
#282 = DIRECTION('',(1.,0.,0.));
#283 = ORIENTED_EDGE('',*,*,#284,.T.);
#284 = EDGE_CURVE('',#277,#285,#287,.T.);
#285 = VERTEX_POINT('',#286);
#286 = CARTESIAN_POINT('',(150.8,4.,0.));
#287 = CIRCLE('',#288,4.);
#288 = AXIS2_PLACEMENT_3D('',#289,#290,#291);
#289 = CARTESIAN_POINT('',(146.8,4.,0.));
#290 = DIRECTION('',(-0.,0.,1.));
#291 = DIRECTION('',(0.,-1.,0.));
#292 = ORIENTED_EDGE('',*,*,#293,.T.);
#293 = EDGE_CURVE('',#285,#294,#296,.T.);
#294 = VERTEX_POINT('',#295);
#295 = CARTESIAN_POINT('',(150.8,188.2,0.));
#296 = LINE('',#297,#298);
#297 = CARTESIAN_POINT('',(150.8,0.,0.));
#298 = VECTOR('',#299,1.);
#299 = DIRECTION('',(0.,1.,0.));
#300 = ORIENTED_EDGE('',*,*,#301,.F.);
#301 = EDGE_CURVE('',#302,#294,#304,.T.);
#302 = VERTEX_POINT('',#303);
#303 = CARTESIAN_POINT('',(146.8,192.2,0.));
#304 = CIRCLE('',#305,4.);
#305 = AXIS2_PLACEMENT_3D('',#306,#307,#308);
#306 = CARTESIAN_POINT('',(146.8,188.2,0.));
#307 = DIRECTION('',(-0.,-0.,-1.));
#308 = DIRECTION('',(0.,-1.,0.));
#309 = ORIENTED_EDGE('',*,*,#310,.F.);
#310 = EDGE_CURVE('',#250,#302,#311,.T.);
#311 = LINE('',#312,#313);
#312 = CARTESIAN_POINT('',(0.,192.2,0.));
#313 = VECTOR('',#314,1.);
#314 = DIRECTION('',(1.,0.,0.));
#315 = ORIENTED_EDGE('',*,*,#249,.F.);
#316 = FACE_BOUND('',#317,.F.);
#317 = EDGE_LOOP('',(#318,#328,#336,#344));
#318 = ORIENTED_EDGE('',*,*,#319,.T.);
#319 = EDGE_CURVE('',#320,#322,#324,.T.);
#320 = VERTEX_POINT('',#321);
#321 = CARTESIAN_POINT('',(121.3,36.5,0.));
#322 = VERTEX_POINT('',#323);
#323 = CARTESIAN_POINT('',(29.5,36.5,0.));
#324 = LINE('',#325,#326);
#325 = CARTESIAN_POINT('',(14.75,36.5,0.));
#326 = VECTOR('',#327,1.);
#327 = DIRECTION('',(-1.,0.,0.));
#328 = ORIENTED_EDGE('',*,*,#329,.T.);
#329 = EDGE_CURVE('',#322,#330,#332,.T.);
#330 = VERTEX_POINT('',#331);
#331 = CARTESIAN_POINT('',(29.5,160.1,0.));
#332 = LINE('',#333,#334);
#333 = CARTESIAN_POINT('',(29.5,18.25,0.));
#334 = VECTOR('',#335,1.);
#335 = DIRECTION('',(0.,1.,0.));
#336 = ORIENTED_EDGE('',*,*,#337,.F.);
#337 = EDGE_CURVE('',#338,#330,#340,.T.);
#338 = VERTEX_POINT('',#339);
#339 = CARTESIAN_POINT('',(121.3,160.1,0.));
#340 = LINE('',#341,#342);
#341 = CARTESIAN_POINT('',(14.75,160.1,0.));
#342 = VECTOR('',#343,1.);
#343 = DIRECTION('',(-1.,0.,0.));
#344 = ORIENTED_EDGE('',*,*,#345,.F.);
#345 = EDGE_CURVE('',#320,#338,#346,.T.);
#346 = LINE('',#347,#348);
#347 = CARTESIAN_POINT('',(121.3,18.25,0.));
#348 = VECTOR('',#349,1.);
#349 = DIRECTION('',(0.,1.,0.));
#350 = PLANE('',#351);
#351 = AXIS2_PLACEMENT_3D('',#352,#353,#354);
#352 = CARTESIAN_POINT('',(0.,0.,0.));
#353 = DIRECTION('',(0.,0.,1.));
#354 = DIRECTION('',(1.,0.,0.));
#355 = ADVANCED_FACE('',(#356),#372,.T.);
#356 = FACE_BOUND('',#357,.T.);
#357 = EDGE_LOOP('',(#358,#359,#365,#366));
#358 = ORIENTED_EDGE('',*,*,#61,.F.);
#359 = ORIENTED_EDGE('',*,*,#360,.F.);
#360 = EDGE_CURVE('',#285,#62,#361,.T.);
#361 = LINE('',#362,#363);
#362 = CARTESIAN_POINT('',(150.8,4.,0.));
#363 = VECTOR('',#364,1.);
#364 = DIRECTION('',(0.,0.,1.));
#365 = ORIENTED_EDGE('',*,*,#293,.T.);
#366 = ORIENTED_EDGE('',*,*,#367,.T.);
#367 = EDGE_CURVE('',#294,#64,#368,.T.);
#368 = LINE('',#369,#370);
#369 = CARTESIAN_POINT('',(150.8,188.2,0.));
#370 = VECTOR('',#371,1.);
#371 = DIRECTION('',(0.,0.,1.));
#372 = PLANE('',#373);
#373 = AXIS2_PLACEMENT_3D('',#374,#375,#376);
#374 = CARTESIAN_POINT('',(150.8,0.,0.));
#375 = DIRECTION('',(1.,0.,0.));
#376 = DIRECTION('',(0.,0.,1.));
#377 = ADVANCED_FACE('',(#378),#389,.T.);
#378 = FACE_BOUND('',#379,.T.);
#379 = EDGE_LOOP('',(#380,#381,#382,#383));
#380 = ORIENTED_EDGE('',*,*,#284,.T.);
#381 = ORIENTED_EDGE('',*,*,#360,.T.);
#382 = ORIENTED_EDGE('',*,*,#209,.F.);
#383 = ORIENTED_EDGE('',*,*,#384,.F.);
#384 = EDGE_CURVE('',#277,#202,#385,.T.);
#385 = LINE('',#386,#387);
#386 = CARTESIAN_POINT('',(146.8,-8.881784197001E-16,0.));
#387 = VECTOR('',#388,1.);
#388 = DIRECTION('',(0.,0.,1.));
#389 = CYLINDRICAL_SURFACE('',#390,4.);
#390 = AXIS2_PLACEMENT_3D('',#391,#392,#393);
#391 = CARTESIAN_POINT('',(146.8,4.,0.));
#392 = DIRECTION('',(0.,0.,1.));
#393 = DIRECTION('',(0.,-1.,0.));
#394 = ADVANCED_FACE('',(#395),#406,.T.);
#395 = FACE_BOUND('',#396,.F.);
#396 = EDGE_LOOP('',(#397,#398,#399,#400));
#397 = ORIENTED_EDGE('',*,*,#301,.T.);
#398 = ORIENTED_EDGE('',*,*,#367,.T.);
#399 = ORIENTED_EDGE('',*,*,#71,.F.);
#400 = ORIENTED_EDGE('',*,*,#401,.F.);
#401 = EDGE_CURVE('',#302,#72,#402,.T.);
#402 = LINE('',#403,#404);
#403 = CARTESIAN_POINT('',(146.8,192.2,0.));
#404 = VECTOR('',#405,1.);
#405 = DIRECTION('',(0.,0.,1.));
#406 = CYLINDRICAL_SURFACE('',#407,4.);
#407 = AXIS2_PLACEMENT_3D('',#408,#409,#410);
#408 = CARTESIAN_POINT('',(146.8,188.2,0.));
#409 = DIRECTION('',(0.,0.,1.));
#410 = DIRECTION('',(0.,1.,0.));
#411 = ADVANCED_FACE('',(#412),#441,.F.);
#412 = FACE_BOUND('',#413,.F.);
#413 = EDGE_LOOP('',(#414,#415,#416,#417,#418,#419,#427,#435));
#414 = ORIENTED_EDGE('',*,*,#201,.T.);
#415 = ORIENTED_EDGE('',*,*,#384,.F.);
#416 = ORIENTED_EDGE('',*,*,#276,.F.);
#417 = ORIENTED_EDGE('',*,*,#233,.T.);
#418 = ORIENTED_EDGE('',*,*,#105,.T.);
#419 = ORIENTED_EDGE('',*,*,#420,.T.);
#420 = EDGE_CURVE('',#106,#421,#423,.T.);
#421 = VERTEX_POINT('',#422);
#422 = CARTESIAN_POINT('',(80.4,0.,2.95));
#423 = LINE('',#424,#425);
#424 = CARTESIAN_POINT('',(80.4,0.,1.475));
#425 = VECTOR('',#426,1.);
#426 = DIRECTION('',(0.,0.,-1.));
#427 = ORIENTED_EDGE('',*,*,#428,.T.);
#428 = EDGE_CURVE('',#421,#429,#431,.T.);
#429 = VERTEX_POINT('',#430);
#430 = CARTESIAN_POINT('',(94.4,0.,2.95));
#431 = LINE('',#432,#433);
#432 = CARTESIAN_POINT('',(40.2,0.,2.95));
#433 = VECTOR('',#434,1.);
#434 = DIRECTION('',(1.,0.,0.));
#435 = ORIENTED_EDGE('',*,*,#436,.F.);
#436 = EDGE_CURVE('',#194,#429,#437,.T.);
#437 = LINE('',#438,#439);
#438 = CARTESIAN_POINT('',(94.4,0.,1.475));
#439 = VECTOR('',#440,1.);
#440 = DIRECTION('',(0.,0.,-1.));
#441 = PLANE('',#442);
#442 = AXIS2_PLACEMENT_3D('',#443,#444,#445);
#443 = CARTESIAN_POINT('',(0.,0.,0.));
#444 = DIRECTION('',(0.,1.,0.));
#445 = DIRECTION('',(0.,0.,1.));
#446 = ADVANCED_FACE('',(#447),#453,.T.);
#447 = FACE_BOUND('',#448,.T.);
#448 = EDGE_LOOP('',(#449,#450,#451,#452));
#449 = ORIENTED_EDGE('',*,*,#310,.F.);
#450 = ORIENTED_EDGE('',*,*,#258,.T.);
#451 = ORIENTED_EDGE('',*,*,#80,.T.);
#452 = ORIENTED_EDGE('',*,*,#401,.F.);
#453 = PLANE('',#454);
#454 = AXIS2_PLACEMENT_3D('',#455,#456,#457);
#455 = CARTESIAN_POINT('',(0.,192.2,0.));
#456 = DIRECTION('',(0.,1.,0.));
#457 = DIRECTION('',(0.,0.,1.));
#458 = ADVANCED_FACE('',(#459),#477,.F.);
#459 = FACE_BOUND('',#460,.F.);
#460 = EDGE_LOOP('',(#461,#462,#463,#471));
#461 = ORIENTED_EDGE('',*,*,#193,.F.);
#462 = ORIENTED_EDGE('',*,*,#436,.T.);
#463 = ORIENTED_EDGE('',*,*,#464,.T.);
#464 = EDGE_CURVE('',#429,#465,#467,.T.);
#465 = VERTEX_POINT('',#466);
#466 = CARTESIAN_POINT('',(94.4,10.,2.95));
#467 = LINE('',#468,#469);
#468 = CARTESIAN_POINT('',(94.4,-5.E-02,2.95));
#469 = VECTOR('',#470,1.);
#470 = DIRECTION('',(0.,1.,0.));
#471 = ORIENTED_EDGE('',*,*,#472,.T.);
#472 = EDGE_CURVE('',#465,#186,#473,.T.);
#473 = LINE('',#474,#475);
#474 = CARTESIAN_POINT('',(94.4,10.,2.95));
#475 = VECTOR('',#476,1.);
#476 = DIRECTION('',(0.,0.,1.));
#477 = PLANE('',#478);
#478 = AXIS2_PLACEMENT_3D('',#479,#480,#481);
#479 = CARTESIAN_POINT('',(94.4,-5.E-02,2.95));
#480 = DIRECTION('',(1.,0.,0.));
#481 = DIRECTION('',(0.,0.,1.));
#482 = ADVANCED_FACE('',(#483),#501,.T.);
#483 = FACE_BOUND('',#484,.T.);
#484 = EDGE_LOOP('',(#485,#493,#494,#495));
#485 = ORIENTED_EDGE('',*,*,#486,.F.);
#486 = EDGE_CURVE('',#465,#487,#489,.T.);
#487 = VERTEX_POINT('',#488);
#488 = CARTESIAN_POINT('',(119.925,10.,2.95));
#489 = LINE('',#490,#491);
#490 = CARTESIAN_POINT('',(30.875,10.,2.95));
#491 = VECTOR('',#492,1.);
#492 = DIRECTION('',(1.,0.,0.));
#493 = ORIENTED_EDGE('',*,*,#472,.T.);
#494 = ORIENTED_EDGE('',*,*,#185,.F.);
#495 = ORIENTED_EDGE('',*,*,#496,.F.);
#496 = EDGE_CURVE('',#487,#178,#497,.T.);
#497 = LINE('',#498,#499);
#498 = CARTESIAN_POINT('',(119.925,10.,2.95));
#499 = VECTOR('',#500,1.);
#500 = DIRECTION('',(0.,0.,1.));
#501 = PLANE('',#502);
#502 = AXIS2_PLACEMENT_3D('',#503,#504,#505);
#503 = CARTESIAN_POINT('',(30.875,10.,2.95));
#504 = DIRECTION('',(0.,1.,0.));
#505 = DIRECTION('',(0.,0.,1.));
#506 = ADVANCED_FACE('',(#507),#525,.F.);
#507 = FACE_BOUND('',#508,.F.);
#508 = EDGE_LOOP('',(#509,#510,#518,#524));
#509 = ORIENTED_EDGE('',*,*,#496,.F.);
#510 = ORIENTED_EDGE('',*,*,#511,.T.);
#511 = EDGE_CURVE('',#487,#512,#514,.T.);
#512 = VERTEX_POINT('',#513);
#513 = CARTESIAN_POINT('',(119.925,12.,2.95));
#514 = LINE('',#515,#516);
#515 = CARTESIAN_POINT('',(119.925,10.,2.95));
#516 = VECTOR('',#517,1.);
#517 = DIRECTION('',(0.,1.,0.));
#518 = ORIENTED_EDGE('',*,*,#519,.F.);
#519 = EDGE_CURVE('',#170,#512,#520,.T.);
#520 = LINE('',#521,#522);
#521 = CARTESIAN_POINT('',(119.925,12.,2.95));
#522 = VECTOR('',#523,1.);
#523 = DIRECTION('',(0.,0.,-1.));
#524 = ORIENTED_EDGE('',*,*,#177,.F.);
#525 = PLANE('',#526);
#526 = AXIS2_PLACEMENT_3D('',#527,#528,#529);
#527 = CARTESIAN_POINT('',(119.925,10.,2.95));
#528 = DIRECTION('',(1.,0.,0.));
#529 = DIRECTION('',(0.,0.,1.));
#530 = ADVANCED_FACE('',(#531),#549,.T.);
#531 = FACE_BOUND('',#532,.T.);
#532 = EDGE_LOOP('',(#533,#541,#547,#548));
#533 = ORIENTED_EDGE('',*,*,#534,.F.);
#534 = EDGE_CURVE('',#535,#162,#537,.T.);
#535 = VERTEX_POINT('',#536);
#536 = CARTESIAN_POINT('',(134.925,12.,2.95));
#537 = LINE('',#538,#539);
#538 = CARTESIAN_POINT('',(134.925,12.,2.95));
#539 = VECTOR('',#540,1.);
#540 = DIRECTION('',(0.,0.,1.));
#541 = ORIENTED_EDGE('',*,*,#542,.F.);
#542 = EDGE_CURVE('',#512,#535,#543,.T.);
#543 = LINE('',#544,#545);
#544 = CARTESIAN_POINT('',(15.875,12.,2.95));
#545 = VECTOR('',#546,1.);
#546 = DIRECTION('',(1.,0.,0.));
#547 = ORIENTED_EDGE('',*,*,#519,.F.);
#548 = ORIENTED_EDGE('',*,*,#169,.F.);
#549 = PLANE('',#550);
#550 = AXIS2_PLACEMENT_3D('',#551,#552,#553);
#551 = CARTESIAN_POINT('',(15.875,12.,2.95));
#552 = DIRECTION('',(0.,1.,0.));
#553 = DIRECTION('',(0.,0.,1.));
#554 = ADVANCED_FACE('',(#555),#573,.F.);
#555 = FACE_BOUND('',#556,.F.);
#556 = EDGE_LOOP('',(#557,#558,#566,#572));
#557 = ORIENTED_EDGE('',*,*,#534,.F.);
#558 = ORIENTED_EDGE('',*,*,#559,.T.);
#559 = EDGE_CURVE('',#535,#560,#562,.T.);
#560 = VERTEX_POINT('',#561);
#561 = CARTESIAN_POINT('',(134.925,180.2,2.95));
#562 = LINE('',#563,#564);
#563 = CARTESIAN_POINT('',(134.925,12.,2.95));
#564 = VECTOR('',#565,1.);
#565 = DIRECTION('',(0.,1.,0.));
#566 = ORIENTED_EDGE('',*,*,#567,.T.);
#567 = EDGE_CURVE('',#560,#154,#568,.T.);
#568 = LINE('',#569,#570);
#569 = CARTESIAN_POINT('',(134.925,180.2,2.95));
#570 = VECTOR('',#571,1.);
#571 = DIRECTION('',(0.,0.,1.));
#572 = ORIENTED_EDGE('',*,*,#161,.F.);
#573 = PLANE('',#574);
#574 = AXIS2_PLACEMENT_3D('',#575,#576,#577);
#575 = CARTESIAN_POINT('',(134.925,12.,2.95));
#576 = DIRECTION('',(1.,0.,0.));
#577 = DIRECTION('',(0.,0.,1.));
#578 = ADVANCED_FACE('',(#579),#597,.T.);
#579 = FACE_BOUND('',#580,.T.);
#580 = EDGE_LOOP('',(#581,#582,#583,#591));
#581 = ORIENTED_EDGE('',*,*,#113,.F.);
#582 = ORIENTED_EDGE('',*,*,#420,.T.);
#583 = ORIENTED_EDGE('',*,*,#584,.T.);
#584 = EDGE_CURVE('',#421,#585,#587,.T.);
#585 = VERTEX_POINT('',#586);
#586 = CARTESIAN_POINT('',(80.4,10.,2.95));
#587 = LINE('',#588,#589);
#588 = CARTESIAN_POINT('',(80.4,-5.E-02,2.95));
#589 = VECTOR('',#590,1.);
#590 = DIRECTION('',(0.,1.,0.));
#591 = ORIENTED_EDGE('',*,*,#592,.T.);
#592 = EDGE_CURVE('',#585,#114,#593,.T.);
#593 = LINE('',#594,#595);
#594 = CARTESIAN_POINT('',(80.4,10.,2.95));
#595 = VECTOR('',#596,1.);
#596 = DIRECTION('',(0.,0.,1.));
#597 = PLANE('',#598);
#598 = AXIS2_PLACEMENT_3D('',#599,#600,#601);
#599 = CARTESIAN_POINT('',(80.4,-5.E-02,2.95));
#600 = DIRECTION('',(1.,0.,0.));
#601 = DIRECTION('',(0.,0.,1.));
#602 = ADVANCED_FACE('',(#603),#621,.F.);
#603 = FACE_BOUND('',#604,.F.);
#604 = EDGE_LOOP('',(#605,#606,#614,#620));
#605 = ORIENTED_EDGE('',*,*,#567,.F.);
#606 = ORIENTED_EDGE('',*,*,#607,.F.);
#607 = EDGE_CURVE('',#608,#560,#610,.T.);
#608 = VERTEX_POINT('',#609);
#609 = CARTESIAN_POINT('',(15.875,180.2,2.95));
#610 = LINE('',#611,#612);
#611 = CARTESIAN_POINT('',(15.875,180.2,2.95));
#612 = VECTOR('',#613,1.);
#613 = DIRECTION('',(1.,0.,0.));
#614 = ORIENTED_EDGE('',*,*,#615,.T.);
#615 = EDGE_CURVE('',#608,#146,#616,.T.);
#616 = LINE('',#617,#618);
#617 = CARTESIAN_POINT('',(15.875,180.2,2.95));
#618 = VECTOR('',#619,1.);
#619 = DIRECTION('',(0.,0.,1.));
#620 = ORIENTED_EDGE('',*,*,#153,.F.);
#621 = PLANE('',#622);
#622 = AXIS2_PLACEMENT_3D('',#623,#624,#625);
#623 = CARTESIAN_POINT('',(15.875,180.2,2.95));
#624 = DIRECTION('',(0.,1.,0.));
#625 = DIRECTION('',(0.,0.,1.));
#626 = ADVANCED_FACE('',(#627),#645,.T.);
#627 = FACE_BOUND('',#628,.T.);
#628 = EDGE_LOOP('',(#629,#637,#643,#644));
#629 = ORIENTED_EDGE('',*,*,#630,.F.);
#630 = EDGE_CURVE('',#631,#585,#633,.T.);
#631 = VERTEX_POINT('',#632);
#632 = CARTESIAN_POINT('',(30.875,10.,2.95));
#633 = LINE('',#634,#635);
#634 = CARTESIAN_POINT('',(30.875,10.,2.95));
#635 = VECTOR('',#636,1.);
#636 = DIRECTION('',(1.,0.,0.));
#637 = ORIENTED_EDGE('',*,*,#638,.T.);
#638 = EDGE_CURVE('',#631,#122,#639,.T.);
#639 = LINE('',#640,#641);
#640 = CARTESIAN_POINT('',(30.875,10.,2.95));
#641 = VECTOR('',#642,1.);
#642 = DIRECTION('',(0.,0.,1.));
#643 = ORIENTED_EDGE('',*,*,#121,.F.);
#644 = ORIENTED_EDGE('',*,*,#592,.F.);
#645 = PLANE('',#646);
#646 = AXIS2_PLACEMENT_3D('',#647,#648,#649);
#647 = CARTESIAN_POINT('',(30.875,10.,2.95));
#648 = DIRECTION('',(0.,1.,0.));
#649 = DIRECTION('',(0.,0.,1.));
#650 = ADVANCED_FACE('',(#651),#669,.T.);
#651 = FACE_BOUND('',#652,.T.);
#652 = EDGE_LOOP('',(#653,#661,#667,#668));
#653 = ORIENTED_EDGE('',*,*,#654,.F.);
#654 = EDGE_CURVE('',#655,#138,#657,.T.);
#655 = VERTEX_POINT('',#656);
#656 = CARTESIAN_POINT('',(15.875,12.,2.95));
#657 = LINE('',#658,#659);
#658 = CARTESIAN_POINT('',(15.875,12.,2.95));
#659 = VECTOR('',#660,1.);
#660 = DIRECTION('',(0.,0.,1.));
#661 = ORIENTED_EDGE('',*,*,#662,.T.);
#662 = EDGE_CURVE('',#655,#608,#663,.T.);
#663 = LINE('',#664,#665);
#664 = CARTESIAN_POINT('',(15.875,12.,2.95));
#665 = VECTOR('',#666,1.);
#666 = DIRECTION('',(0.,1.,0.));
#667 = ORIENTED_EDGE('',*,*,#615,.T.);
#668 = ORIENTED_EDGE('',*,*,#145,.F.);
#669 = PLANE('',#670);
#670 = AXIS2_PLACEMENT_3D('',#671,#672,#673);
#671 = CARTESIAN_POINT('',(15.875,12.,2.95));
#672 = DIRECTION('',(1.,0.,0.));
#673 = DIRECTION('',(0.,0.,1.));
#674 = ADVANCED_FACE('',(#675),#693,.T.);
#675 = FACE_BOUND('',#676,.T.);
#676 = EDGE_LOOP('',(#677,#678,#686,#692));
#677 = ORIENTED_EDGE('',*,*,#638,.F.);
#678 = ORIENTED_EDGE('',*,*,#679,.T.);
#679 = EDGE_CURVE('',#631,#680,#682,.T.);
#680 = VERTEX_POINT('',#681);
#681 = CARTESIAN_POINT('',(30.875,12.,2.95));
#682 = LINE('',#683,#684);
#683 = CARTESIAN_POINT('',(30.875,10.,2.95));
#684 = VECTOR('',#685,1.);
#685 = DIRECTION('',(0.,1.,0.));
#686 = ORIENTED_EDGE('',*,*,#687,.F.);
#687 = EDGE_CURVE('',#130,#680,#688,.T.);
#688 = LINE('',#689,#690);
#689 = CARTESIAN_POINT('',(30.875,12.,2.95));
#690 = VECTOR('',#691,1.);
#691 = DIRECTION('',(0.,0.,-1.));
#692 = ORIENTED_EDGE('',*,*,#129,.F.);
#693 = PLANE('',#694);
#694 = AXIS2_PLACEMENT_3D('',#695,#696,#697);
#695 = CARTESIAN_POINT('',(30.875,10.,2.95));
#696 = DIRECTION('',(1.,0.,0.));
#697 = DIRECTION('',(0.,0.,1.));
#698 = ADVANCED_FACE('',(#699),#710,.T.);
#699 = FACE_BOUND('',#700,.T.);
#700 = EDGE_LOOP('',(#701,#702,#703,#709));
#701 = ORIENTED_EDGE('',*,*,#137,.F.);
#702 = ORIENTED_EDGE('',*,*,#687,.T.);
#703 = ORIENTED_EDGE('',*,*,#704,.F.);
#704 = EDGE_CURVE('',#655,#680,#705,.T.);
#705 = LINE('',#706,#707);
#706 = CARTESIAN_POINT('',(15.875,12.,2.95));
#707 = VECTOR('',#708,1.);
#708 = DIRECTION('',(1.,0.,0.));
#709 = ORIENTED_EDGE('',*,*,#654,.T.);
#710 = PLANE('',#711);
#711 = AXIS2_PLACEMENT_3D('',#712,#713,#714);
#712 = CARTESIAN_POINT('',(15.875,12.,2.95));
#713 = DIRECTION('',(0.,1.,0.));
#714 = DIRECTION('',(0.,0.,1.));
#715 = ADVANCED_FACE('',(#716),#741,.T.);
#716 = FACE_BOUND('',#717,.T.);
#717 = EDGE_LOOP('',(#718,#726,#727,#735));
#718 = ORIENTED_EDGE('',*,*,#719,.F.);
#719 = EDGE_CURVE('',#320,#720,#722,.T.);
#720 = VERTEX_POINT('',#721);
#721 = CARTESIAN_POINT('',(121.3,36.5,2.95));
#722 = LINE('',#723,#724);
#723 = CARTESIAN_POINT('',(121.3,36.5,-5.E-02));
#724 = VECTOR('',#725,1.);
#725 = DIRECTION('',(0.,0.,1.));
#726 = ORIENTED_EDGE('',*,*,#319,.T.);
#727 = ORIENTED_EDGE('',*,*,#728,.T.);
#728 = EDGE_CURVE('',#322,#729,#731,.T.);
#729 = VERTEX_POINT('',#730);
#730 = CARTESIAN_POINT('',(29.5,36.5,2.95));
#731 = LINE('',#732,#733);
#732 = CARTESIAN_POINT('',(29.5,36.5,-5.E-02));
#733 = VECTOR('',#734,1.);
#734 = DIRECTION('',(0.,0.,1.));
#735 = ORIENTED_EDGE('',*,*,#736,.T.);
#736 = EDGE_CURVE('',#729,#720,#737,.T.);
#737 = LINE('',#738,#739);
#738 = CARTESIAN_POINT('',(22.6875,36.5,2.95));
#739 = VECTOR('',#740,1.);
#740 = DIRECTION('',(1.,0.,0.));
#741 = PLANE('',#742);
#742 = AXIS2_PLACEMENT_3D('',#743,#744,#745);
#743 = CARTESIAN_POINT('',(29.5,36.5,-5.E-02));
#744 = DIRECTION('',(0.,1.,0.));
#745 = DIRECTION('',(0.,0.,1.));
#746 = ADVANCED_FACE('',(#747),#765,.F.);
#747 = FACE_BOUND('',#748,.F.);
#748 = EDGE_LOOP('',(#749,#750,#751,#759));
#749 = ORIENTED_EDGE('',*,*,#719,.F.);
#750 = ORIENTED_EDGE('',*,*,#345,.T.);
#751 = ORIENTED_EDGE('',*,*,#752,.T.);
#752 = EDGE_CURVE('',#338,#753,#755,.T.);
#753 = VERTEX_POINT('',#754);
#754 = CARTESIAN_POINT('',(121.3,160.1,2.95));
#755 = LINE('',#756,#757);
#756 = CARTESIAN_POINT('',(121.3,160.1,-5.E-02));
#757 = VECTOR('',#758,1.);
#758 = DIRECTION('',(0.,0.,1.));
#759 = ORIENTED_EDGE('',*,*,#760,.T.);
#760 = EDGE_CURVE('',#753,#720,#761,.T.);
#761 = LINE('',#762,#763);
#762 = CARTESIAN_POINT('',(121.3,24.25,2.95));
#763 = VECTOR('',#764,1.);
#764 = DIRECTION('',(0.,-1.,0.));
#765 = PLANE('',#766);
#766 = AXIS2_PLACEMENT_3D('',#767,#768,#769);
#767 = CARTESIAN_POINT('',(121.3,36.5,-5.E-02));
#768 = DIRECTION('',(1.,0.,0.));
#769 = DIRECTION('',(0.,0.,1.));
#770 = ADVANCED_FACE('',(#771),#789,.F.);
#771 = FACE_BOUND('',#772,.F.);
#772 = EDGE_LOOP('',(#773,#774,#775,#783));
#773 = ORIENTED_EDGE('',*,*,#752,.F.);
#774 = ORIENTED_EDGE('',*,*,#337,.T.);
#775 = ORIENTED_EDGE('',*,*,#776,.T.);
#776 = EDGE_CURVE('',#330,#777,#779,.T.);
#777 = VERTEX_POINT('',#778);
#778 = CARTESIAN_POINT('',(29.5,160.1,2.95));
#779 = LINE('',#780,#781);
#780 = CARTESIAN_POINT('',(29.5,160.1,-5.E-02));
#781 = VECTOR('',#782,1.);
#782 = DIRECTION('',(0.,0.,1.));
#783 = ORIENTED_EDGE('',*,*,#784,.T.);
#784 = EDGE_CURVE('',#777,#753,#785,.T.);
#785 = LINE('',#786,#787);
#786 = CARTESIAN_POINT('',(22.6875,160.1,2.95));
#787 = VECTOR('',#788,1.);
#788 = DIRECTION('',(1.,0.,0.));
#789 = PLANE('',#790);
#790 = AXIS2_PLACEMENT_3D('',#791,#792,#793);
#791 = CARTESIAN_POINT('',(29.5,160.1,-5.E-02));
#792 = DIRECTION('',(0.,1.,0.));
#793 = DIRECTION('',(0.,0.,1.));
#794 = ADVANCED_FACE('',(#795),#806,.T.);
#795 = FACE_BOUND('',#796,.T.);
#796 = EDGE_LOOP('',(#797,#798,#799,#800));
#797 = ORIENTED_EDGE('',*,*,#728,.F.);
#798 = ORIENTED_EDGE('',*,*,#329,.T.);
#799 = ORIENTED_EDGE('',*,*,#776,.T.);
#800 = ORIENTED_EDGE('',*,*,#801,.T.);
#801 = EDGE_CURVE('',#777,#729,#802,.T.);
#802 = LINE('',#803,#804);
#803 = CARTESIAN_POINT('',(29.5,24.25,2.95));
#804 = VECTOR('',#805,1.);
#805 = DIRECTION('',(0.,-1.,0.));
#806 = PLANE('',#807);
#807 = AXIS2_PLACEMENT_3D('',#808,#809,#810);
#808 = CARTESIAN_POINT('',(29.5,36.5,-5.E-02));
#809 = DIRECTION('',(1.,0.,0.));
#810 = DIRECTION('',(0.,0.,1.));
#811 = ADVANCED_FACE('',(#812),#823,.T.);
#812 = FACE_BOUND('',#813,.T.);
#813 = EDGE_LOOP('',(#814,#820,#821,#822));
#814 = ORIENTED_EDGE('',*,*,#815,.F.);
#815 = EDGE_CURVE('',#585,#465,#816,.T.);
#816 = LINE('',#817,#818);
#817 = CARTESIAN_POINT('',(30.875,10.,2.95));
#818 = VECTOR('',#819,1.);
#819 = DIRECTION('',(1.,0.,0.));
#820 = ORIENTED_EDGE('',*,*,#584,.F.);
#821 = ORIENTED_EDGE('',*,*,#428,.T.);
#822 = ORIENTED_EDGE('',*,*,#464,.T.);
#823 = PLANE('',#824);
#824 = AXIS2_PLACEMENT_3D('',#825,#826,#827);
#825 = CARTESIAN_POINT('',(80.4,-5.E-02,2.95));
#826 = DIRECTION('',(0.,0.,1.));
#827 = DIRECTION('',(1.,0.,0.));
#828 = ADVANCED_FACE('',(#829),#847,.T.);
#829 = FACE_BOUND('',#830,.T.);
#830 = EDGE_LOOP('',(#831,#839,#840,#841));
#831 = ORIENTED_EDGE('',*,*,#832,.F.);
#832 = EDGE_CURVE('',#465,#833,#835,.T.);
#833 = VERTEX_POINT('',#834);
#834 = CARTESIAN_POINT('',(94.4,12.,2.95));
#835 = LINE('',#836,#837);
#836 = CARTESIAN_POINT('',(94.4,-5.E-02,2.95));
#837 = VECTOR('',#838,1.);
#838 = DIRECTION('',(0.,1.,0.));
#839 = ORIENTED_EDGE('',*,*,#486,.T.);
#840 = ORIENTED_EDGE('',*,*,#511,.T.);
#841 = ORIENTED_EDGE('',*,*,#842,.F.);
#842 = EDGE_CURVE('',#833,#512,#843,.T.);
#843 = LINE('',#844,#845);
#844 = CARTESIAN_POINT('',(15.875,12.,2.95));
#845 = VECTOR('',#846,1.);
#846 = DIRECTION('',(1.,0.,0.));
#847 = PLANE('',#848);
#848 = AXIS2_PLACEMENT_3D('',#849,#850,#851);
#849 = CARTESIAN_POINT('',(30.875,10.,2.95));
#850 = DIRECTION('',(0.,0.,1.));
#851 = DIRECTION('',(1.,0.,0.));
#852 = ADVANCED_FACE('',(#853,#882),#888,.T.);
#853 = FACE_BOUND('',#854,.T.);
#854 = EDGE_LOOP('',(#855,#856,#857,#858,#859,#867,#875,#881));
#855 = ORIENTED_EDGE('',*,*,#559,.T.);
#856 = ORIENTED_EDGE('',*,*,#607,.F.);
#857 = ORIENTED_EDGE('',*,*,#662,.F.);
#858 = ORIENTED_EDGE('',*,*,#704,.T.);
#859 = ORIENTED_EDGE('',*,*,#860,.T.);
#860 = EDGE_CURVE('',#680,#861,#863,.T.);
#861 = VERTEX_POINT('',#862);
#862 = CARTESIAN_POINT('',(30.875,12.7,2.95));
#863 = LINE('',#864,#865);
#864 = CARTESIAN_POINT('',(30.875,10.,2.95));
#865 = VECTOR('',#866,1.);
#866 = DIRECTION('',(0.,1.,0.));
#867 = ORIENTED_EDGE('',*,*,#868,.T.);
#868 = EDGE_CURVE('',#861,#869,#871,.T.);
#869 = VERTEX_POINT('',#870);
#870 = CARTESIAN_POINT('',(119.925,12.7,2.95));
#871 = LINE('',#872,#873);
#872 = CARTESIAN_POINT('',(30.875,12.7,2.95));
#873 = VECTOR('',#874,1.);
#874 = DIRECTION('',(1.,0.,0.));
#875 = ORIENTED_EDGE('',*,*,#876,.F.);
#876 = EDGE_CURVE('',#512,#869,#877,.T.);
#877 = LINE('',#878,#879);
#878 = CARTESIAN_POINT('',(119.925,10.,2.95));
#879 = VECTOR('',#880,1.);
#880 = DIRECTION('',(0.,1.,0.));
#881 = ORIENTED_EDGE('',*,*,#542,.T.);
#882 = FACE_BOUND('',#883,.T.);
#883 = EDGE_LOOP('',(#884,#885,#886,#887));
#884 = ORIENTED_EDGE('',*,*,#736,.F.);
#885 = ORIENTED_EDGE('',*,*,#801,.F.);
#886 = ORIENTED_EDGE('',*,*,#784,.T.);
#887 = ORIENTED_EDGE('',*,*,#760,.T.);
#888 = PLANE('',#889);
#889 = AXIS2_PLACEMENT_3D('',#890,#891,#892);
#890 = CARTESIAN_POINT('',(15.875,12.,2.95));
#891 = DIRECTION('',(0.,0.,1.));
#892 = DIRECTION('',(1.,0.,0.));
#893 = ADVANCED_FACE('',(#894),#912,.T.);
#894 = FACE_BOUND('',#895,.T.);
#895 = EDGE_LOOP('',(#896,#897,#898,#906));
#896 = ORIENTED_EDGE('',*,*,#679,.F.);
#897 = ORIENTED_EDGE('',*,*,#630,.T.);
#898 = ORIENTED_EDGE('',*,*,#899,.T.);
#899 = EDGE_CURVE('',#585,#900,#902,.T.);
#900 = VERTEX_POINT('',#901);
#901 = CARTESIAN_POINT('',(80.4,12.,2.95));
#902 = LINE('',#903,#904);
#903 = CARTESIAN_POINT('',(80.4,-5.E-02,2.95));
#904 = VECTOR('',#905,1.);
#905 = DIRECTION('',(0.,1.,0.));
#906 = ORIENTED_EDGE('',*,*,#907,.F.);
#907 = EDGE_CURVE('',#680,#900,#908,.T.);
#908 = LINE('',#909,#910);
#909 = CARTESIAN_POINT('',(15.875,12.,2.95));
#910 = VECTOR('',#911,1.);
#911 = DIRECTION('',(1.,0.,0.));
#912 = PLANE('',#913);
#913 = AXIS2_PLACEMENT_3D('',#914,#915,#916);
#914 = CARTESIAN_POINT('',(30.875,10.,2.95));
#915 = DIRECTION('',(0.,0.,1.));
#916 = DIRECTION('',(1.,0.,0.));
#917 = ADVANCED_FACE('',(#918),#929,.T.);
#918 = FACE_BOUND('',#919,.T.);
#919 = EDGE_LOOP('',(#920,#926,#927,#928));
#920 = ORIENTED_EDGE('',*,*,#921,.F.);
#921 = EDGE_CURVE('',#900,#833,#922,.T.);
#922 = LINE('',#923,#924);
#923 = CARTESIAN_POINT('',(15.875,12.,2.95));
#924 = VECTOR('',#925,1.);
#925 = DIRECTION('',(1.,0.,0.));
#926 = ORIENTED_EDGE('',*,*,#899,.F.);
#927 = ORIENTED_EDGE('',*,*,#815,.T.);
#928 = ORIENTED_EDGE('',*,*,#832,.T.);
#929 = PLANE('',#930);
#930 = AXIS2_PLACEMENT_3D('',#931,#932,#933);
#931 = CARTESIAN_POINT('',(80.4,-5.E-02,2.95));
#932 = DIRECTION('',(0.,0.,1.));
#933 = DIRECTION('',(1.,0.,0.));
#934 = ADVANCED_FACE('',(#935),#964,.T.);
#935 = FACE_BOUND('',#936,.T.);
#936 = EDGE_LOOP('',(#937,#938,#939,#940,#941,#942,#950,#958));
#937 = ORIENTED_EDGE('',*,*,#842,.T.);
#938 = ORIENTED_EDGE('',*,*,#876,.T.);
#939 = ORIENTED_EDGE('',*,*,#868,.F.);
#940 = ORIENTED_EDGE('',*,*,#860,.F.);
#941 = ORIENTED_EDGE('',*,*,#907,.T.);
#942 = ORIENTED_EDGE('',*,*,#943,.T.);
#943 = EDGE_CURVE('',#900,#944,#946,.T.);
#944 = VERTEX_POINT('',#945);
#945 = CARTESIAN_POINT('',(80.4,12.65,2.95));
#946 = LINE('',#947,#948);
#947 = CARTESIAN_POINT('',(80.4,-5.E-02,2.95));
#948 = VECTOR('',#949,1.);
#949 = DIRECTION('',(0.,1.,0.));
#950 = ORIENTED_EDGE('',*,*,#951,.T.);
#951 = EDGE_CURVE('',#944,#952,#954,.T.);
#952 = VERTEX_POINT('',#953);
#953 = CARTESIAN_POINT('',(94.4,12.65,2.95));
#954 = LINE('',#955,#956);
#955 = CARTESIAN_POINT('',(80.4,12.65,2.95));
#956 = VECTOR('',#957,1.);
#957 = DIRECTION('',(1.,0.,0.));
#958 = ORIENTED_EDGE('',*,*,#959,.F.);
#959 = EDGE_CURVE('',#833,#952,#960,.T.);
#960 = LINE('',#961,#962);
#961 = CARTESIAN_POINT('',(94.4,-5.E-02,2.95));
#962 = VECTOR('',#963,1.);
#963 = DIRECTION('',(0.,1.,0.));
#964 = PLANE('',#965);
#965 = AXIS2_PLACEMENT_3D('',#966,#967,#968);
#966 = CARTESIAN_POINT('',(15.875,12.,2.95));
#967 = DIRECTION('',(0.,0.,1.));
#968 = DIRECTION('',(1.,0.,0.));
#969 = ADVANCED_FACE('',(#970),#976,.T.);
#970 = FACE_BOUND('',#971,.T.);
#971 = EDGE_LOOP('',(#972,#973,#974,#975));
#972 = ORIENTED_EDGE('',*,*,#943,.F.);
#973 = ORIENTED_EDGE('',*,*,#921,.T.);
#974 = ORIENTED_EDGE('',*,*,#959,.T.);
#975 = ORIENTED_EDGE('',*,*,#951,.F.);
#976 = PLANE('',#977);
#977 = AXIS2_PLACEMENT_3D('',#978,#979,#980);
#978 = CARTESIAN_POINT('',(15.875,12.,2.95));
#979 = DIRECTION('',(0.,0.,1.));
#980 = DIRECTION('',(1.,0.,0.));
#981 = MANIFOLD_SOLID_BREP('',#982);
#982 = CLOSED_SHELL('',(#983,#1023,#1271,#1296,#1321,#1468,#1490,#1507,
    #1524,#1541,#1553,#1570,#1594,#1605,#1622,#1639,#1656,#1680,#1697,
    #1708,#1725,#1742,#1759,#1776,#1788,#1797,#1806));
#983 = ADVANCED_FACE('',(#984),#1018,.F.);
#984 = FACE_BOUND('',#985,.F.);
#985 = EDGE_LOOP('',(#986,#996,#1004,#1012));
#986 = ORIENTED_EDGE('',*,*,#987,.F.);
#987 = EDGE_CURVE('',#988,#990,#992,.T.);
#988 = VERTEX_POINT('',#989);
#989 = CARTESIAN_POINT('',(-8.881784197001E-16,4.,6.));
#990 = VERTEX_POINT('',#991);
#991 = CARTESIAN_POINT('',(-8.881784197001E-16,188.2,6.));
#992 = LINE('',#993,#994);
#993 = CARTESIAN_POINT('',(0.,0.,6.));
#994 = VECTOR('',#995,1.);
#995 = DIRECTION('',(0.,1.,0.));
#996 = ORIENTED_EDGE('',*,*,#997,.F.);
#997 = EDGE_CURVE('',#998,#988,#1000,.T.);
#998 = VERTEX_POINT('',#999);
#999 = CARTESIAN_POINT('',(-8.881784197001E-16,4.,3.));
#1000 = LINE('',#1001,#1002);
#1001 = CARTESIAN_POINT('',(-8.881784197001E-16,4.,3.));
#1002 = VECTOR('',#1003,1.);
#1003 = DIRECTION('',(0.,0.,1.));
#1004 = ORIENTED_EDGE('',*,*,#1005,.T.);
#1005 = EDGE_CURVE('',#998,#1006,#1008,.T.);
#1006 = VERTEX_POINT('',#1007);
#1007 = CARTESIAN_POINT('',(-8.881784197001E-16,188.2,3.));
#1008 = LINE('',#1009,#1010);
#1009 = CARTESIAN_POINT('',(0.,0.,3.));
#1010 = VECTOR('',#1011,1.);
#1011 = DIRECTION('',(0.,1.,0.));
#1012 = ORIENTED_EDGE('',*,*,#1013,.T.);
#1013 = EDGE_CURVE('',#1006,#990,#1014,.T.);
#1014 = LINE('',#1015,#1016);
#1015 = CARTESIAN_POINT('',(-8.881784197001E-16,188.2,3.));
#1016 = VECTOR('',#1017,1.);
#1017 = DIRECTION('',(0.,0.,1.));
#1018 = PLANE('',#1019);
#1019 = AXIS2_PLACEMENT_3D('',#1020,#1021,#1022);
#1020 = CARTESIAN_POINT('',(0.,0.,3.));
#1021 = DIRECTION('',(1.,0.,0.));
#1022 = DIRECTION('',(0.,0.,1.));
#1023 = ADVANCED_FACE('',(#1024,#1233,#1244,#1255),#1266,.T.);
#1024 = FACE_BOUND('',#1025,.T.);
#1025 = EDGE_LOOP('',(#1026,#1036,#1045,#1053,#1060,#1061,#1070,#1078,
    #1086,#1094,#1103,#1112,#1120,#1128,#1136,#1144,#1152,#1160,#1168,
    #1176,#1184,#1193,#1202,#1210,#1218,#1226));
#1026 = ORIENTED_EDGE('',*,*,#1027,.T.);
#1027 = EDGE_CURVE('',#1028,#1030,#1032,.T.);
#1028 = VERTEX_POINT('',#1029);
#1029 = CARTESIAN_POINT('',(150.8,4.,6.));
#1030 = VERTEX_POINT('',#1031);
#1031 = CARTESIAN_POINT('',(150.8,188.2,6.));
#1032 = LINE('',#1033,#1034);
#1033 = CARTESIAN_POINT('',(150.8,0.,6.));
#1034 = VECTOR('',#1035,1.);
#1035 = DIRECTION('',(0.,1.,0.));
#1036 = ORIENTED_EDGE('',*,*,#1037,.F.);
#1037 = EDGE_CURVE('',#1038,#1030,#1040,.T.);
#1038 = VERTEX_POINT('',#1039);
#1039 = CARTESIAN_POINT('',(146.8,192.2,6.));
#1040 = CIRCLE('',#1041,4.);
#1041 = AXIS2_PLACEMENT_3D('',#1042,#1043,#1044);
#1042 = CARTESIAN_POINT('',(146.8,188.2,6.));
#1043 = DIRECTION('',(-0.,-0.,-1.));
#1044 = DIRECTION('',(0.,-1.,0.));
#1045 = ORIENTED_EDGE('',*,*,#1046,.F.);
#1046 = EDGE_CURVE('',#1047,#1038,#1049,.T.);
#1047 = VERTEX_POINT('',#1048);
#1048 = CARTESIAN_POINT('',(4.,192.2,6.));
#1049 = LINE('',#1050,#1051);
#1050 = CARTESIAN_POINT('',(0.,192.2,6.));
#1051 = VECTOR('',#1052,1.);
#1052 = DIRECTION('',(1.,0.,0.));
#1053 = ORIENTED_EDGE('',*,*,#1054,.F.);
#1054 = EDGE_CURVE('',#990,#1047,#1055,.T.);
#1055 = CIRCLE('',#1056,4.);
#1056 = AXIS2_PLACEMENT_3D('',#1057,#1058,#1059);
#1057 = CARTESIAN_POINT('',(4.,188.2,6.));
#1058 = DIRECTION('',(-0.,-0.,-1.));
#1059 = DIRECTION('',(0.,-1.,0.));
#1060 = ORIENTED_EDGE('',*,*,#987,.F.);
#1061 = ORIENTED_EDGE('',*,*,#1062,.T.);
#1062 = EDGE_CURVE('',#988,#1063,#1065,.T.);
#1063 = VERTEX_POINT('',#1064);
#1064 = CARTESIAN_POINT('',(4.,-8.881784197001E-16,6.));
#1065 = CIRCLE('',#1066,4.);
#1066 = AXIS2_PLACEMENT_3D('',#1067,#1068,#1069);
#1067 = CARTESIAN_POINT('',(4.,4.,6.));
#1068 = DIRECTION('',(-0.,0.,1.));
#1069 = DIRECTION('',(0.,-1.,0.));
#1070 = ORIENTED_EDGE('',*,*,#1071,.T.);
#1071 = EDGE_CURVE('',#1063,#1072,#1074,.T.);
#1072 = VERTEX_POINT('',#1073);
#1073 = CARTESIAN_POINT('',(80.4,0.,6.));
#1074 = LINE('',#1075,#1076);
#1075 = CARTESIAN_POINT('',(0.,0.,6.));
#1076 = VECTOR('',#1077,1.);
#1077 = DIRECTION('',(1.,0.,0.));
#1078 = ORIENTED_EDGE('',*,*,#1079,.T.);
#1079 = EDGE_CURVE('',#1072,#1080,#1082,.T.);
#1080 = VERTEX_POINT('',#1081);
#1081 = CARTESIAN_POINT('',(80.4,10.,6.));
#1082 = LINE('',#1083,#1084);
#1083 = CARTESIAN_POINT('',(80.4,-2.5E-02,6.));
#1084 = VECTOR('',#1085,1.);
#1085 = DIRECTION('',(0.,1.,0.));
#1086 = ORIENTED_EDGE('',*,*,#1087,.T.);
#1087 = EDGE_CURVE('',#1080,#1088,#1090,.T.);
#1088 = VERTEX_POINT('',#1089);
#1089 = CARTESIAN_POINT('',(41.253993620398,10.,6.));
#1090 = LINE('',#1091,#1092);
#1091 = CARTESIAN_POINT('',(15.4375,10.,6.));
#1092 = VECTOR('',#1093,1.);
#1093 = DIRECTION('',(-1.,0.,0.));
#1094 = ORIENTED_EDGE('',*,*,#1095,.T.);
#1095 = EDGE_CURVE('',#1088,#1096,#1098,.T.);
#1096 = VERTEX_POINT('',#1097);
#1097 = CARTESIAN_POINT('',(38.65,9.5,6.));
#1098 = CIRCLE('',#1099,1.35);
#1099 = AXIS2_PLACEMENT_3D('',#1100,#1101,#1102);
#1100 = CARTESIAN_POINT('',(40.,9.5,6.));
#1101 = DIRECTION('',(0.,0.,-1.));
#1102 = DIRECTION('',(-1.,0.,0.));
#1103 = ORIENTED_EDGE('',*,*,#1104,.T.);
#1104 = EDGE_CURVE('',#1096,#1105,#1107,.T.);
#1105 = VERTEX_POINT('',#1106);
#1106 = CARTESIAN_POINT('',(38.746006379602,10.,6.));
#1107 = CIRCLE('',#1108,1.35);
#1108 = AXIS2_PLACEMENT_3D('',#1109,#1110,#1111);
#1109 = CARTESIAN_POINT('',(40.,9.5,6.));
#1110 = DIRECTION('',(0.,0.,-1.));
#1111 = DIRECTION('',(-1.,0.,0.));
#1112 = ORIENTED_EDGE('',*,*,#1113,.T.);
#1113 = EDGE_CURVE('',#1105,#1114,#1116,.T.);
#1114 = VERTEX_POINT('',#1115);
#1115 = CARTESIAN_POINT('',(30.875,10.,6.));
#1116 = LINE('',#1117,#1118);
#1117 = CARTESIAN_POINT('',(15.4375,10.,6.));
#1118 = VECTOR('',#1119,1.);
#1119 = DIRECTION('',(-1.,0.,0.));
#1120 = ORIENTED_EDGE('',*,*,#1121,.T.);
#1121 = EDGE_CURVE('',#1114,#1122,#1124,.T.);
#1122 = VERTEX_POINT('',#1123);
#1123 = CARTESIAN_POINT('',(30.875,12.,6.));
#1124 = LINE('',#1125,#1126);
#1125 = CARTESIAN_POINT('',(30.875,5.,6.));
#1126 = VECTOR('',#1127,1.);
#1127 = DIRECTION('',(0.,1.,0.));
#1128 = ORIENTED_EDGE('',*,*,#1129,.T.);
#1129 = EDGE_CURVE('',#1122,#1130,#1132,.T.);
#1130 = VERTEX_POINT('',#1131);
#1131 = CARTESIAN_POINT('',(15.875,12.,6.));
#1132 = LINE('',#1133,#1134);
#1133 = CARTESIAN_POINT('',(7.9375,12.,6.));
#1134 = VECTOR('',#1135,1.);
#1135 = DIRECTION('',(-1.,0.,0.));
#1136 = ORIENTED_EDGE('',*,*,#1137,.T.);
#1137 = EDGE_CURVE('',#1130,#1138,#1140,.T.);
#1138 = VERTEX_POINT('',#1139);
#1139 = CARTESIAN_POINT('',(15.875,180.2,6.));
#1140 = LINE('',#1141,#1142);
#1141 = CARTESIAN_POINT('',(15.875,6.,6.));
#1142 = VECTOR('',#1143,1.);
#1143 = DIRECTION('',(0.,1.,0.));
#1144 = ORIENTED_EDGE('',*,*,#1145,.F.);
#1145 = EDGE_CURVE('',#1146,#1138,#1148,.T.);
#1146 = VERTEX_POINT('',#1147);
#1147 = CARTESIAN_POINT('',(134.925,180.2,6.));
#1148 = LINE('',#1149,#1150);
#1149 = CARTESIAN_POINT('',(7.9375,180.2,6.));
#1150 = VECTOR('',#1151,1.);
#1151 = DIRECTION('',(-1.,0.,0.));
#1152 = ORIENTED_EDGE('',*,*,#1153,.F.);
#1153 = EDGE_CURVE('',#1154,#1146,#1156,.T.);
#1154 = VERTEX_POINT('',#1155);
#1155 = CARTESIAN_POINT('',(134.925,12.,6.));
#1156 = LINE('',#1157,#1158);
#1157 = CARTESIAN_POINT('',(134.925,6.,6.));
#1158 = VECTOR('',#1159,1.);
#1159 = DIRECTION('',(0.,1.,0.));
#1160 = ORIENTED_EDGE('',*,*,#1161,.T.);
#1161 = EDGE_CURVE('',#1154,#1162,#1164,.T.);
#1162 = VERTEX_POINT('',#1163);
#1163 = CARTESIAN_POINT('',(119.925,12.,6.));
#1164 = LINE('',#1165,#1166);
#1165 = CARTESIAN_POINT('',(7.9375,12.,6.));
#1166 = VECTOR('',#1167,1.);
#1167 = DIRECTION('',(-1.,0.,0.));
#1168 = ORIENTED_EDGE('',*,*,#1169,.F.);
#1169 = EDGE_CURVE('',#1170,#1162,#1172,.T.);
#1170 = VERTEX_POINT('',#1171);
#1171 = CARTESIAN_POINT('',(119.925,10.,6.));
#1172 = LINE('',#1173,#1174);
#1173 = CARTESIAN_POINT('',(119.925,5.,6.));
#1174 = VECTOR('',#1175,1.);
#1175 = DIRECTION('',(0.,1.,0.));
#1176 = ORIENTED_EDGE('',*,*,#1177,.T.);
#1177 = EDGE_CURVE('',#1170,#1178,#1180,.T.);
#1178 = VERTEX_POINT('',#1179);
#1179 = CARTESIAN_POINT('',(112.05399362039,10.,6.));
#1180 = LINE('',#1181,#1182);
#1181 = CARTESIAN_POINT('',(15.4375,10.,6.));
#1182 = VECTOR('',#1183,1.);
#1183 = DIRECTION('',(-1.,0.,0.));
#1184 = ORIENTED_EDGE('',*,*,#1185,.T.);
#1185 = EDGE_CURVE('',#1178,#1186,#1188,.T.);
#1186 = VERTEX_POINT('',#1187);
#1187 = CARTESIAN_POINT('',(109.45,9.5,6.));
#1188 = CIRCLE('',#1189,1.35);
#1189 = AXIS2_PLACEMENT_3D('',#1190,#1191,#1192);
#1190 = CARTESIAN_POINT('',(110.8,9.5,6.));
#1191 = DIRECTION('',(0.,0.,-1.));
#1192 = DIRECTION('',(-1.,0.,0.));
#1193 = ORIENTED_EDGE('',*,*,#1194,.T.);
#1194 = EDGE_CURVE('',#1186,#1195,#1197,.T.);
#1195 = VERTEX_POINT('',#1196);
#1196 = CARTESIAN_POINT('',(109.5460063796,10.,6.));
#1197 = CIRCLE('',#1198,1.35);
#1198 = AXIS2_PLACEMENT_3D('',#1199,#1200,#1201);
#1199 = CARTESIAN_POINT('',(110.8,9.5,6.));
#1200 = DIRECTION('',(0.,0.,-1.));
#1201 = DIRECTION('',(-1.,0.,0.));
#1202 = ORIENTED_EDGE('',*,*,#1203,.T.);
#1203 = EDGE_CURVE('',#1195,#1204,#1206,.T.);
#1204 = VERTEX_POINT('',#1205);
#1205 = CARTESIAN_POINT('',(94.4,10.,6.));
#1206 = LINE('',#1207,#1208);
#1207 = CARTESIAN_POINT('',(15.4375,10.,6.));
#1208 = VECTOR('',#1209,1.);
#1209 = DIRECTION('',(-1.,0.,0.));
#1210 = ORIENTED_EDGE('',*,*,#1211,.F.);
#1211 = EDGE_CURVE('',#1212,#1204,#1214,.T.);
#1212 = VERTEX_POINT('',#1213);
#1213 = CARTESIAN_POINT('',(94.4,0.,6.));
#1214 = LINE('',#1215,#1216);
#1215 = CARTESIAN_POINT('',(94.4,-2.5E-02,6.));
#1216 = VECTOR('',#1217,1.);
#1217 = DIRECTION('',(0.,1.,0.));
#1218 = ORIENTED_EDGE('',*,*,#1219,.T.);
#1219 = EDGE_CURVE('',#1212,#1220,#1222,.T.);
#1220 = VERTEX_POINT('',#1221);
#1221 = CARTESIAN_POINT('',(146.8,-8.881784197001E-16,6.));
#1222 = LINE('',#1223,#1224);
#1223 = CARTESIAN_POINT('',(0.,0.,6.));
#1224 = VECTOR('',#1225,1.);
#1225 = DIRECTION('',(1.,0.,0.));
#1226 = ORIENTED_EDGE('',*,*,#1227,.F.);
#1227 = EDGE_CURVE('',#1028,#1220,#1228,.T.);
#1228 = CIRCLE('',#1229,4.);
#1229 = AXIS2_PLACEMENT_3D('',#1230,#1231,#1232);
#1230 = CARTESIAN_POINT('',(146.8,4.,6.));
#1231 = DIRECTION('',(-0.,-0.,-1.));
#1232 = DIRECTION('',(0.,-1.,0.));
#1233 = FACE_BOUND('',#1234,.T.);
#1234 = EDGE_LOOP('',(#1235));
#1235 = ORIENTED_EDGE('',*,*,#1236,.T.);
#1236 = EDGE_CURVE('',#1237,#1237,#1239,.T.);
#1237 = VERTEX_POINT('',#1238);
#1238 = CARTESIAN_POINT('',(38.65,182.7,6.));
#1239 = CIRCLE('',#1240,1.35);
#1240 = AXIS2_PLACEMENT_3D('',#1241,#1242,#1243);
#1241 = CARTESIAN_POINT('',(40.,182.7,6.));
#1242 = DIRECTION('',(0.,0.,-1.));
#1243 = DIRECTION('',(-1.,0.,0.));
#1244 = FACE_BOUND('',#1245,.T.);
#1245 = EDGE_LOOP('',(#1246));
#1246 = ORIENTED_EDGE('',*,*,#1247,.T.);
#1247 = EDGE_CURVE('',#1248,#1248,#1250,.T.);
#1248 = VERTEX_POINT('',#1249);
#1249 = CARTESIAN_POINT('',(74.05,182.7,6.));
#1250 = CIRCLE('',#1251,1.35);
#1251 = AXIS2_PLACEMENT_3D('',#1252,#1253,#1254);
#1252 = CARTESIAN_POINT('',(75.4,182.7,6.));
#1253 = DIRECTION('',(0.,0.,-1.));
#1254 = DIRECTION('',(-1.,0.,0.));
#1255 = FACE_BOUND('',#1256,.T.);
#1256 = EDGE_LOOP('',(#1257));
#1257 = ORIENTED_EDGE('',*,*,#1258,.T.);
#1258 = EDGE_CURVE('',#1259,#1259,#1261,.T.);
#1259 = VERTEX_POINT('',#1260);
#1260 = CARTESIAN_POINT('',(109.45,182.7,6.));
#1261 = CIRCLE('',#1262,1.35);
#1262 = AXIS2_PLACEMENT_3D('',#1263,#1264,#1265);
#1263 = CARTESIAN_POINT('',(110.8,182.7,6.));
#1264 = DIRECTION('',(0.,0.,-1.));
#1265 = DIRECTION('',(-1.,0.,0.));
#1266 = PLANE('',#1267);
#1267 = AXIS2_PLACEMENT_3D('',#1268,#1269,#1270);
#1268 = CARTESIAN_POINT('',(0.,0.,6.));
#1269 = DIRECTION('',(0.,0.,1.));
#1270 = DIRECTION('',(1.,0.,0.));
#1271 = ADVANCED_FACE('',(#1272),#1291,.T.);
#1272 = FACE_BOUND('',#1273,.T.);
#1273 = EDGE_LOOP('',(#1274,#1283,#1289,#1290));
#1274 = ORIENTED_EDGE('',*,*,#1275,.T.);
#1275 = EDGE_CURVE('',#998,#1276,#1278,.T.);
#1276 = VERTEX_POINT('',#1277);
#1277 = CARTESIAN_POINT('',(4.,-8.881784197001E-16,3.));
#1278 = CIRCLE('',#1279,4.);
#1279 = AXIS2_PLACEMENT_3D('',#1280,#1281,#1282);
#1280 = CARTESIAN_POINT('',(4.,4.,3.));
#1281 = DIRECTION('',(-0.,0.,1.));
#1282 = DIRECTION('',(0.,-1.,0.));
#1283 = ORIENTED_EDGE('',*,*,#1284,.T.);
#1284 = EDGE_CURVE('',#1276,#1063,#1285,.T.);
#1285 = LINE('',#1286,#1287);
#1286 = CARTESIAN_POINT('',(4.,-8.881784197001E-16,3.));
#1287 = VECTOR('',#1288,1.);
#1288 = DIRECTION('',(0.,0.,1.));
#1289 = ORIENTED_EDGE('',*,*,#1062,.F.);
#1290 = ORIENTED_EDGE('',*,*,#997,.F.);
#1291 = CYLINDRICAL_SURFACE('',#1292,4.);
#1292 = AXIS2_PLACEMENT_3D('',#1293,#1294,#1295);
#1293 = CARTESIAN_POINT('',(4.,4.,3.));
#1294 = DIRECTION('',(0.,0.,1.));
#1295 = DIRECTION('',(-1.,0.,0.));
#1296 = ADVANCED_FACE('',(#1297),#1316,.T.);
#1297 = FACE_BOUND('',#1298,.F.);
#1298 = EDGE_LOOP('',(#1299,#1308,#1314,#1315));
#1299 = ORIENTED_EDGE('',*,*,#1300,.T.);
#1300 = EDGE_CURVE('',#1006,#1301,#1303,.T.);
#1301 = VERTEX_POINT('',#1302);
#1302 = CARTESIAN_POINT('',(4.,192.2,3.));
#1303 = CIRCLE('',#1304,4.);
#1304 = AXIS2_PLACEMENT_3D('',#1305,#1306,#1307);
#1305 = CARTESIAN_POINT('',(4.,188.2,3.));
#1306 = DIRECTION('',(-0.,-0.,-1.));
#1307 = DIRECTION('',(0.,-1.,0.));
#1308 = ORIENTED_EDGE('',*,*,#1309,.T.);
#1309 = EDGE_CURVE('',#1301,#1047,#1310,.T.);
#1310 = LINE('',#1311,#1312);
#1311 = CARTESIAN_POINT('',(4.,192.2,3.));
#1312 = VECTOR('',#1313,1.);
#1313 = DIRECTION('',(0.,0.,1.));
#1314 = ORIENTED_EDGE('',*,*,#1054,.F.);
#1315 = ORIENTED_EDGE('',*,*,#1013,.F.);
#1316 = CYLINDRICAL_SURFACE('',#1317,4.);
#1317 = AXIS2_PLACEMENT_3D('',#1318,#1319,#1320);
#1318 = CARTESIAN_POINT('',(4.,188.2,3.));
#1319 = DIRECTION('',(0.,0.,1.));
#1320 = DIRECTION('',(-1.,0.,0.));
#1321 = ADVANCED_FACE('',(#1322),#1463,.F.);
#1322 = FACE_BOUND('',#1323,.F.);
#1323 = EDGE_LOOP('',(#1324,#1334,#1343,#1349,#1350,#1351,#1352,#1360,
    #1368,#1376,#1384,#1392,#1400,#1408,#1416,#1424,#1432,#1440,#1448,
    #1456));
#1324 = ORIENTED_EDGE('',*,*,#1325,.T.);
#1325 = EDGE_CURVE('',#1326,#1328,#1330,.T.);
#1326 = VERTEX_POINT('',#1327);
#1327 = CARTESIAN_POINT('',(150.8,4.,3.));
#1328 = VERTEX_POINT('',#1329);
#1329 = CARTESIAN_POINT('',(150.8,188.2,3.));
#1330 = LINE('',#1331,#1332);
#1331 = CARTESIAN_POINT('',(150.8,0.,3.));
#1332 = VECTOR('',#1333,1.);
#1333 = DIRECTION('',(0.,1.,0.));
#1334 = ORIENTED_EDGE('',*,*,#1335,.F.);
#1335 = EDGE_CURVE('',#1336,#1328,#1338,.T.);
#1336 = VERTEX_POINT('',#1337);
#1337 = CARTESIAN_POINT('',(146.8,192.2,3.));
#1338 = CIRCLE('',#1339,4.);
#1339 = AXIS2_PLACEMENT_3D('',#1340,#1341,#1342);
#1340 = CARTESIAN_POINT('',(146.8,188.2,3.));
#1341 = DIRECTION('',(-0.,-0.,-1.));
#1342 = DIRECTION('',(0.,-1.,0.));
#1343 = ORIENTED_EDGE('',*,*,#1344,.F.);
#1344 = EDGE_CURVE('',#1301,#1336,#1345,.T.);
#1345 = LINE('',#1346,#1347);
#1346 = CARTESIAN_POINT('',(0.,192.2,3.));
#1347 = VECTOR('',#1348,1.);
#1348 = DIRECTION('',(1.,0.,0.));
#1349 = ORIENTED_EDGE('',*,*,#1300,.F.);
#1350 = ORIENTED_EDGE('',*,*,#1005,.F.);
#1351 = ORIENTED_EDGE('',*,*,#1275,.T.);
#1352 = ORIENTED_EDGE('',*,*,#1353,.T.);
#1353 = EDGE_CURVE('',#1276,#1354,#1356,.T.);
#1354 = VERTEX_POINT('',#1355);
#1355 = CARTESIAN_POINT('',(80.4,0.,3.));
#1356 = LINE('',#1357,#1358);
#1357 = CARTESIAN_POINT('',(0.,0.,3.));
#1358 = VECTOR('',#1359,1.);
#1359 = DIRECTION('',(1.,0.,0.));
#1360 = ORIENTED_EDGE('',*,*,#1361,.T.);
#1361 = EDGE_CURVE('',#1354,#1362,#1364,.T.);
#1362 = VERTEX_POINT('',#1363);
#1363 = CARTESIAN_POINT('',(80.4,10.,3.));
#1364 = LINE('',#1365,#1366);
#1365 = CARTESIAN_POINT('',(80.4,-2.5E-02,3.));
#1366 = VECTOR('',#1367,1.);
#1367 = DIRECTION('',(0.,1.,0.));
#1368 = ORIENTED_EDGE('',*,*,#1369,.T.);
#1369 = EDGE_CURVE('',#1362,#1370,#1372,.T.);
#1370 = VERTEX_POINT('',#1371);
#1371 = CARTESIAN_POINT('',(30.875,10.,3.));
#1372 = LINE('',#1373,#1374);
#1373 = CARTESIAN_POINT('',(15.4375,10.,3.));
#1374 = VECTOR('',#1375,1.);
#1375 = DIRECTION('',(-1.,0.,0.));
#1376 = ORIENTED_EDGE('',*,*,#1377,.T.);
#1377 = EDGE_CURVE('',#1370,#1378,#1380,.T.);
#1378 = VERTEX_POINT('',#1379);
#1379 = CARTESIAN_POINT('',(30.875,12.,3.));
#1380 = LINE('',#1381,#1382);
#1381 = CARTESIAN_POINT('',(30.875,5.,3.));
#1382 = VECTOR('',#1383,1.);
#1383 = DIRECTION('',(0.,1.,0.));
#1384 = ORIENTED_EDGE('',*,*,#1385,.T.);
#1385 = EDGE_CURVE('',#1378,#1386,#1388,.T.);
#1386 = VERTEX_POINT('',#1387);
#1387 = CARTESIAN_POINT('',(15.875,12.,3.));
#1388 = LINE('',#1389,#1390);
#1389 = CARTESIAN_POINT('',(7.9375,12.,3.));
#1390 = VECTOR('',#1391,1.);
#1391 = DIRECTION('',(-1.,0.,0.));
#1392 = ORIENTED_EDGE('',*,*,#1393,.T.);
#1393 = EDGE_CURVE('',#1386,#1394,#1396,.T.);
#1394 = VERTEX_POINT('',#1395);
#1395 = CARTESIAN_POINT('',(15.875,180.2,3.));
#1396 = LINE('',#1397,#1398);
#1397 = CARTESIAN_POINT('',(15.875,6.,3.));
#1398 = VECTOR('',#1399,1.);
#1399 = DIRECTION('',(0.,1.,0.));
#1400 = ORIENTED_EDGE('',*,*,#1401,.F.);
#1401 = EDGE_CURVE('',#1402,#1394,#1404,.T.);
#1402 = VERTEX_POINT('',#1403);
#1403 = CARTESIAN_POINT('',(134.925,180.2,3.));
#1404 = LINE('',#1405,#1406);
#1405 = CARTESIAN_POINT('',(7.9375,180.2,3.));
#1406 = VECTOR('',#1407,1.);
#1407 = DIRECTION('',(-1.,0.,0.));
#1408 = ORIENTED_EDGE('',*,*,#1409,.F.);
#1409 = EDGE_CURVE('',#1410,#1402,#1412,.T.);
#1410 = VERTEX_POINT('',#1411);
#1411 = CARTESIAN_POINT('',(134.925,12.,3.));
#1412 = LINE('',#1413,#1414);
#1413 = CARTESIAN_POINT('',(134.925,6.,3.));
#1414 = VECTOR('',#1415,1.);
#1415 = DIRECTION('',(0.,1.,0.));
#1416 = ORIENTED_EDGE('',*,*,#1417,.T.);
#1417 = EDGE_CURVE('',#1410,#1418,#1420,.T.);
#1418 = VERTEX_POINT('',#1419);
#1419 = CARTESIAN_POINT('',(119.925,12.,3.));
#1420 = LINE('',#1421,#1422);
#1421 = CARTESIAN_POINT('',(7.9375,12.,3.));
#1422 = VECTOR('',#1423,1.);
#1423 = DIRECTION('',(-1.,0.,0.));
#1424 = ORIENTED_EDGE('',*,*,#1425,.F.);
#1425 = EDGE_CURVE('',#1426,#1418,#1428,.T.);
#1426 = VERTEX_POINT('',#1427);
#1427 = CARTESIAN_POINT('',(119.925,10.,3.));
#1428 = LINE('',#1429,#1430);
#1429 = CARTESIAN_POINT('',(119.925,5.,3.));
#1430 = VECTOR('',#1431,1.);
#1431 = DIRECTION('',(0.,1.,0.));
#1432 = ORIENTED_EDGE('',*,*,#1433,.T.);
#1433 = EDGE_CURVE('',#1426,#1434,#1436,.T.);
#1434 = VERTEX_POINT('',#1435);
#1435 = CARTESIAN_POINT('',(94.4,10.,3.));
#1436 = LINE('',#1437,#1438);
#1437 = CARTESIAN_POINT('',(15.4375,10.,3.));
#1438 = VECTOR('',#1439,1.);
#1439 = DIRECTION('',(-1.,0.,0.));
#1440 = ORIENTED_EDGE('',*,*,#1441,.F.);
#1441 = EDGE_CURVE('',#1442,#1434,#1444,.T.);
#1442 = VERTEX_POINT('',#1443);
#1443 = CARTESIAN_POINT('',(94.4,0.,3.));
#1444 = LINE('',#1445,#1446);
#1445 = CARTESIAN_POINT('',(94.4,-2.5E-02,3.));
#1446 = VECTOR('',#1447,1.);
#1447 = DIRECTION('',(0.,1.,0.));
#1448 = ORIENTED_EDGE('',*,*,#1449,.T.);
#1449 = EDGE_CURVE('',#1442,#1450,#1452,.T.);
#1450 = VERTEX_POINT('',#1451);
#1451 = CARTESIAN_POINT('',(146.8,-8.881784197001E-16,3.));
#1452 = LINE('',#1453,#1454);
#1453 = CARTESIAN_POINT('',(0.,0.,3.));
#1454 = VECTOR('',#1455,1.);
#1455 = DIRECTION('',(1.,0.,0.));
#1456 = ORIENTED_EDGE('',*,*,#1457,.F.);
#1457 = EDGE_CURVE('',#1326,#1450,#1458,.T.);
#1458 = CIRCLE('',#1459,4.);
#1459 = AXIS2_PLACEMENT_3D('',#1460,#1461,#1462);
#1460 = CARTESIAN_POINT('',(146.8,4.,3.));
#1461 = DIRECTION('',(-0.,-0.,-1.));
#1462 = DIRECTION('',(0.,-1.,0.));
#1463 = PLANE('',#1464);
#1464 = AXIS2_PLACEMENT_3D('',#1465,#1466,#1467);
#1465 = CARTESIAN_POINT('',(0.,0.,3.));
#1466 = DIRECTION('',(0.,0.,1.));
#1467 = DIRECTION('',(1.,0.,0.));
#1468 = ADVANCED_FACE('',(#1469),#1485,.T.);
#1469 = FACE_BOUND('',#1470,.T.);
#1470 = EDGE_LOOP('',(#1471,#1472,#1478,#1479));
#1471 = ORIENTED_EDGE('',*,*,#1027,.F.);
#1472 = ORIENTED_EDGE('',*,*,#1473,.F.);
#1473 = EDGE_CURVE('',#1326,#1028,#1474,.T.);
#1474 = LINE('',#1475,#1476);
#1475 = CARTESIAN_POINT('',(150.8,4.,3.));
#1476 = VECTOR('',#1477,1.);
#1477 = DIRECTION('',(0.,0.,1.));
#1478 = ORIENTED_EDGE('',*,*,#1325,.T.);
#1479 = ORIENTED_EDGE('',*,*,#1480,.T.);
#1480 = EDGE_CURVE('',#1328,#1030,#1481,.T.);
#1481 = LINE('',#1482,#1483);
#1482 = CARTESIAN_POINT('',(150.8,188.2,3.));
#1483 = VECTOR('',#1484,1.);
#1484 = DIRECTION('',(0.,0.,1.));
#1485 = PLANE('',#1486);
#1486 = AXIS2_PLACEMENT_3D('',#1487,#1488,#1489);
#1487 = CARTESIAN_POINT('',(150.8,0.,3.));
#1488 = DIRECTION('',(1.,0.,0.));
#1489 = DIRECTION('',(0.,0.,1.));
#1490 = ADVANCED_FACE('',(#1491),#1502,.T.);
#1491 = FACE_BOUND('',#1492,.F.);
#1492 = EDGE_LOOP('',(#1493,#1494,#1500,#1501));
#1493 = ORIENTED_EDGE('',*,*,#1457,.T.);
#1494 = ORIENTED_EDGE('',*,*,#1495,.T.);
#1495 = EDGE_CURVE('',#1450,#1220,#1496,.T.);
#1496 = LINE('',#1497,#1498);
#1497 = CARTESIAN_POINT('',(146.8,-8.881784197001E-16,3.));
#1498 = VECTOR('',#1499,1.);
#1499 = DIRECTION('',(0.,0.,1.));
#1500 = ORIENTED_EDGE('',*,*,#1227,.F.);
#1501 = ORIENTED_EDGE('',*,*,#1473,.F.);
#1502 = CYLINDRICAL_SURFACE('',#1503,4.);
#1503 = AXIS2_PLACEMENT_3D('',#1504,#1505,#1506);
#1504 = CARTESIAN_POINT('',(146.8,4.,3.));
#1505 = DIRECTION('',(0.,0.,1.));
#1506 = DIRECTION('',(1.,0.,0.));
#1507 = ADVANCED_FACE('',(#1508),#1519,.T.);
#1508 = FACE_BOUND('',#1509,.F.);
#1509 = EDGE_LOOP('',(#1510,#1511,#1512,#1513));
#1510 = ORIENTED_EDGE('',*,*,#1335,.T.);
#1511 = ORIENTED_EDGE('',*,*,#1480,.T.);
#1512 = ORIENTED_EDGE('',*,*,#1037,.F.);
#1513 = ORIENTED_EDGE('',*,*,#1514,.F.);
#1514 = EDGE_CURVE('',#1336,#1038,#1515,.T.);
#1515 = LINE('',#1516,#1517);
#1516 = CARTESIAN_POINT('',(146.8,192.2,3.));
#1517 = VECTOR('',#1518,1.);
#1518 = DIRECTION('',(0.,0.,1.));
#1519 = CYLINDRICAL_SURFACE('',#1520,4.);
#1520 = AXIS2_PLACEMENT_3D('',#1521,#1522,#1523);
#1521 = CARTESIAN_POINT('',(146.8,188.2,3.));
#1522 = DIRECTION('',(0.,0.,1.));
#1523 = DIRECTION('',(0.,1.,0.));
#1524 = ADVANCED_FACE('',(#1525),#1536,.F.);
#1525 = FACE_BOUND('',#1526,.F.);
#1526 = EDGE_LOOP('',(#1527,#1528,#1534,#1535));
#1527 = ORIENTED_EDGE('',*,*,#1449,.F.);
#1528 = ORIENTED_EDGE('',*,*,#1529,.F.);
#1529 = EDGE_CURVE('',#1212,#1442,#1530,.T.);
#1530 = LINE('',#1531,#1532);
#1531 = CARTESIAN_POINT('',(94.4,0.,2.975));
#1532 = VECTOR('',#1533,1.);
#1533 = DIRECTION('',(0.,0.,-1.));
#1534 = ORIENTED_EDGE('',*,*,#1219,.T.);
#1535 = ORIENTED_EDGE('',*,*,#1495,.F.);
#1536 = PLANE('',#1537);
#1537 = AXIS2_PLACEMENT_3D('',#1538,#1539,#1540);
#1538 = CARTESIAN_POINT('',(0.,0.,3.));
#1539 = DIRECTION('',(0.,1.,0.));
#1540 = DIRECTION('',(0.,0.,1.));
#1541 = ADVANCED_FACE('',(#1542),#1548,.T.);
#1542 = FACE_BOUND('',#1543,.T.);
#1543 = EDGE_LOOP('',(#1544,#1545,#1546,#1547));
#1544 = ORIENTED_EDGE('',*,*,#1344,.F.);
#1545 = ORIENTED_EDGE('',*,*,#1309,.T.);
#1546 = ORIENTED_EDGE('',*,*,#1046,.T.);
#1547 = ORIENTED_EDGE('',*,*,#1514,.F.);
#1548 = PLANE('',#1549);
#1549 = AXIS2_PLACEMENT_3D('',#1550,#1551,#1552);
#1550 = CARTESIAN_POINT('',(0.,192.2,3.));
#1551 = DIRECTION('',(0.,1.,0.));
#1552 = DIRECTION('',(0.,0.,1.));
#1553 = ADVANCED_FACE('',(#1554),#1565,.F.);
#1554 = FACE_BOUND('',#1555,.F.);
#1555 = EDGE_LOOP('',(#1556,#1557,#1558,#1559));
#1556 = ORIENTED_EDGE('',*,*,#1211,.F.);
#1557 = ORIENTED_EDGE('',*,*,#1529,.T.);
#1558 = ORIENTED_EDGE('',*,*,#1441,.T.);
#1559 = ORIENTED_EDGE('',*,*,#1560,.T.);
#1560 = EDGE_CURVE('',#1434,#1204,#1561,.T.);
#1561 = LINE('',#1562,#1563);
#1562 = CARTESIAN_POINT('',(94.4,10.,2.95));
#1563 = VECTOR('',#1564,1.);
#1564 = DIRECTION('',(0.,0.,1.));
#1565 = PLANE('',#1566);
#1566 = AXIS2_PLACEMENT_3D('',#1567,#1568,#1569);
#1567 = CARTESIAN_POINT('',(94.4,-5.E-02,2.95));
#1568 = DIRECTION('',(1.,0.,0.));
#1569 = DIRECTION('',(0.,0.,1.));
#1570 = ADVANCED_FACE('',(#1571),#1589,.T.);
#1571 = FACE_BOUND('',#1572,.T.);
#1572 = EDGE_LOOP('',(#1573,#1579,#1580,#1581,#1582,#1588));
#1573 = ORIENTED_EDGE('',*,*,#1574,.F.);
#1574 = EDGE_CURVE('',#1426,#1170,#1575,.T.);
#1575 = LINE('',#1576,#1577);
#1576 = CARTESIAN_POINT('',(119.925,10.,2.95));
#1577 = VECTOR('',#1578,1.);
#1578 = DIRECTION('',(0.,0.,1.));
#1579 = ORIENTED_EDGE('',*,*,#1433,.T.);
#1580 = ORIENTED_EDGE('',*,*,#1560,.T.);
#1581 = ORIENTED_EDGE('',*,*,#1203,.F.);
#1582 = ORIENTED_EDGE('',*,*,#1583,.F.);
#1583 = EDGE_CURVE('',#1178,#1195,#1584,.T.);
#1584 = LINE('',#1585,#1586);
#1585 = CARTESIAN_POINT('',(15.4375,10.,6.));
#1586 = VECTOR('',#1587,1.);
#1587 = DIRECTION('',(-1.,0.,0.));
#1588 = ORIENTED_EDGE('',*,*,#1177,.F.);
#1589 = PLANE('',#1590);
#1590 = AXIS2_PLACEMENT_3D('',#1591,#1592,#1593);
#1591 = CARTESIAN_POINT('',(30.875,10.,2.95));
#1592 = DIRECTION('',(0.,1.,0.));
#1593 = DIRECTION('',(0.,0.,1.));
#1594 = ADVANCED_FACE('',(#1595),#1600,.T.);
#1595 = FACE_BOUND('',#1596,.T.);
#1596 = EDGE_LOOP('',(#1597,#1598,#1599));
#1597 = ORIENTED_EDGE('',*,*,#1583,.T.);
#1598 = ORIENTED_EDGE('',*,*,#1194,.F.);
#1599 = ORIENTED_EDGE('',*,*,#1185,.F.);
#1600 = PLANE('',#1601);
#1601 = AXIS2_PLACEMENT_3D('',#1602,#1603,#1604);
#1602 = CARTESIAN_POINT('',(0.,0.,6.));
#1603 = DIRECTION('',(0.,0.,1.));
#1604 = DIRECTION('',(1.,0.,0.));
#1605 = ADVANCED_FACE('',(#1606),#1617,.F.);
#1606 = FACE_BOUND('',#1607,.F.);
#1607 = EDGE_LOOP('',(#1608,#1609,#1610,#1611));
#1608 = ORIENTED_EDGE('',*,*,#1353,.F.);
#1609 = ORIENTED_EDGE('',*,*,#1284,.T.);
#1610 = ORIENTED_EDGE('',*,*,#1071,.T.);
#1611 = ORIENTED_EDGE('',*,*,#1612,.T.);
#1612 = EDGE_CURVE('',#1072,#1354,#1613,.T.);
#1613 = LINE('',#1614,#1615);
#1614 = CARTESIAN_POINT('',(80.4,0.,2.975));
#1615 = VECTOR('',#1616,1.);
#1616 = DIRECTION('',(0.,0.,-1.));
#1617 = PLANE('',#1618);
#1618 = AXIS2_PLACEMENT_3D('',#1619,#1620,#1621);
#1619 = CARTESIAN_POINT('',(0.,0.,3.));
#1620 = DIRECTION('',(0.,1.,0.));
#1621 = DIRECTION('',(0.,0.,1.));
#1622 = ADVANCED_FACE('',(#1623),#1634,.T.);
#1623 = FACE_BOUND('',#1624,.T.);
#1624 = EDGE_LOOP('',(#1625,#1626,#1627,#1628));
#1625 = ORIENTED_EDGE('',*,*,#1079,.F.);
#1626 = ORIENTED_EDGE('',*,*,#1612,.T.);
#1627 = ORIENTED_EDGE('',*,*,#1361,.T.);
#1628 = ORIENTED_EDGE('',*,*,#1629,.T.);
#1629 = EDGE_CURVE('',#1362,#1080,#1630,.T.);
#1630 = LINE('',#1631,#1632);
#1631 = CARTESIAN_POINT('',(80.4,10.,2.95));
#1632 = VECTOR('',#1633,1.);
#1633 = DIRECTION('',(0.,0.,1.));
#1634 = PLANE('',#1635);
#1635 = AXIS2_PLACEMENT_3D('',#1636,#1637,#1638);
#1636 = CARTESIAN_POINT('',(80.4,-5.E-02,2.95));
#1637 = DIRECTION('',(1.,0.,0.));
#1638 = DIRECTION('',(0.,0.,1.));
#1639 = ADVANCED_FACE('',(#1640),#1651,.F.);
#1640 = FACE_BOUND('',#1641,.F.);
#1641 = EDGE_LOOP('',(#1642,#1643,#1644,#1650));
#1642 = ORIENTED_EDGE('',*,*,#1574,.F.);
#1643 = ORIENTED_EDGE('',*,*,#1425,.T.);
#1644 = ORIENTED_EDGE('',*,*,#1645,.F.);
#1645 = EDGE_CURVE('',#1162,#1418,#1646,.T.);
#1646 = LINE('',#1647,#1648);
#1647 = CARTESIAN_POINT('',(119.925,12.,2.95));
#1648 = VECTOR('',#1649,1.);
#1649 = DIRECTION('',(0.,0.,-1.));
#1650 = ORIENTED_EDGE('',*,*,#1169,.F.);
#1651 = PLANE('',#1652);
#1652 = AXIS2_PLACEMENT_3D('',#1653,#1654,#1655);
#1653 = CARTESIAN_POINT('',(119.925,10.,2.95));
#1654 = DIRECTION('',(1.,0.,0.));
#1655 = DIRECTION('',(0.,0.,1.));
#1656 = ADVANCED_FACE('',(#1657),#1675,.T.);
#1657 = FACE_BOUND('',#1658,.T.);
#1658 = EDGE_LOOP('',(#1659,#1660,#1666,#1667,#1673,#1674));
#1659 = ORIENTED_EDGE('',*,*,#1369,.T.);
#1660 = ORIENTED_EDGE('',*,*,#1661,.T.);
#1661 = EDGE_CURVE('',#1370,#1114,#1662,.T.);
#1662 = LINE('',#1663,#1664);
#1663 = CARTESIAN_POINT('',(30.875,10.,2.95));
#1664 = VECTOR('',#1665,1.);
#1665 = DIRECTION('',(0.,0.,1.));
#1666 = ORIENTED_EDGE('',*,*,#1113,.F.);
#1667 = ORIENTED_EDGE('',*,*,#1668,.F.);
#1668 = EDGE_CURVE('',#1088,#1105,#1669,.T.);
#1669 = LINE('',#1670,#1671);
#1670 = CARTESIAN_POINT('',(15.4375,10.,6.));
#1671 = VECTOR('',#1672,1.);
#1672 = DIRECTION('',(-1.,0.,0.));
#1673 = ORIENTED_EDGE('',*,*,#1087,.F.);
#1674 = ORIENTED_EDGE('',*,*,#1629,.F.);
#1675 = PLANE('',#1676);
#1676 = AXIS2_PLACEMENT_3D('',#1677,#1678,#1679);
#1677 = CARTESIAN_POINT('',(30.875,10.,2.95));
#1678 = DIRECTION('',(0.,1.,0.));
#1679 = DIRECTION('',(0.,0.,1.));
#1680 = ADVANCED_FACE('',(#1681),#1692,.T.);
#1681 = FACE_BOUND('',#1682,.T.);
#1682 = EDGE_LOOP('',(#1683,#1689,#1690,#1691));
#1683 = ORIENTED_EDGE('',*,*,#1684,.F.);
#1684 = EDGE_CURVE('',#1410,#1154,#1685,.T.);
#1685 = LINE('',#1686,#1687);
#1686 = CARTESIAN_POINT('',(134.925,12.,2.95));
#1687 = VECTOR('',#1688,1.);
#1688 = DIRECTION('',(0.,0.,1.));
#1689 = ORIENTED_EDGE('',*,*,#1417,.T.);
#1690 = ORIENTED_EDGE('',*,*,#1645,.F.);
#1691 = ORIENTED_EDGE('',*,*,#1161,.F.);
#1692 = PLANE('',#1693);
#1693 = AXIS2_PLACEMENT_3D('',#1694,#1695,#1696);
#1694 = CARTESIAN_POINT('',(15.875,12.,2.95));
#1695 = DIRECTION('',(0.,1.,0.));
#1696 = DIRECTION('',(0.,0.,1.));
#1697 = ADVANCED_FACE('',(#1698),#1703,.T.);
#1698 = FACE_BOUND('',#1699,.T.);
#1699 = EDGE_LOOP('',(#1700,#1701,#1702));
#1700 = ORIENTED_EDGE('',*,*,#1095,.F.);
#1701 = ORIENTED_EDGE('',*,*,#1668,.T.);
#1702 = ORIENTED_EDGE('',*,*,#1104,.F.);
#1703 = PLANE('',#1704);
#1704 = AXIS2_PLACEMENT_3D('',#1705,#1706,#1707);
#1705 = CARTESIAN_POINT('',(0.,0.,6.));
#1706 = DIRECTION('',(0.,0.,1.));
#1707 = DIRECTION('',(1.,0.,0.));
#1708 = ADVANCED_FACE('',(#1709),#1720,.F.);
#1709 = FACE_BOUND('',#1710,.F.);
#1710 = EDGE_LOOP('',(#1711,#1712,#1713,#1719));
#1711 = ORIENTED_EDGE('',*,*,#1684,.F.);
#1712 = ORIENTED_EDGE('',*,*,#1409,.T.);
#1713 = ORIENTED_EDGE('',*,*,#1714,.T.);
#1714 = EDGE_CURVE('',#1402,#1146,#1715,.T.);
#1715 = LINE('',#1716,#1717);
#1716 = CARTESIAN_POINT('',(134.925,180.2,2.95));
#1717 = VECTOR('',#1718,1.);
#1718 = DIRECTION('',(0.,0.,1.));
#1719 = ORIENTED_EDGE('',*,*,#1153,.F.);
#1720 = PLANE('',#1721);
#1721 = AXIS2_PLACEMENT_3D('',#1722,#1723,#1724);
#1722 = CARTESIAN_POINT('',(134.925,12.,2.95));
#1723 = DIRECTION('',(1.,0.,0.));
#1724 = DIRECTION('',(0.,0.,1.));
#1725 = ADVANCED_FACE('',(#1726),#1737,.F.);
#1726 = FACE_BOUND('',#1727,.F.);
#1727 = EDGE_LOOP('',(#1728,#1729,#1730,#1736));
#1728 = ORIENTED_EDGE('',*,*,#1714,.F.);
#1729 = ORIENTED_EDGE('',*,*,#1401,.T.);
#1730 = ORIENTED_EDGE('',*,*,#1731,.T.);
#1731 = EDGE_CURVE('',#1394,#1138,#1732,.T.);
#1732 = LINE('',#1733,#1734);
#1733 = CARTESIAN_POINT('',(15.875,180.2,2.95));
#1734 = VECTOR('',#1735,1.);
#1735 = DIRECTION('',(0.,0.,1.));
#1736 = ORIENTED_EDGE('',*,*,#1145,.F.);
#1737 = PLANE('',#1738);
#1738 = AXIS2_PLACEMENT_3D('',#1739,#1740,#1741);
#1739 = CARTESIAN_POINT('',(15.875,180.2,2.95));
#1740 = DIRECTION('',(0.,1.,0.));
#1741 = DIRECTION('',(0.,0.,1.));
#1742 = ADVANCED_FACE('',(#1743),#1754,.T.);
#1743 = FACE_BOUND('',#1744,.T.);
#1744 = EDGE_LOOP('',(#1745,#1751,#1752,#1753));
#1745 = ORIENTED_EDGE('',*,*,#1746,.F.);
#1746 = EDGE_CURVE('',#1386,#1130,#1747,.T.);
#1747 = LINE('',#1748,#1749);
#1748 = CARTESIAN_POINT('',(15.875,12.,2.95));
#1749 = VECTOR('',#1750,1.);
#1750 = DIRECTION('',(0.,0.,1.));
#1751 = ORIENTED_EDGE('',*,*,#1393,.T.);
#1752 = ORIENTED_EDGE('',*,*,#1731,.T.);
#1753 = ORIENTED_EDGE('',*,*,#1137,.F.);
#1754 = PLANE('',#1755);
#1755 = AXIS2_PLACEMENT_3D('',#1756,#1757,#1758);
#1756 = CARTESIAN_POINT('',(15.875,12.,2.95));
#1757 = DIRECTION('',(1.,0.,0.));
#1758 = DIRECTION('',(0.,0.,1.));
#1759 = ADVANCED_FACE('',(#1760),#1771,.T.);
#1760 = FACE_BOUND('',#1761,.T.);
#1761 = EDGE_LOOP('',(#1762,#1763,#1764,#1770));
#1762 = ORIENTED_EDGE('',*,*,#1661,.F.);
#1763 = ORIENTED_EDGE('',*,*,#1377,.T.);
#1764 = ORIENTED_EDGE('',*,*,#1765,.F.);
#1765 = EDGE_CURVE('',#1122,#1378,#1766,.T.);
#1766 = LINE('',#1767,#1768);
#1767 = CARTESIAN_POINT('',(30.875,12.,2.95));
#1768 = VECTOR('',#1769,1.);
#1769 = DIRECTION('',(0.,0.,-1.));
#1770 = ORIENTED_EDGE('',*,*,#1121,.F.);
#1771 = PLANE('',#1772);
#1772 = AXIS2_PLACEMENT_3D('',#1773,#1774,#1775);
#1773 = CARTESIAN_POINT('',(30.875,10.,2.95));
#1774 = DIRECTION('',(1.,0.,0.));
#1775 = DIRECTION('',(0.,0.,1.));
#1776 = ADVANCED_FACE('',(#1777),#1783,.T.);
#1777 = FACE_BOUND('',#1778,.T.);
#1778 = EDGE_LOOP('',(#1779,#1780,#1781,#1782));
#1779 = ORIENTED_EDGE('',*,*,#1129,.F.);
#1780 = ORIENTED_EDGE('',*,*,#1765,.T.);
#1781 = ORIENTED_EDGE('',*,*,#1385,.T.);
#1782 = ORIENTED_EDGE('',*,*,#1746,.T.);
#1783 = PLANE('',#1784);
#1784 = AXIS2_PLACEMENT_3D('',#1785,#1786,#1787);
#1785 = CARTESIAN_POINT('',(15.875,12.,2.95));
#1786 = DIRECTION('',(0.,1.,0.));
#1787 = DIRECTION('',(0.,0.,1.));
#1788 = ADVANCED_FACE('',(#1789),#1792,.T.);
#1789 = FACE_BOUND('',#1790,.T.);
#1790 = EDGE_LOOP('',(#1791));
#1791 = ORIENTED_EDGE('',*,*,#1236,.F.);
#1792 = PLANE('',#1793);
#1793 = AXIS2_PLACEMENT_3D('',#1794,#1795,#1796);
#1794 = CARTESIAN_POINT('',(0.,0.,6.));
#1795 = DIRECTION('',(0.,0.,1.));
#1796 = DIRECTION('',(1.,0.,0.));
#1797 = ADVANCED_FACE('',(#1798),#1801,.T.);
#1798 = FACE_BOUND('',#1799,.T.);
#1799 = EDGE_LOOP('',(#1800));
#1800 = ORIENTED_EDGE('',*,*,#1247,.F.);
#1801 = PLANE('',#1802);
#1802 = AXIS2_PLACEMENT_3D('',#1803,#1804,#1805);
#1803 = CARTESIAN_POINT('',(0.,0.,6.));
#1804 = DIRECTION('',(0.,0.,1.));
#1805 = DIRECTION('',(1.,0.,0.));
#1806 = ADVANCED_FACE('',(#1807),#1810,.T.);
#1807 = FACE_BOUND('',#1808,.T.);
#1808 = EDGE_LOOP('',(#1809));
#1809 = ORIENTED_EDGE('',*,*,#1258,.F.);
#1810 = PLANE('',#1811);
#1811 = AXIS2_PLACEMENT_3D('',#1812,#1813,#1814);
#1812 = CARTESIAN_POINT('',(0.,0.,6.));
#1813 = DIRECTION('',(0.,0.,1.));
#1814 = DIRECTION('',(1.,0.,0.));
#1815 = MANIFOLD_SOLID_BREP('',#1816);
#1816 = CLOSED_SHELL('',(#1817,#1857,#2175,#2200,#2225,#2457,#2479,#2496
    ,#2513,#2530,#2542,#2559,#2576,#2593,#2610,#2627,#2644,#2661,#2678,
    #2695,#2712,#2729,#2746,#2763,#2780,#2797,#2814,#2831,#2843,#2874,
    #2899,#2923,#2940,#2971,#2995,#3019,#3037,#3054,#3071,#3088,#3106,
    #3121,#3139,#3154,#3164));
#1817 = ADVANCED_FACE('',(#1818),#1852,.F.);
#1818 = FACE_BOUND('',#1819,.F.);
#1819 = EDGE_LOOP('',(#1820,#1830,#1838,#1846));
#1820 = ORIENTED_EDGE('',*,*,#1821,.F.);
#1821 = EDGE_CURVE('',#1822,#1824,#1826,.T.);
#1822 = VERTEX_POINT('',#1823);
#1823 = CARTESIAN_POINT('',(-8.881784197001E-16,4.,9.));
#1824 = VERTEX_POINT('',#1825);
#1825 = CARTESIAN_POINT('',(-8.881784197001E-16,188.2,9.));
#1826 = LINE('',#1827,#1828);
#1827 = CARTESIAN_POINT('',(0.,0.,9.));
#1828 = VECTOR('',#1829,1.);
#1829 = DIRECTION('',(0.,1.,0.));
#1830 = ORIENTED_EDGE('',*,*,#1831,.F.);
#1831 = EDGE_CURVE('',#1832,#1822,#1834,.T.);
#1832 = VERTEX_POINT('',#1833);
#1833 = CARTESIAN_POINT('',(-8.881784197001E-16,4.,6.));
#1834 = LINE('',#1835,#1836);
#1835 = CARTESIAN_POINT('',(-8.881784197001E-16,4.,6.));
#1836 = VECTOR('',#1837,1.);
#1837 = DIRECTION('',(0.,0.,1.));
#1838 = ORIENTED_EDGE('',*,*,#1839,.T.);
#1839 = EDGE_CURVE('',#1832,#1840,#1842,.T.);
#1840 = VERTEX_POINT('',#1841);
#1841 = CARTESIAN_POINT('',(-8.881784197001E-16,188.2,6.));
#1842 = LINE('',#1843,#1844);
#1843 = CARTESIAN_POINT('',(0.,0.,6.));
#1844 = VECTOR('',#1845,1.);
#1845 = DIRECTION('',(0.,1.,0.));
#1846 = ORIENTED_EDGE('',*,*,#1847,.T.);
#1847 = EDGE_CURVE('',#1840,#1824,#1848,.T.);
#1848 = LINE('',#1849,#1850);
#1849 = CARTESIAN_POINT('',(-8.881784197001E-16,188.2,6.));
#1850 = VECTOR('',#1851,1.);
#1851 = DIRECTION('',(0.,0.,1.));
#1852 = PLANE('',#1853);
#1853 = AXIS2_PLACEMENT_3D('',#1854,#1855,#1856);
#1854 = CARTESIAN_POINT('',(0.,0.,6.));
#1855 = DIRECTION('',(1.,0.,0.));
#1856 = DIRECTION('',(0.,0.,1.));
#1857 = ADVANCED_FACE('',(#1858,#2067,#2102,#2137,#2148,#2159),#2170,.T.
  );
#1858 = FACE_BOUND('',#1859,.T.);
#1859 = EDGE_LOOP('',(#1860,#1870,#1879,#1887,#1894,#1895,#1904,#1912,
    #1920,#1928,#1937,#1946,#1954,#1962,#1970,#1978,#1986,#1994,#2002,
    #2010,#2018,#2027,#2036,#2044,#2052,#2060));
#1860 = ORIENTED_EDGE('',*,*,#1861,.T.);
#1861 = EDGE_CURVE('',#1862,#1864,#1866,.T.);
#1862 = VERTEX_POINT('',#1863);
#1863 = CARTESIAN_POINT('',(150.8,4.,9.));
#1864 = VERTEX_POINT('',#1865);
#1865 = CARTESIAN_POINT('',(150.8,188.2,9.));
#1866 = LINE('',#1867,#1868);
#1867 = CARTESIAN_POINT('',(150.8,0.,9.));
#1868 = VECTOR('',#1869,1.);
#1869 = DIRECTION('',(0.,1.,0.));
#1870 = ORIENTED_EDGE('',*,*,#1871,.F.);
#1871 = EDGE_CURVE('',#1872,#1864,#1874,.T.);
#1872 = VERTEX_POINT('',#1873);
#1873 = CARTESIAN_POINT('',(146.8,192.2,9.));
#1874 = CIRCLE('',#1875,4.);
#1875 = AXIS2_PLACEMENT_3D('',#1876,#1877,#1878);
#1876 = CARTESIAN_POINT('',(146.8,188.2,9.));
#1877 = DIRECTION('',(-0.,-0.,-1.));
#1878 = DIRECTION('',(0.,-1.,0.));
#1879 = ORIENTED_EDGE('',*,*,#1880,.F.);
#1880 = EDGE_CURVE('',#1881,#1872,#1883,.T.);
#1881 = VERTEX_POINT('',#1882);
#1882 = CARTESIAN_POINT('',(4.,192.2,9.));
#1883 = LINE('',#1884,#1885);
#1884 = CARTESIAN_POINT('',(0.,192.2,9.));
#1885 = VECTOR('',#1886,1.);
#1886 = DIRECTION('',(1.,0.,0.));
#1887 = ORIENTED_EDGE('',*,*,#1888,.F.);
#1888 = EDGE_CURVE('',#1824,#1881,#1889,.T.);
#1889 = CIRCLE('',#1890,4.);
#1890 = AXIS2_PLACEMENT_3D('',#1891,#1892,#1893);
#1891 = CARTESIAN_POINT('',(4.,188.2,9.));
#1892 = DIRECTION('',(-0.,-0.,-1.));
#1893 = DIRECTION('',(0.,-1.,0.));
#1894 = ORIENTED_EDGE('',*,*,#1821,.F.);
#1895 = ORIENTED_EDGE('',*,*,#1896,.T.);
#1896 = EDGE_CURVE('',#1822,#1897,#1899,.T.);
#1897 = VERTEX_POINT('',#1898);
#1898 = CARTESIAN_POINT('',(4.,-8.881784197001E-16,9.));
#1899 = CIRCLE('',#1900,4.);
#1900 = AXIS2_PLACEMENT_3D('',#1901,#1902,#1903);
#1901 = CARTESIAN_POINT('',(4.,4.,9.));
#1902 = DIRECTION('',(-0.,0.,1.));
#1903 = DIRECTION('',(0.,-1.,0.));
#1904 = ORIENTED_EDGE('',*,*,#1905,.T.);
#1905 = EDGE_CURVE('',#1897,#1906,#1908,.T.);
#1906 = VERTEX_POINT('',#1907);
#1907 = CARTESIAN_POINT('',(80.4,0.,9.));
#1908 = LINE('',#1909,#1910);
#1909 = CARTESIAN_POINT('',(0.,0.,9.));
#1910 = VECTOR('',#1911,1.);
#1911 = DIRECTION('',(1.,0.,0.));
#1912 = ORIENTED_EDGE('',*,*,#1913,.T.);
#1913 = EDGE_CURVE('',#1906,#1914,#1916,.T.);
#1914 = VERTEX_POINT('',#1915);
#1915 = CARTESIAN_POINT('',(80.4,10.,9.));
#1916 = LINE('',#1917,#1918);
#1917 = CARTESIAN_POINT('',(80.4,-2.5E-02,9.));
#1918 = VECTOR('',#1919,1.);
#1919 = DIRECTION('',(0.,1.,0.));
#1920 = ORIENTED_EDGE('',*,*,#1921,.T.);
#1921 = EDGE_CURVE('',#1914,#1922,#1924,.T.);
#1922 = VERTEX_POINT('',#1923);
#1923 = CARTESIAN_POINT('',(41.253993620398,10.,9.));
#1924 = LINE('',#1925,#1926);
#1925 = CARTESIAN_POINT('',(15.4375,10.,9.));
#1926 = VECTOR('',#1927,1.);
#1927 = DIRECTION('',(-1.,0.,0.));
#1928 = ORIENTED_EDGE('',*,*,#1929,.T.);
#1929 = EDGE_CURVE('',#1922,#1930,#1932,.T.);
#1930 = VERTEX_POINT('',#1931);
#1931 = CARTESIAN_POINT('',(38.65,9.5,9.));
#1932 = CIRCLE('',#1933,1.35);
#1933 = AXIS2_PLACEMENT_3D('',#1934,#1935,#1936);
#1934 = CARTESIAN_POINT('',(40.,9.5,9.));
#1935 = DIRECTION('',(0.,0.,-1.));
#1936 = DIRECTION('',(-1.,0.,0.));
#1937 = ORIENTED_EDGE('',*,*,#1938,.T.);
#1938 = EDGE_CURVE('',#1930,#1939,#1941,.T.);
#1939 = VERTEX_POINT('',#1940);
#1940 = CARTESIAN_POINT('',(38.746006379602,10.,9.));
#1941 = CIRCLE('',#1942,1.35);
#1942 = AXIS2_PLACEMENT_3D('',#1943,#1944,#1945);
#1943 = CARTESIAN_POINT('',(40.,9.5,9.));
#1944 = DIRECTION('',(0.,0.,-1.));
#1945 = DIRECTION('',(-1.,0.,0.));
#1946 = ORIENTED_EDGE('',*,*,#1947,.T.);
#1947 = EDGE_CURVE('',#1939,#1948,#1950,.T.);
#1948 = VERTEX_POINT('',#1949);
#1949 = CARTESIAN_POINT('',(30.875,10.,9.));
#1950 = LINE('',#1951,#1952);
#1951 = CARTESIAN_POINT('',(15.4375,10.,9.));
#1952 = VECTOR('',#1953,1.);
#1953 = DIRECTION('',(-1.,0.,0.));
#1954 = ORIENTED_EDGE('',*,*,#1955,.T.);
#1955 = EDGE_CURVE('',#1948,#1956,#1958,.T.);
#1956 = VERTEX_POINT('',#1957);
#1957 = CARTESIAN_POINT('',(30.875,12.,9.));
#1958 = LINE('',#1959,#1960);
#1959 = CARTESIAN_POINT('',(30.875,5.,9.));
#1960 = VECTOR('',#1961,1.);
#1961 = DIRECTION('',(0.,1.,0.));
#1962 = ORIENTED_EDGE('',*,*,#1963,.T.);
#1963 = EDGE_CURVE('',#1956,#1964,#1966,.T.);
#1964 = VERTEX_POINT('',#1965);
#1965 = CARTESIAN_POINT('',(15.875,12.,9.));
#1966 = LINE('',#1967,#1968);
#1967 = CARTESIAN_POINT('',(7.9375,12.,9.));
#1968 = VECTOR('',#1969,1.);
#1969 = DIRECTION('',(-1.,0.,0.));
#1970 = ORIENTED_EDGE('',*,*,#1971,.T.);
#1971 = EDGE_CURVE('',#1964,#1972,#1974,.T.);
#1972 = VERTEX_POINT('',#1973);
#1973 = CARTESIAN_POINT('',(15.875,180.2,9.));
#1974 = LINE('',#1975,#1976);
#1975 = CARTESIAN_POINT('',(15.875,6.,9.));
#1976 = VECTOR('',#1977,1.);
#1977 = DIRECTION('',(0.,1.,0.));
#1978 = ORIENTED_EDGE('',*,*,#1979,.F.);
#1979 = EDGE_CURVE('',#1980,#1972,#1982,.T.);
#1980 = VERTEX_POINT('',#1981);
#1981 = CARTESIAN_POINT('',(134.925,180.2,9.));
#1982 = LINE('',#1983,#1984);
#1983 = CARTESIAN_POINT('',(7.9375,180.2,9.));
#1984 = VECTOR('',#1985,1.);
#1985 = DIRECTION('',(-1.,0.,0.));
#1986 = ORIENTED_EDGE('',*,*,#1987,.F.);
#1987 = EDGE_CURVE('',#1988,#1980,#1990,.T.);
#1988 = VERTEX_POINT('',#1989);
#1989 = CARTESIAN_POINT('',(134.925,12.,9.));
#1990 = LINE('',#1991,#1992);
#1991 = CARTESIAN_POINT('',(134.925,6.,9.));
#1992 = VECTOR('',#1993,1.);
#1993 = DIRECTION('',(0.,1.,0.));
#1994 = ORIENTED_EDGE('',*,*,#1995,.T.);
#1995 = EDGE_CURVE('',#1988,#1996,#1998,.T.);
#1996 = VERTEX_POINT('',#1997);
#1997 = CARTESIAN_POINT('',(119.925,12.,9.));
#1998 = LINE('',#1999,#2000);
#1999 = CARTESIAN_POINT('',(7.9375,12.,9.));
#2000 = VECTOR('',#2001,1.);
#2001 = DIRECTION('',(-1.,0.,0.));
#2002 = ORIENTED_EDGE('',*,*,#2003,.F.);
#2003 = EDGE_CURVE('',#2004,#1996,#2006,.T.);
#2004 = VERTEX_POINT('',#2005);
#2005 = CARTESIAN_POINT('',(119.925,10.,9.));
#2006 = LINE('',#2007,#2008);
#2007 = CARTESIAN_POINT('',(119.925,5.,9.));
#2008 = VECTOR('',#2009,1.);
#2009 = DIRECTION('',(0.,1.,0.));
#2010 = ORIENTED_EDGE('',*,*,#2011,.T.);
#2011 = EDGE_CURVE('',#2004,#2012,#2014,.T.);
#2012 = VERTEX_POINT('',#2013);
#2013 = CARTESIAN_POINT('',(112.05399362039,10.,9.));
#2014 = LINE('',#2015,#2016);
#2015 = CARTESIAN_POINT('',(15.4375,10.,9.));
#2016 = VECTOR('',#2017,1.);
#2017 = DIRECTION('',(-1.,0.,0.));
#2018 = ORIENTED_EDGE('',*,*,#2019,.T.);
#2019 = EDGE_CURVE('',#2012,#2020,#2022,.T.);
#2020 = VERTEX_POINT('',#2021);
#2021 = CARTESIAN_POINT('',(109.45,9.5,9.));
#2022 = CIRCLE('',#2023,1.35);
#2023 = AXIS2_PLACEMENT_3D('',#2024,#2025,#2026);
#2024 = CARTESIAN_POINT('',(110.8,9.5,9.));
#2025 = DIRECTION('',(0.,0.,-1.));
#2026 = DIRECTION('',(-1.,0.,0.));
#2027 = ORIENTED_EDGE('',*,*,#2028,.T.);
#2028 = EDGE_CURVE('',#2020,#2029,#2031,.T.);
#2029 = VERTEX_POINT('',#2030);
#2030 = CARTESIAN_POINT('',(109.5460063796,10.,9.));
#2031 = CIRCLE('',#2032,1.35);
#2032 = AXIS2_PLACEMENT_3D('',#2033,#2034,#2035);
#2033 = CARTESIAN_POINT('',(110.8,9.5,9.));
#2034 = DIRECTION('',(0.,0.,-1.));
#2035 = DIRECTION('',(-1.,0.,0.));
#2036 = ORIENTED_EDGE('',*,*,#2037,.T.);
#2037 = EDGE_CURVE('',#2029,#2038,#2040,.T.);
#2038 = VERTEX_POINT('',#2039);
#2039 = CARTESIAN_POINT('',(94.4,10.,9.));
#2040 = LINE('',#2041,#2042);
#2041 = CARTESIAN_POINT('',(15.4375,10.,9.));
#2042 = VECTOR('',#2043,1.);
#2043 = DIRECTION('',(-1.,0.,0.));
#2044 = ORIENTED_EDGE('',*,*,#2045,.F.);
#2045 = EDGE_CURVE('',#2046,#2038,#2048,.T.);
#2046 = VERTEX_POINT('',#2047);
#2047 = CARTESIAN_POINT('',(94.4,0.,9.));
#2048 = LINE('',#2049,#2050);
#2049 = CARTESIAN_POINT('',(94.4,-2.5E-02,9.));
#2050 = VECTOR('',#2051,1.);
#2051 = DIRECTION('',(0.,1.,0.));
#2052 = ORIENTED_EDGE('',*,*,#2053,.T.);
#2053 = EDGE_CURVE('',#2046,#2054,#2056,.T.);
#2054 = VERTEX_POINT('',#2055);
#2055 = CARTESIAN_POINT('',(146.8,-8.881784197001E-16,9.));
#2056 = LINE('',#2057,#2058);
#2057 = CARTESIAN_POINT('',(0.,0.,9.));
#2058 = VECTOR('',#2059,1.);
#2059 = DIRECTION('',(1.,0.,0.));
#2060 = ORIENTED_EDGE('',*,*,#2061,.F.);
#2061 = EDGE_CURVE('',#1862,#2054,#2062,.T.);
#2062 = CIRCLE('',#2063,4.);
#2063 = AXIS2_PLACEMENT_3D('',#2064,#2065,#2066);
#2064 = CARTESIAN_POINT('',(146.8,4.,9.));
#2065 = DIRECTION('',(-0.,-0.,-1.));
#2066 = DIRECTION('',(0.,-1.,0.));
#2067 = FACE_BOUND('',#2068,.T.);
#2068 = EDGE_LOOP('',(#2069,#2079,#2088,#2096));
#2069 = ORIENTED_EDGE('',*,*,#2070,.F.);
#2070 = EDGE_CURVE('',#2071,#2073,#2075,.T.);
#2071 = VERTEX_POINT('',#2072);
#2072 = CARTESIAN_POINT('',(13.,150.,9.));
#2073 = VERTEX_POINT('',#2074);
#2074 = CARTESIAN_POINT('',(13.,172.,9.));
#2075 = LINE('',#2076,#2077);
#2076 = CARTESIAN_POINT('',(13.,75.,9.));
#2077 = VECTOR('',#2078,1.);
#2078 = DIRECTION('',(0.,1.,0.));
#2079 = ORIENTED_EDGE('',*,*,#2080,.F.);
#2080 = EDGE_CURVE('',#2081,#2071,#2083,.T.);
#2081 = VERTEX_POINT('',#2082);
#2082 = CARTESIAN_POINT('',(3.,150.,9.));
#2083 = CIRCLE('',#2084,5.);
#2084 = AXIS2_PLACEMENT_3D('',#2085,#2086,#2087);
#2085 = CARTESIAN_POINT('',(8.,150.,9.));
#2086 = DIRECTION('',(0.,0.,1.));
#2087 = DIRECTION('',(1.,0.,0.));
#2088 = ORIENTED_EDGE('',*,*,#2089,.T.);
#2089 = EDGE_CURVE('',#2081,#2090,#2092,.T.);
#2090 = VERTEX_POINT('',#2091);
#2091 = CARTESIAN_POINT('',(3.,172.,9.));
#2092 = LINE('',#2093,#2094);
#2093 = CARTESIAN_POINT('',(3.,75.,9.));
#2094 = VECTOR('',#2095,1.);
#2095 = DIRECTION('',(0.,1.,0.));
#2096 = ORIENTED_EDGE('',*,*,#2097,.F.);
#2097 = EDGE_CURVE('',#2073,#2090,#2098,.T.);
#2098 = LINE('',#2099,#2100);
#2099 = CARTESIAN_POINT('',(1.5,172.,9.));
#2100 = VECTOR('',#2101,1.);
#2101 = DIRECTION('',(-1.,0.,0.));
#2102 = FACE_BOUND('',#2103,.T.);
#2103 = EDGE_LOOP('',(#2104,#2114,#2123,#2131));
#2104 = ORIENTED_EDGE('',*,*,#2105,.F.);
#2105 = EDGE_CURVE('',#2106,#2108,#2110,.T.);
#2106 = VERTEX_POINT('',#2107);
#2107 = CARTESIAN_POINT('',(147.8,150.,9.));
#2108 = VERTEX_POINT('',#2109);
#2109 = CARTESIAN_POINT('',(147.8,172.,9.));
#2110 = LINE('',#2111,#2112);
#2111 = CARTESIAN_POINT('',(147.8,75.,9.));
#2112 = VECTOR('',#2113,1.);
#2113 = DIRECTION('',(0.,1.,0.));
#2114 = ORIENTED_EDGE('',*,*,#2115,.F.);
#2115 = EDGE_CURVE('',#2116,#2106,#2118,.T.);
#2116 = VERTEX_POINT('',#2117);
#2117 = CARTESIAN_POINT('',(137.8,150.,9.));
#2118 = CIRCLE('',#2119,5.);
#2119 = AXIS2_PLACEMENT_3D('',#2120,#2121,#2122);
#2120 = CARTESIAN_POINT('',(142.8,150.,9.));
#2121 = DIRECTION('',(0.,0.,1.));
#2122 = DIRECTION('',(1.,0.,0.));
#2123 = ORIENTED_EDGE('',*,*,#2124,.T.);
#2124 = EDGE_CURVE('',#2116,#2125,#2127,.T.);
#2125 = VERTEX_POINT('',#2126);
#2126 = CARTESIAN_POINT('',(137.8,172.,9.));
#2127 = LINE('',#2128,#2129);
#2128 = CARTESIAN_POINT('',(137.8,75.,9.));
#2129 = VECTOR('',#2130,1.);
#2130 = DIRECTION('',(0.,1.,0.));
#2131 = ORIENTED_EDGE('',*,*,#2132,.F.);
#2132 = EDGE_CURVE('',#2108,#2125,#2133,.T.);
#2133 = LINE('',#2134,#2135);
#2134 = CARTESIAN_POINT('',(68.9,172.,9.));
#2135 = VECTOR('',#2136,1.);
#2136 = DIRECTION('',(-1.,0.,0.));
#2137 = FACE_BOUND('',#2138,.T.);
#2138 = EDGE_LOOP('',(#2139));
#2139 = ORIENTED_EDGE('',*,*,#2140,.T.);
#2140 = EDGE_CURVE('',#2141,#2141,#2143,.T.);
#2141 = VERTEX_POINT('',#2142);
#2142 = CARTESIAN_POINT('',(38.65,182.7,9.));
#2143 = CIRCLE('',#2144,1.35);
#2144 = AXIS2_PLACEMENT_3D('',#2145,#2146,#2147);
#2145 = CARTESIAN_POINT('',(40.,182.7,9.));
#2146 = DIRECTION('',(0.,0.,-1.));
#2147 = DIRECTION('',(-1.,0.,0.));
#2148 = FACE_BOUND('',#2149,.T.);
#2149 = EDGE_LOOP('',(#2150));
#2150 = ORIENTED_EDGE('',*,*,#2151,.T.);
#2151 = EDGE_CURVE('',#2152,#2152,#2154,.T.);
#2152 = VERTEX_POINT('',#2153);
#2153 = CARTESIAN_POINT('',(74.05,182.7,9.));
#2154 = CIRCLE('',#2155,1.35);
#2155 = AXIS2_PLACEMENT_3D('',#2156,#2157,#2158);
#2156 = CARTESIAN_POINT('',(75.4,182.7,9.));
#2157 = DIRECTION('',(0.,0.,-1.));
#2158 = DIRECTION('',(-1.,0.,0.));
#2159 = FACE_BOUND('',#2160,.T.);
#2160 = EDGE_LOOP('',(#2161));
#2161 = ORIENTED_EDGE('',*,*,#2162,.T.);
#2162 = EDGE_CURVE('',#2163,#2163,#2165,.T.);
#2163 = VERTEX_POINT('',#2164);
#2164 = CARTESIAN_POINT('',(109.45,182.7,9.));
#2165 = CIRCLE('',#2166,1.35);
#2166 = AXIS2_PLACEMENT_3D('',#2167,#2168,#2169);
#2167 = CARTESIAN_POINT('',(110.8,182.7,9.));
#2168 = DIRECTION('',(0.,0.,-1.));
#2169 = DIRECTION('',(-1.,0.,0.));
#2170 = PLANE('',#2171);
#2171 = AXIS2_PLACEMENT_3D('',#2172,#2173,#2174);
#2172 = CARTESIAN_POINT('',(0.,0.,9.));
#2173 = DIRECTION('',(0.,0.,1.));
#2174 = DIRECTION('',(1.,0.,0.));
#2175 = ADVANCED_FACE('',(#2176),#2195,.T.);
#2176 = FACE_BOUND('',#2177,.T.);
#2177 = EDGE_LOOP('',(#2178,#2187,#2193,#2194));
#2178 = ORIENTED_EDGE('',*,*,#2179,.T.);
#2179 = EDGE_CURVE('',#1832,#2180,#2182,.T.);
#2180 = VERTEX_POINT('',#2181);
#2181 = CARTESIAN_POINT('',(4.,-8.881784197001E-16,6.));
#2182 = CIRCLE('',#2183,4.);
#2183 = AXIS2_PLACEMENT_3D('',#2184,#2185,#2186);
#2184 = CARTESIAN_POINT('',(4.,4.,6.));
#2185 = DIRECTION('',(-0.,0.,1.));
#2186 = DIRECTION('',(0.,-1.,0.));
#2187 = ORIENTED_EDGE('',*,*,#2188,.T.);
#2188 = EDGE_CURVE('',#2180,#1897,#2189,.T.);
#2189 = LINE('',#2190,#2191);
#2190 = CARTESIAN_POINT('',(4.,-8.881784197001E-16,6.));
#2191 = VECTOR('',#2192,1.);
#2192 = DIRECTION('',(0.,0.,1.));
#2193 = ORIENTED_EDGE('',*,*,#1896,.F.);
#2194 = ORIENTED_EDGE('',*,*,#1831,.F.);
#2195 = CYLINDRICAL_SURFACE('',#2196,4.);
#2196 = AXIS2_PLACEMENT_3D('',#2197,#2198,#2199);
#2197 = CARTESIAN_POINT('',(4.,4.,6.));
#2198 = DIRECTION('',(0.,0.,1.));
#2199 = DIRECTION('',(-1.,0.,0.));
#2200 = ADVANCED_FACE('',(#2201),#2220,.T.);
#2201 = FACE_BOUND('',#2202,.F.);
#2202 = EDGE_LOOP('',(#2203,#2212,#2218,#2219));
#2203 = ORIENTED_EDGE('',*,*,#2204,.T.);
#2204 = EDGE_CURVE('',#1840,#2205,#2207,.T.);
#2205 = VERTEX_POINT('',#2206);
#2206 = CARTESIAN_POINT('',(4.,192.2,6.));
#2207 = CIRCLE('',#2208,4.);
#2208 = AXIS2_PLACEMENT_3D('',#2209,#2210,#2211);
#2209 = CARTESIAN_POINT('',(4.,188.2,6.));
#2210 = DIRECTION('',(-0.,-0.,-1.));
#2211 = DIRECTION('',(0.,-1.,0.));
#2212 = ORIENTED_EDGE('',*,*,#2213,.T.);
#2213 = EDGE_CURVE('',#2205,#1881,#2214,.T.);
#2214 = LINE('',#2215,#2216);
#2215 = CARTESIAN_POINT('',(4.,192.2,6.));
#2216 = VECTOR('',#2217,1.);
#2217 = DIRECTION('',(0.,0.,1.));
#2218 = ORIENTED_EDGE('',*,*,#1888,.F.);
#2219 = ORIENTED_EDGE('',*,*,#1847,.F.);
#2220 = CYLINDRICAL_SURFACE('',#2221,4.);
#2221 = AXIS2_PLACEMENT_3D('',#2222,#2223,#2224);
#2222 = CARTESIAN_POINT('',(4.,188.2,6.));
#2223 = DIRECTION('',(0.,0.,1.));
#2224 = DIRECTION('',(-1.,0.,0.));
#2225 = ADVANCED_FACE('',(#2226,#2419,#2430,#2441),#2452,.F.);
#2226 = FACE_BOUND('',#2227,.F.);
#2227 = EDGE_LOOP('',(#2228,#2238,#2247,#2253,#2254,#2255,#2256,#2264,
    #2272,#2280,#2289,#2298,#2306,#2314,#2322,#2330,#2338,#2346,#2354,
    #2362,#2370,#2379,#2388,#2396,#2404,#2412));
#2228 = ORIENTED_EDGE('',*,*,#2229,.T.);
#2229 = EDGE_CURVE('',#2230,#2232,#2234,.T.);
#2230 = VERTEX_POINT('',#2231);
#2231 = CARTESIAN_POINT('',(150.8,4.,6.));
#2232 = VERTEX_POINT('',#2233);
#2233 = CARTESIAN_POINT('',(150.8,188.2,6.));
#2234 = LINE('',#2235,#2236);
#2235 = CARTESIAN_POINT('',(150.8,0.,6.));
#2236 = VECTOR('',#2237,1.);
#2237 = DIRECTION('',(0.,1.,0.));
#2238 = ORIENTED_EDGE('',*,*,#2239,.F.);
#2239 = EDGE_CURVE('',#2240,#2232,#2242,.T.);
#2240 = VERTEX_POINT('',#2241);
#2241 = CARTESIAN_POINT('',(146.8,192.2,6.));
#2242 = CIRCLE('',#2243,4.);
#2243 = AXIS2_PLACEMENT_3D('',#2244,#2245,#2246);
#2244 = CARTESIAN_POINT('',(146.8,188.2,6.));
#2245 = DIRECTION('',(-0.,-0.,-1.));
#2246 = DIRECTION('',(0.,-1.,0.));
#2247 = ORIENTED_EDGE('',*,*,#2248,.F.);
#2248 = EDGE_CURVE('',#2205,#2240,#2249,.T.);
#2249 = LINE('',#2250,#2251);
#2250 = CARTESIAN_POINT('',(0.,192.2,6.));
#2251 = VECTOR('',#2252,1.);
#2252 = DIRECTION('',(1.,0.,0.));
#2253 = ORIENTED_EDGE('',*,*,#2204,.F.);
#2254 = ORIENTED_EDGE('',*,*,#1839,.F.);
#2255 = ORIENTED_EDGE('',*,*,#2179,.T.);
#2256 = ORIENTED_EDGE('',*,*,#2257,.T.);
#2257 = EDGE_CURVE('',#2180,#2258,#2260,.T.);
#2258 = VERTEX_POINT('',#2259);
#2259 = CARTESIAN_POINT('',(80.4,0.,6.));
#2260 = LINE('',#2261,#2262);
#2261 = CARTESIAN_POINT('',(0.,0.,6.));
#2262 = VECTOR('',#2263,1.);
#2263 = DIRECTION('',(1.,0.,0.));
#2264 = ORIENTED_EDGE('',*,*,#2265,.T.);
#2265 = EDGE_CURVE('',#2258,#2266,#2268,.T.);
#2266 = VERTEX_POINT('',#2267);
#2267 = CARTESIAN_POINT('',(80.4,10.,6.));
#2268 = LINE('',#2269,#2270);
#2269 = CARTESIAN_POINT('',(80.4,-2.5E-02,6.));
#2270 = VECTOR('',#2271,1.);
#2271 = DIRECTION('',(0.,1.,0.));
#2272 = ORIENTED_EDGE('',*,*,#2273,.T.);
#2273 = EDGE_CURVE('',#2266,#2274,#2276,.T.);
#2274 = VERTEX_POINT('',#2275);
#2275 = CARTESIAN_POINT('',(41.253993620398,10.,6.));
#2276 = LINE('',#2277,#2278);
#2277 = CARTESIAN_POINT('',(15.4375,10.,6.));
#2278 = VECTOR('',#2279,1.);
#2279 = DIRECTION('',(-1.,0.,0.));
#2280 = ORIENTED_EDGE('',*,*,#2281,.T.);
#2281 = EDGE_CURVE('',#2274,#2282,#2284,.T.);
#2282 = VERTEX_POINT('',#2283);
#2283 = CARTESIAN_POINT('',(38.65,9.5,6.));
#2284 = CIRCLE('',#2285,1.35);
#2285 = AXIS2_PLACEMENT_3D('',#2286,#2287,#2288);
#2286 = CARTESIAN_POINT('',(40.,9.5,6.));
#2287 = DIRECTION('',(0.,0.,-1.));
#2288 = DIRECTION('',(-1.,0.,0.));
#2289 = ORIENTED_EDGE('',*,*,#2290,.T.);
#2290 = EDGE_CURVE('',#2282,#2291,#2293,.T.);
#2291 = VERTEX_POINT('',#2292);
#2292 = CARTESIAN_POINT('',(38.746006379602,10.,6.));
#2293 = CIRCLE('',#2294,1.35);
#2294 = AXIS2_PLACEMENT_3D('',#2295,#2296,#2297);
#2295 = CARTESIAN_POINT('',(40.,9.5,6.));
#2296 = DIRECTION('',(0.,0.,-1.));
#2297 = DIRECTION('',(-1.,0.,0.));
#2298 = ORIENTED_EDGE('',*,*,#2299,.T.);
#2299 = EDGE_CURVE('',#2291,#2300,#2302,.T.);
#2300 = VERTEX_POINT('',#2301);
#2301 = CARTESIAN_POINT('',(30.875,10.,6.));
#2302 = LINE('',#2303,#2304);
#2303 = CARTESIAN_POINT('',(15.4375,10.,6.));
#2304 = VECTOR('',#2305,1.);
#2305 = DIRECTION('',(-1.,0.,0.));
#2306 = ORIENTED_EDGE('',*,*,#2307,.T.);
#2307 = EDGE_CURVE('',#2300,#2308,#2310,.T.);
#2308 = VERTEX_POINT('',#2309);
#2309 = CARTESIAN_POINT('',(30.875,12.,6.));
#2310 = LINE('',#2311,#2312);
#2311 = CARTESIAN_POINT('',(30.875,5.,6.));
#2312 = VECTOR('',#2313,1.);
#2313 = DIRECTION('',(0.,1.,0.));
#2314 = ORIENTED_EDGE('',*,*,#2315,.T.);
#2315 = EDGE_CURVE('',#2308,#2316,#2318,.T.);
#2316 = VERTEX_POINT('',#2317);
#2317 = CARTESIAN_POINT('',(15.875,12.,6.));
#2318 = LINE('',#2319,#2320);
#2319 = CARTESIAN_POINT('',(7.9375,12.,6.));
#2320 = VECTOR('',#2321,1.);
#2321 = DIRECTION('',(-1.,0.,0.));
#2322 = ORIENTED_EDGE('',*,*,#2323,.T.);
#2323 = EDGE_CURVE('',#2316,#2324,#2326,.T.);
#2324 = VERTEX_POINT('',#2325);
#2325 = CARTESIAN_POINT('',(15.875,180.2,6.));
#2326 = LINE('',#2327,#2328);
#2327 = CARTESIAN_POINT('',(15.875,6.,6.));
#2328 = VECTOR('',#2329,1.);
#2329 = DIRECTION('',(0.,1.,0.));
#2330 = ORIENTED_EDGE('',*,*,#2331,.F.);
#2331 = EDGE_CURVE('',#2332,#2324,#2334,.T.);
#2332 = VERTEX_POINT('',#2333);
#2333 = CARTESIAN_POINT('',(134.925,180.2,6.));
#2334 = LINE('',#2335,#2336);
#2335 = CARTESIAN_POINT('',(7.9375,180.2,6.));
#2336 = VECTOR('',#2337,1.);
#2337 = DIRECTION('',(-1.,0.,0.));
#2338 = ORIENTED_EDGE('',*,*,#2339,.F.);
#2339 = EDGE_CURVE('',#2340,#2332,#2342,.T.);
#2340 = VERTEX_POINT('',#2341);
#2341 = CARTESIAN_POINT('',(134.925,12.,6.));
#2342 = LINE('',#2343,#2344);
#2343 = CARTESIAN_POINT('',(134.925,6.,6.));
#2344 = VECTOR('',#2345,1.);
#2345 = DIRECTION('',(0.,1.,0.));
#2346 = ORIENTED_EDGE('',*,*,#2347,.T.);
#2347 = EDGE_CURVE('',#2340,#2348,#2350,.T.);
#2348 = VERTEX_POINT('',#2349);
#2349 = CARTESIAN_POINT('',(119.925,12.,6.));
#2350 = LINE('',#2351,#2352);
#2351 = CARTESIAN_POINT('',(7.9375,12.,6.));
#2352 = VECTOR('',#2353,1.);
#2353 = DIRECTION('',(-1.,0.,0.));
#2354 = ORIENTED_EDGE('',*,*,#2355,.F.);
#2355 = EDGE_CURVE('',#2356,#2348,#2358,.T.);
#2356 = VERTEX_POINT('',#2357);
#2357 = CARTESIAN_POINT('',(119.925,10.,6.));
#2358 = LINE('',#2359,#2360);
#2359 = CARTESIAN_POINT('',(119.925,5.,6.));
#2360 = VECTOR('',#2361,1.);
#2361 = DIRECTION('',(0.,1.,0.));
#2362 = ORIENTED_EDGE('',*,*,#2363,.T.);
#2363 = EDGE_CURVE('',#2356,#2364,#2366,.T.);
#2364 = VERTEX_POINT('',#2365);
#2365 = CARTESIAN_POINT('',(112.05399362039,10.,6.));
#2366 = LINE('',#2367,#2368);
#2367 = CARTESIAN_POINT('',(15.4375,10.,6.));
#2368 = VECTOR('',#2369,1.);
#2369 = DIRECTION('',(-1.,0.,0.));
#2370 = ORIENTED_EDGE('',*,*,#2371,.T.);
#2371 = EDGE_CURVE('',#2364,#2372,#2374,.T.);
#2372 = VERTEX_POINT('',#2373);
#2373 = CARTESIAN_POINT('',(109.45,9.5,6.));
#2374 = CIRCLE('',#2375,1.35);
#2375 = AXIS2_PLACEMENT_3D('',#2376,#2377,#2378);
#2376 = CARTESIAN_POINT('',(110.8,9.5,6.));
#2377 = DIRECTION('',(0.,0.,-1.));
#2378 = DIRECTION('',(-1.,0.,0.));
#2379 = ORIENTED_EDGE('',*,*,#2380,.T.);
#2380 = EDGE_CURVE('',#2372,#2381,#2383,.T.);
#2381 = VERTEX_POINT('',#2382);
#2382 = CARTESIAN_POINT('',(109.5460063796,10.,6.));
#2383 = CIRCLE('',#2384,1.35);
#2384 = AXIS2_PLACEMENT_3D('',#2385,#2386,#2387);
#2385 = CARTESIAN_POINT('',(110.8,9.5,6.));
#2386 = DIRECTION('',(0.,0.,-1.));
#2387 = DIRECTION('',(-1.,0.,0.));
#2388 = ORIENTED_EDGE('',*,*,#2389,.T.);
#2389 = EDGE_CURVE('',#2381,#2390,#2392,.T.);
#2390 = VERTEX_POINT('',#2391);
#2391 = CARTESIAN_POINT('',(94.4,10.,6.));
#2392 = LINE('',#2393,#2394);
#2393 = CARTESIAN_POINT('',(15.4375,10.,6.));
#2394 = VECTOR('',#2395,1.);
#2395 = DIRECTION('',(-1.,0.,0.));
#2396 = ORIENTED_EDGE('',*,*,#2397,.F.);
#2397 = EDGE_CURVE('',#2398,#2390,#2400,.T.);
#2398 = VERTEX_POINT('',#2399);
#2399 = CARTESIAN_POINT('',(94.4,0.,6.));
#2400 = LINE('',#2401,#2402);
#2401 = CARTESIAN_POINT('',(94.4,-2.5E-02,6.));
#2402 = VECTOR('',#2403,1.);
#2403 = DIRECTION('',(0.,1.,0.));
#2404 = ORIENTED_EDGE('',*,*,#2405,.T.);
#2405 = EDGE_CURVE('',#2398,#2406,#2408,.T.);
#2406 = VERTEX_POINT('',#2407);
#2407 = CARTESIAN_POINT('',(146.8,-8.881784197001E-16,6.));
#2408 = LINE('',#2409,#2410);
#2409 = CARTESIAN_POINT('',(0.,0.,6.));
#2410 = VECTOR('',#2411,1.);
#2411 = DIRECTION('',(1.,0.,0.));
#2412 = ORIENTED_EDGE('',*,*,#2413,.F.);
#2413 = EDGE_CURVE('',#2230,#2406,#2414,.T.);
#2414 = CIRCLE('',#2415,4.);
#2415 = AXIS2_PLACEMENT_3D('',#2416,#2417,#2418);
#2416 = CARTESIAN_POINT('',(146.8,4.,6.));
#2417 = DIRECTION('',(-0.,-0.,-1.));
#2418 = DIRECTION('',(0.,-1.,0.));
#2419 = FACE_BOUND('',#2420,.F.);
#2420 = EDGE_LOOP('',(#2421));
#2421 = ORIENTED_EDGE('',*,*,#2422,.T.);
#2422 = EDGE_CURVE('',#2423,#2423,#2425,.T.);
#2423 = VERTEX_POINT('',#2424);
#2424 = CARTESIAN_POINT('',(38.65,182.7,6.));
#2425 = CIRCLE('',#2426,1.35);
#2426 = AXIS2_PLACEMENT_3D('',#2427,#2428,#2429);
#2427 = CARTESIAN_POINT('',(40.,182.7,6.));
#2428 = DIRECTION('',(0.,0.,-1.));
#2429 = DIRECTION('',(-1.,0.,0.));
#2430 = FACE_BOUND('',#2431,.F.);
#2431 = EDGE_LOOP('',(#2432));
#2432 = ORIENTED_EDGE('',*,*,#2433,.T.);
#2433 = EDGE_CURVE('',#2434,#2434,#2436,.T.);
#2434 = VERTEX_POINT('',#2435);
#2435 = CARTESIAN_POINT('',(74.05,182.7,6.));
#2436 = CIRCLE('',#2437,1.35);
#2437 = AXIS2_PLACEMENT_3D('',#2438,#2439,#2440);
#2438 = CARTESIAN_POINT('',(75.4,182.7,6.));
#2439 = DIRECTION('',(0.,0.,-1.));
#2440 = DIRECTION('',(-1.,0.,0.));
#2441 = FACE_BOUND('',#2442,.F.);
#2442 = EDGE_LOOP('',(#2443));
#2443 = ORIENTED_EDGE('',*,*,#2444,.T.);
#2444 = EDGE_CURVE('',#2445,#2445,#2447,.T.);
#2445 = VERTEX_POINT('',#2446);
#2446 = CARTESIAN_POINT('',(109.45,182.7,6.));
#2447 = CIRCLE('',#2448,1.35);
#2448 = AXIS2_PLACEMENT_3D('',#2449,#2450,#2451);
#2449 = CARTESIAN_POINT('',(110.8,182.7,6.));
#2450 = DIRECTION('',(0.,0.,-1.));
#2451 = DIRECTION('',(-1.,0.,0.));
#2452 = PLANE('',#2453);
#2453 = AXIS2_PLACEMENT_3D('',#2454,#2455,#2456);
#2454 = CARTESIAN_POINT('',(0.,0.,6.));
#2455 = DIRECTION('',(0.,0.,1.));
#2456 = DIRECTION('',(1.,0.,0.));
#2457 = ADVANCED_FACE('',(#2458),#2474,.T.);
#2458 = FACE_BOUND('',#2459,.T.);
#2459 = EDGE_LOOP('',(#2460,#2461,#2467,#2468));
#2460 = ORIENTED_EDGE('',*,*,#1861,.F.);
#2461 = ORIENTED_EDGE('',*,*,#2462,.F.);
#2462 = EDGE_CURVE('',#2230,#1862,#2463,.T.);
#2463 = LINE('',#2464,#2465);
#2464 = CARTESIAN_POINT('',(150.8,4.,6.));
#2465 = VECTOR('',#2466,1.);
#2466 = DIRECTION('',(0.,0.,1.));
#2467 = ORIENTED_EDGE('',*,*,#2229,.T.);
#2468 = ORIENTED_EDGE('',*,*,#2469,.T.);
#2469 = EDGE_CURVE('',#2232,#1864,#2470,.T.);
#2470 = LINE('',#2471,#2472);
#2471 = CARTESIAN_POINT('',(150.8,188.2,6.));
#2472 = VECTOR('',#2473,1.);
#2473 = DIRECTION('',(0.,0.,1.));
#2474 = PLANE('',#2475);
#2475 = AXIS2_PLACEMENT_3D('',#2476,#2477,#2478);
#2476 = CARTESIAN_POINT('',(150.8,0.,6.));
#2477 = DIRECTION('',(1.,0.,0.));
#2478 = DIRECTION('',(0.,0.,1.));
#2479 = ADVANCED_FACE('',(#2480),#2491,.T.);
#2480 = FACE_BOUND('',#2481,.F.);
#2481 = EDGE_LOOP('',(#2482,#2483,#2489,#2490));
#2482 = ORIENTED_EDGE('',*,*,#2413,.T.);
#2483 = ORIENTED_EDGE('',*,*,#2484,.T.);
#2484 = EDGE_CURVE('',#2406,#2054,#2485,.T.);
#2485 = LINE('',#2486,#2487);
#2486 = CARTESIAN_POINT('',(146.8,-8.881784197001E-16,6.));
#2487 = VECTOR('',#2488,1.);
#2488 = DIRECTION('',(0.,0.,1.));
#2489 = ORIENTED_EDGE('',*,*,#2061,.F.);
#2490 = ORIENTED_EDGE('',*,*,#2462,.F.);
#2491 = CYLINDRICAL_SURFACE('',#2492,4.);
#2492 = AXIS2_PLACEMENT_3D('',#2493,#2494,#2495);
#2493 = CARTESIAN_POINT('',(146.8,4.,6.));
#2494 = DIRECTION('',(0.,0.,1.));
#2495 = DIRECTION('',(1.,0.,0.));
#2496 = ADVANCED_FACE('',(#2497),#2508,.T.);
#2497 = FACE_BOUND('',#2498,.F.);
#2498 = EDGE_LOOP('',(#2499,#2500,#2501,#2502));
#2499 = ORIENTED_EDGE('',*,*,#2239,.T.);
#2500 = ORIENTED_EDGE('',*,*,#2469,.T.);
#2501 = ORIENTED_EDGE('',*,*,#1871,.F.);
#2502 = ORIENTED_EDGE('',*,*,#2503,.F.);
#2503 = EDGE_CURVE('',#2240,#1872,#2504,.T.);
#2504 = LINE('',#2505,#2506);
#2505 = CARTESIAN_POINT('',(146.8,192.2,6.));
#2506 = VECTOR('',#2507,1.);
#2507 = DIRECTION('',(0.,0.,1.));
#2508 = CYLINDRICAL_SURFACE('',#2509,4.);
#2509 = AXIS2_PLACEMENT_3D('',#2510,#2511,#2512);
#2510 = CARTESIAN_POINT('',(146.8,188.2,6.));
#2511 = DIRECTION('',(0.,0.,1.));
#2512 = DIRECTION('',(0.,1.,0.));
#2513 = ADVANCED_FACE('',(#2514),#2525,.F.);
#2514 = FACE_BOUND('',#2515,.F.);
#2515 = EDGE_LOOP('',(#2516,#2517,#2523,#2524));
#2516 = ORIENTED_EDGE('',*,*,#2405,.F.);
#2517 = ORIENTED_EDGE('',*,*,#2518,.F.);
#2518 = EDGE_CURVE('',#2046,#2398,#2519,.T.);
#2519 = LINE('',#2520,#2521);
#2520 = CARTESIAN_POINT('',(94.4,0.,4.475));
#2521 = VECTOR('',#2522,1.);
#2522 = DIRECTION('',(0.,0.,-1.));
#2523 = ORIENTED_EDGE('',*,*,#2053,.T.);
#2524 = ORIENTED_EDGE('',*,*,#2484,.F.);
#2525 = PLANE('',#2526);
#2526 = AXIS2_PLACEMENT_3D('',#2527,#2528,#2529);
#2527 = CARTESIAN_POINT('',(0.,0.,6.));
#2528 = DIRECTION('',(0.,1.,0.));
#2529 = DIRECTION('',(0.,0.,1.));
#2530 = ADVANCED_FACE('',(#2531),#2537,.T.);
#2531 = FACE_BOUND('',#2532,.T.);
#2532 = EDGE_LOOP('',(#2533,#2534,#2535,#2536));
#2533 = ORIENTED_EDGE('',*,*,#2248,.F.);
#2534 = ORIENTED_EDGE('',*,*,#2213,.T.);
#2535 = ORIENTED_EDGE('',*,*,#1880,.T.);
#2536 = ORIENTED_EDGE('',*,*,#2503,.F.);
#2537 = PLANE('',#2538);
#2538 = AXIS2_PLACEMENT_3D('',#2539,#2540,#2541);
#2539 = CARTESIAN_POINT('',(0.,192.2,6.));
#2540 = DIRECTION('',(0.,1.,0.));
#2541 = DIRECTION('',(0.,0.,1.));
#2542 = ADVANCED_FACE('',(#2543),#2554,.F.);
#2543 = FACE_BOUND('',#2544,.F.);
#2544 = EDGE_LOOP('',(#2545,#2546,#2547,#2548));
#2545 = ORIENTED_EDGE('',*,*,#2045,.F.);
#2546 = ORIENTED_EDGE('',*,*,#2518,.T.);
#2547 = ORIENTED_EDGE('',*,*,#2397,.T.);
#2548 = ORIENTED_EDGE('',*,*,#2549,.T.);
#2549 = EDGE_CURVE('',#2390,#2038,#2550,.T.);
#2550 = LINE('',#2551,#2552);
#2551 = CARTESIAN_POINT('',(94.4,10.,2.95));
#2552 = VECTOR('',#2553,1.);
#2553 = DIRECTION('',(0.,0.,1.));
#2554 = PLANE('',#2555);
#2555 = AXIS2_PLACEMENT_3D('',#2556,#2557,#2558);
#2556 = CARTESIAN_POINT('',(94.4,-5.E-02,2.95));
#2557 = DIRECTION('',(1.,0.,0.));
#2558 = DIRECTION('',(0.,0.,1.));
#2559 = ADVANCED_FACE('',(#2560),#2571,.T.);
#2560 = FACE_BOUND('',#2561,.T.);
#2561 = EDGE_LOOP('',(#2562,#2568,#2569,#2570));
#2562 = ORIENTED_EDGE('',*,*,#2563,.T.);
#2563 = EDGE_CURVE('',#2029,#2381,#2564,.T.);
#2564 = LINE('',#2565,#2566);
#2565 = CARTESIAN_POINT('',(109.5460063796,10.,12.1));
#2566 = VECTOR('',#2567,1.);
#2567 = DIRECTION('',(0.,0.,-1.));
#2568 = ORIENTED_EDGE('',*,*,#2389,.T.);
#2569 = ORIENTED_EDGE('',*,*,#2549,.T.);
#2570 = ORIENTED_EDGE('',*,*,#2037,.F.);
#2571 = PLANE('',#2572);
#2572 = AXIS2_PLACEMENT_3D('',#2573,#2574,#2575);
#2573 = CARTESIAN_POINT('',(30.875,10.,2.95));
#2574 = DIRECTION('',(0.,1.,0.));
#2575 = DIRECTION('',(0.,0.,1.));
#2576 = ADVANCED_FACE('',(#2577),#2588,.F.);
#2577 = FACE_BOUND('',#2578,.F.);
#2578 = EDGE_LOOP('',(#2579,#2580,#2586,#2587));
#2579 = ORIENTED_EDGE('',*,*,#2380,.F.);
#2580 = ORIENTED_EDGE('',*,*,#2581,.F.);
#2581 = EDGE_CURVE('',#2020,#2372,#2582,.T.);
#2582 = LINE('',#2583,#2584);
#2583 = CARTESIAN_POINT('',(109.45,9.5,12.1));
#2584 = VECTOR('',#2585,1.);
#2585 = DIRECTION('',(0.,0.,-1.));
#2586 = ORIENTED_EDGE('',*,*,#2028,.T.);
#2587 = ORIENTED_EDGE('',*,*,#2563,.T.);
#2588 = CYLINDRICAL_SURFACE('',#2589,1.35);
#2589 = AXIS2_PLACEMENT_3D('',#2590,#2591,#2592);
#2590 = CARTESIAN_POINT('',(110.8,9.5,12.1));
#2591 = DIRECTION('',(0.,0.,-1.));
#2592 = DIRECTION('',(-1.,0.,0.));
#2593 = ADVANCED_FACE('',(#2594),#2605,.F.);
#2594 = FACE_BOUND('',#2595,.F.);
#2595 = EDGE_LOOP('',(#2596,#2597,#2598,#2604));
#2596 = ORIENTED_EDGE('',*,*,#2581,.T.);
#2597 = ORIENTED_EDGE('',*,*,#2371,.F.);
#2598 = ORIENTED_EDGE('',*,*,#2599,.F.);
#2599 = EDGE_CURVE('',#2012,#2364,#2600,.T.);
#2600 = LINE('',#2601,#2602);
#2601 = CARTESIAN_POINT('',(112.05399362039,10.,12.1));
#2602 = VECTOR('',#2603,1.);
#2603 = DIRECTION('',(0.,0.,-1.));
#2604 = ORIENTED_EDGE('',*,*,#2019,.T.);
#2605 = CYLINDRICAL_SURFACE('',#2606,1.35);
#2606 = AXIS2_PLACEMENT_3D('',#2607,#2608,#2609);
#2607 = CARTESIAN_POINT('',(110.8,9.5,12.1));
#2608 = DIRECTION('',(0.,0.,-1.));
#2609 = DIRECTION('',(-1.,0.,0.));
#2610 = ADVANCED_FACE('',(#2611),#2622,.F.);
#2611 = FACE_BOUND('',#2612,.F.);
#2612 = EDGE_LOOP('',(#2613,#2614,#2615,#2616));
#2613 = ORIENTED_EDGE('',*,*,#2257,.F.);
#2614 = ORIENTED_EDGE('',*,*,#2188,.T.);
#2615 = ORIENTED_EDGE('',*,*,#1905,.T.);
#2616 = ORIENTED_EDGE('',*,*,#2617,.T.);
#2617 = EDGE_CURVE('',#1906,#2258,#2618,.T.);
#2618 = LINE('',#2619,#2620);
#2619 = CARTESIAN_POINT('',(80.4,0.,4.475));
#2620 = VECTOR('',#2621,1.);
#2621 = DIRECTION('',(0.,0.,-1.));
#2622 = PLANE('',#2623);
#2623 = AXIS2_PLACEMENT_3D('',#2624,#2625,#2626);
#2624 = CARTESIAN_POINT('',(0.,0.,6.));
#2625 = DIRECTION('',(0.,1.,0.));
#2626 = DIRECTION('',(0.,0.,1.));
#2627 = ADVANCED_FACE('',(#2628),#2639,.T.);
#2628 = FACE_BOUND('',#2629,.T.);
#2629 = EDGE_LOOP('',(#2630,#2636,#2637,#2638));
#2630 = ORIENTED_EDGE('',*,*,#2631,.F.);
#2631 = EDGE_CURVE('',#2356,#2004,#2632,.T.);
#2632 = LINE('',#2633,#2634);
#2633 = CARTESIAN_POINT('',(119.925,10.,2.95));
#2634 = VECTOR('',#2635,1.);
#2635 = DIRECTION('',(0.,0.,1.));
#2636 = ORIENTED_EDGE('',*,*,#2363,.T.);
#2637 = ORIENTED_EDGE('',*,*,#2599,.F.);
#2638 = ORIENTED_EDGE('',*,*,#2011,.F.);
#2639 = PLANE('',#2640);
#2640 = AXIS2_PLACEMENT_3D('',#2641,#2642,#2643);
#2641 = CARTESIAN_POINT('',(30.875,10.,2.95));
#2642 = DIRECTION('',(0.,1.,0.));
#2643 = DIRECTION('',(0.,0.,1.));
#2644 = ADVANCED_FACE('',(#2645),#2656,.T.);
#2645 = FACE_BOUND('',#2646,.T.);
#2646 = EDGE_LOOP('',(#2647,#2648,#2649,#2650));
#2647 = ORIENTED_EDGE('',*,*,#1913,.F.);
#2648 = ORIENTED_EDGE('',*,*,#2617,.T.);
#2649 = ORIENTED_EDGE('',*,*,#2265,.T.);
#2650 = ORIENTED_EDGE('',*,*,#2651,.T.);
#2651 = EDGE_CURVE('',#2266,#1914,#2652,.T.);
#2652 = LINE('',#2653,#2654);
#2653 = CARTESIAN_POINT('',(80.4,10.,2.95));
#2654 = VECTOR('',#2655,1.);
#2655 = DIRECTION('',(0.,0.,1.));
#2656 = PLANE('',#2657);
#2657 = AXIS2_PLACEMENT_3D('',#2658,#2659,#2660);
#2658 = CARTESIAN_POINT('',(80.4,-5.E-02,2.95));
#2659 = DIRECTION('',(1.,0.,0.));
#2660 = DIRECTION('',(0.,0.,1.));
#2661 = ADVANCED_FACE('',(#2662),#2673,.F.);
#2662 = FACE_BOUND('',#2663,.F.);
#2663 = EDGE_LOOP('',(#2664,#2665,#2666,#2672));
#2664 = ORIENTED_EDGE('',*,*,#2631,.F.);
#2665 = ORIENTED_EDGE('',*,*,#2355,.T.);
#2666 = ORIENTED_EDGE('',*,*,#2667,.F.);
#2667 = EDGE_CURVE('',#1996,#2348,#2668,.T.);
#2668 = LINE('',#2669,#2670);
#2669 = CARTESIAN_POINT('',(119.925,12.,2.95));
#2670 = VECTOR('',#2671,1.);
#2671 = DIRECTION('',(0.,0.,-1.));
#2672 = ORIENTED_EDGE('',*,*,#2003,.F.);
#2673 = PLANE('',#2674);
#2674 = AXIS2_PLACEMENT_3D('',#2675,#2676,#2677);
#2675 = CARTESIAN_POINT('',(119.925,10.,2.95));
#2676 = DIRECTION('',(1.,0.,0.));
#2677 = DIRECTION('',(0.,0.,1.));
#2678 = ADVANCED_FACE('',(#2679),#2690,.T.);
#2679 = FACE_BOUND('',#2680,.T.);
#2680 = EDGE_LOOP('',(#2681,#2682,#2683,#2689));
#2681 = ORIENTED_EDGE('',*,*,#2651,.F.);
#2682 = ORIENTED_EDGE('',*,*,#2273,.T.);
#2683 = ORIENTED_EDGE('',*,*,#2684,.F.);
#2684 = EDGE_CURVE('',#1922,#2274,#2685,.T.);
#2685 = LINE('',#2686,#2687);
#2686 = CARTESIAN_POINT('',(41.253993620398,10.,12.1));
#2687 = VECTOR('',#2688,1.);
#2688 = DIRECTION('',(0.,0.,-1.));
#2689 = ORIENTED_EDGE('',*,*,#1921,.F.);
#2690 = PLANE('',#2691);
#2691 = AXIS2_PLACEMENT_3D('',#2692,#2693,#2694);
#2692 = CARTESIAN_POINT('',(30.875,10.,2.95));
#2693 = DIRECTION('',(0.,1.,0.));
#2694 = DIRECTION('',(0.,0.,1.));
#2695 = ADVANCED_FACE('',(#2696),#2707,.T.);
#2696 = FACE_BOUND('',#2697,.T.);
#2697 = EDGE_LOOP('',(#2698,#2704,#2705,#2706));
#2698 = ORIENTED_EDGE('',*,*,#2699,.F.);
#2699 = EDGE_CURVE('',#2340,#1988,#2700,.T.);
#2700 = LINE('',#2701,#2702);
#2701 = CARTESIAN_POINT('',(134.925,12.,2.95));
#2702 = VECTOR('',#2703,1.);
#2703 = DIRECTION('',(0.,0.,1.));
#2704 = ORIENTED_EDGE('',*,*,#2347,.T.);
#2705 = ORIENTED_EDGE('',*,*,#2667,.F.);
#2706 = ORIENTED_EDGE('',*,*,#1995,.F.);
#2707 = PLANE('',#2708);
#2708 = AXIS2_PLACEMENT_3D('',#2709,#2710,#2711);
#2709 = CARTESIAN_POINT('',(15.875,12.,2.95));
#2710 = DIRECTION('',(0.,1.,0.));
#2711 = DIRECTION('',(0.,0.,1.));
#2712 = ADVANCED_FACE('',(#2713),#2724,.F.);
#2713 = FACE_BOUND('',#2714,.F.);
#2714 = EDGE_LOOP('',(#2715,#2721,#2722,#2723));
#2715 = ORIENTED_EDGE('',*,*,#2716,.T.);
#2716 = EDGE_CURVE('',#1930,#2282,#2717,.T.);
#2717 = LINE('',#2718,#2719);
#2718 = CARTESIAN_POINT('',(38.65,9.5,12.1));
#2719 = VECTOR('',#2720,1.);
#2720 = DIRECTION('',(0.,0.,-1.));
#2721 = ORIENTED_EDGE('',*,*,#2281,.F.);
#2722 = ORIENTED_EDGE('',*,*,#2684,.F.);
#2723 = ORIENTED_EDGE('',*,*,#1929,.T.);
#2724 = CYLINDRICAL_SURFACE('',#2725,1.35);
#2725 = AXIS2_PLACEMENT_3D('',#2726,#2727,#2728);
#2726 = CARTESIAN_POINT('',(40.,9.5,12.1));
#2727 = DIRECTION('',(0.,0.,-1.));
#2728 = DIRECTION('',(-1.,0.,0.));
#2729 = ADVANCED_FACE('',(#2730),#2741,.F.);
#2730 = FACE_BOUND('',#2731,.F.);
#2731 = EDGE_LOOP('',(#2732,#2733,#2734,#2740));
#2732 = ORIENTED_EDGE('',*,*,#2699,.F.);
#2733 = ORIENTED_EDGE('',*,*,#2339,.T.);
#2734 = ORIENTED_EDGE('',*,*,#2735,.T.);
#2735 = EDGE_CURVE('',#2332,#1980,#2736,.T.);
#2736 = LINE('',#2737,#2738);
#2737 = CARTESIAN_POINT('',(134.925,180.2,2.95));
#2738 = VECTOR('',#2739,1.);
#2739 = DIRECTION('',(0.,0.,1.));
#2740 = ORIENTED_EDGE('',*,*,#1987,.F.);
#2741 = PLANE('',#2742);
#2742 = AXIS2_PLACEMENT_3D('',#2743,#2744,#2745);
#2743 = CARTESIAN_POINT('',(134.925,12.,2.95));
#2744 = DIRECTION('',(1.,0.,0.));
#2745 = DIRECTION('',(0.,0.,1.));
#2746 = ADVANCED_FACE('',(#2747),#2758,.F.);
#2747 = FACE_BOUND('',#2748,.F.);
#2748 = EDGE_LOOP('',(#2749,#2750,#2751,#2752));
#2749 = ORIENTED_EDGE('',*,*,#2290,.F.);
#2750 = ORIENTED_EDGE('',*,*,#2716,.F.);
#2751 = ORIENTED_EDGE('',*,*,#1938,.T.);
#2752 = ORIENTED_EDGE('',*,*,#2753,.T.);
#2753 = EDGE_CURVE('',#1939,#2291,#2754,.T.);
#2754 = LINE('',#2755,#2756);
#2755 = CARTESIAN_POINT('',(38.746006379602,10.,12.1));
#2756 = VECTOR('',#2757,1.);
#2757 = DIRECTION('',(0.,0.,-1.));
#2758 = CYLINDRICAL_SURFACE('',#2759,1.35);
#2759 = AXIS2_PLACEMENT_3D('',#2760,#2761,#2762);
#2760 = CARTESIAN_POINT('',(40.,9.5,12.1));
#2761 = DIRECTION('',(0.,0.,-1.));
#2762 = DIRECTION('',(-1.,0.,0.));
#2763 = ADVANCED_FACE('',(#2764),#2775,.F.);
#2764 = FACE_BOUND('',#2765,.F.);
#2765 = EDGE_LOOP('',(#2766,#2767,#2768,#2774));
#2766 = ORIENTED_EDGE('',*,*,#2735,.F.);
#2767 = ORIENTED_EDGE('',*,*,#2331,.T.);
#2768 = ORIENTED_EDGE('',*,*,#2769,.T.);
#2769 = EDGE_CURVE('',#2324,#1972,#2770,.T.);
#2770 = LINE('',#2771,#2772);
#2771 = CARTESIAN_POINT('',(15.875,180.2,2.95));
#2772 = VECTOR('',#2773,1.);
#2773 = DIRECTION('',(0.,0.,1.));
#2774 = ORIENTED_EDGE('',*,*,#1979,.F.);
#2775 = PLANE('',#2776);
#2776 = AXIS2_PLACEMENT_3D('',#2777,#2778,#2779);
#2777 = CARTESIAN_POINT('',(15.875,180.2,2.95));
#2778 = DIRECTION('',(0.,1.,0.));
#2779 = DIRECTION('',(0.,0.,1.));
#2780 = ADVANCED_FACE('',(#2781),#2792,.T.);
#2781 = FACE_BOUND('',#2782,.T.);
#2782 = EDGE_LOOP('',(#2783,#2784,#2785,#2791));
#2783 = ORIENTED_EDGE('',*,*,#2753,.T.);
#2784 = ORIENTED_EDGE('',*,*,#2299,.T.);
#2785 = ORIENTED_EDGE('',*,*,#2786,.T.);
#2786 = EDGE_CURVE('',#2300,#1948,#2787,.T.);
#2787 = LINE('',#2788,#2789);
#2788 = CARTESIAN_POINT('',(30.875,10.,2.95));
#2789 = VECTOR('',#2790,1.);
#2790 = DIRECTION('',(0.,0.,1.));
#2791 = ORIENTED_EDGE('',*,*,#1947,.F.);
#2792 = PLANE('',#2793);
#2793 = AXIS2_PLACEMENT_3D('',#2794,#2795,#2796);
#2794 = CARTESIAN_POINT('',(30.875,10.,2.95));
#2795 = DIRECTION('',(0.,1.,0.));
#2796 = DIRECTION('',(0.,0.,1.));
#2797 = ADVANCED_FACE('',(#2798),#2809,.T.);
#2798 = FACE_BOUND('',#2799,.T.);
#2799 = EDGE_LOOP('',(#2800,#2806,#2807,#2808));
#2800 = ORIENTED_EDGE('',*,*,#2801,.F.);
#2801 = EDGE_CURVE('',#2316,#1964,#2802,.T.);
#2802 = LINE('',#2803,#2804);
#2803 = CARTESIAN_POINT('',(15.875,12.,2.95));
#2804 = VECTOR('',#2805,1.);
#2805 = DIRECTION('',(0.,0.,1.));
#2806 = ORIENTED_EDGE('',*,*,#2323,.T.);
#2807 = ORIENTED_EDGE('',*,*,#2769,.T.);
#2808 = ORIENTED_EDGE('',*,*,#1971,.F.);
#2809 = PLANE('',#2810);
#2810 = AXIS2_PLACEMENT_3D('',#2811,#2812,#2813);
#2811 = CARTESIAN_POINT('',(15.875,12.,2.95));
#2812 = DIRECTION('',(1.,0.,0.));
#2813 = DIRECTION('',(0.,0.,1.));
#2814 = ADVANCED_FACE('',(#2815),#2826,.T.);
#2815 = FACE_BOUND('',#2816,.T.);
#2816 = EDGE_LOOP('',(#2817,#2818,#2819,#2825));
#2817 = ORIENTED_EDGE('',*,*,#2786,.F.);
#2818 = ORIENTED_EDGE('',*,*,#2307,.T.);
#2819 = ORIENTED_EDGE('',*,*,#2820,.F.);
#2820 = EDGE_CURVE('',#1956,#2308,#2821,.T.);
#2821 = LINE('',#2822,#2823);
#2822 = CARTESIAN_POINT('',(30.875,12.,2.95));
#2823 = VECTOR('',#2824,1.);
#2824 = DIRECTION('',(0.,0.,-1.));
#2825 = ORIENTED_EDGE('',*,*,#1955,.F.);
#2826 = PLANE('',#2827);
#2827 = AXIS2_PLACEMENT_3D('',#2828,#2829,#2830);
#2828 = CARTESIAN_POINT('',(30.875,10.,2.95));
#2829 = DIRECTION('',(1.,0.,0.));
#2830 = DIRECTION('',(0.,0.,1.));
#2831 = ADVANCED_FACE('',(#2832),#2838,.T.);
#2832 = FACE_BOUND('',#2833,.T.);
#2833 = EDGE_LOOP('',(#2834,#2835,#2836,#2837));
#2834 = ORIENTED_EDGE('',*,*,#1963,.F.);
#2835 = ORIENTED_EDGE('',*,*,#2820,.T.);
#2836 = ORIENTED_EDGE('',*,*,#2315,.T.);
#2837 = ORIENTED_EDGE('',*,*,#2801,.T.);
#2838 = PLANE('',#2839);
#2839 = AXIS2_PLACEMENT_3D('',#2840,#2841,#2842);
#2840 = CARTESIAN_POINT('',(15.875,12.,2.95));
#2841 = DIRECTION('',(0.,1.,0.));
#2842 = DIRECTION('',(0.,0.,1.));
#2843 = ADVANCED_FACE('',(#2844),#2869,.F.);
#2844 = FACE_BOUND('',#2845,.F.);
#2845 = EDGE_LOOP('',(#2846,#2854,#2862,#2868));
#2846 = ORIENTED_EDGE('',*,*,#2847,.F.);
#2847 = EDGE_CURVE('',#2848,#2071,#2850,.T.);
#2848 = VERTEX_POINT('',#2849);
#2849 = CARTESIAN_POINT('',(13.,150.,8.95));
#2850 = LINE('',#2851,#2852);
#2851 = CARTESIAN_POINT('',(13.,150.,8.95));
#2852 = VECTOR('',#2853,1.);
#2853 = DIRECTION('',(0.,0.,1.));
#2854 = ORIENTED_EDGE('',*,*,#2855,.T.);
#2855 = EDGE_CURVE('',#2848,#2856,#2858,.T.);
#2856 = VERTEX_POINT('',#2857);
#2857 = CARTESIAN_POINT('',(13.,172.,8.95));
#2858 = LINE('',#2859,#2860);
#2859 = CARTESIAN_POINT('',(13.,150.,8.95));
#2860 = VECTOR('',#2861,1.);
#2861 = DIRECTION('',(0.,1.,0.));
#2862 = ORIENTED_EDGE('',*,*,#2863,.T.);
#2863 = EDGE_CURVE('',#2856,#2073,#2864,.T.);
#2864 = LINE('',#2865,#2866);
#2865 = CARTESIAN_POINT('',(13.,172.,8.95));
#2866 = VECTOR('',#2867,1.);
#2867 = DIRECTION('',(0.,0.,1.));
#2868 = ORIENTED_EDGE('',*,*,#2070,.F.);
#2869 = PLANE('',#2870);
#2870 = AXIS2_PLACEMENT_3D('',#2871,#2872,#2873);
#2871 = CARTESIAN_POINT('',(13.,150.,8.95));
#2872 = DIRECTION('',(1.,0.,0.));
#2873 = DIRECTION('',(0.,0.,1.));
#2874 = ADVANCED_FACE('',(#2875),#2894,.F.);
#2875 = FACE_BOUND('',#2876,.F.);
#2876 = EDGE_LOOP('',(#2877,#2878,#2879,#2887));
#2877 = ORIENTED_EDGE('',*,*,#2847,.T.);
#2878 = ORIENTED_EDGE('',*,*,#2080,.F.);
#2879 = ORIENTED_EDGE('',*,*,#2880,.F.);
#2880 = EDGE_CURVE('',#2881,#2081,#2883,.T.);
#2881 = VERTEX_POINT('',#2882);
#2882 = CARTESIAN_POINT('',(3.,150.,8.95));
#2883 = LINE('',#2884,#2885);
#2884 = CARTESIAN_POINT('',(3.,150.,8.95));
#2885 = VECTOR('',#2886,1.);
#2886 = DIRECTION('',(0.,0.,1.));
#2887 = ORIENTED_EDGE('',*,*,#2888,.T.);
#2888 = EDGE_CURVE('',#2881,#2848,#2889,.T.);
#2889 = CIRCLE('',#2890,5.);
#2890 = AXIS2_PLACEMENT_3D('',#2891,#2892,#2893);
#2891 = CARTESIAN_POINT('',(8.,150.,8.95));
#2892 = DIRECTION('',(0.,0.,1.));
#2893 = DIRECTION('',(1.,0.,0.));
#2894 = CYLINDRICAL_SURFACE('',#2895,5.);
#2895 = AXIS2_PLACEMENT_3D('',#2896,#2897,#2898);
#2896 = CARTESIAN_POINT('',(8.,150.,8.95));
#2897 = DIRECTION('',(0.,0.,1.));
#2898 = DIRECTION('',(1.,0.,0.));
#2899 = ADVANCED_FACE('',(#2900),#2918,.F.);
#2900 = FACE_BOUND('',#2901,.F.);
#2901 = EDGE_LOOP('',(#2902,#2903,#2911,#2917));
#2902 = ORIENTED_EDGE('',*,*,#2863,.F.);
#2903 = ORIENTED_EDGE('',*,*,#2904,.F.);
#2904 = EDGE_CURVE('',#2905,#2856,#2907,.T.);
#2905 = VERTEX_POINT('',#2906);
#2906 = CARTESIAN_POINT('',(3.,172.,8.95));
#2907 = LINE('',#2908,#2909);
#2908 = CARTESIAN_POINT('',(3.,172.,8.95));
#2909 = VECTOR('',#2910,1.);
#2910 = DIRECTION('',(1.,0.,0.));
#2911 = ORIENTED_EDGE('',*,*,#2912,.T.);
#2912 = EDGE_CURVE('',#2905,#2090,#2913,.T.);
#2913 = LINE('',#2914,#2915);
#2914 = CARTESIAN_POINT('',(3.,172.,8.95));
#2915 = VECTOR('',#2916,1.);
#2916 = DIRECTION('',(0.,0.,1.));
#2917 = ORIENTED_EDGE('',*,*,#2097,.F.);
#2918 = PLANE('',#2919);
#2919 = AXIS2_PLACEMENT_3D('',#2920,#2921,#2922);
#2920 = CARTESIAN_POINT('',(3.,172.,8.95));
#2921 = DIRECTION('',(0.,1.,0.));
#2922 = DIRECTION('',(0.,0.,1.));
#2923 = ADVANCED_FACE('',(#2924),#2935,.T.);
#2924 = FACE_BOUND('',#2925,.T.);
#2925 = EDGE_LOOP('',(#2926,#2927,#2933,#2934));
#2926 = ORIENTED_EDGE('',*,*,#2880,.F.);
#2927 = ORIENTED_EDGE('',*,*,#2928,.T.);
#2928 = EDGE_CURVE('',#2881,#2905,#2929,.T.);
#2929 = LINE('',#2930,#2931);
#2930 = CARTESIAN_POINT('',(3.,150.,8.95));
#2931 = VECTOR('',#2932,1.);
#2932 = DIRECTION('',(0.,1.,0.));
#2933 = ORIENTED_EDGE('',*,*,#2912,.T.);
#2934 = ORIENTED_EDGE('',*,*,#2089,.F.);
#2935 = PLANE('',#2936);
#2936 = AXIS2_PLACEMENT_3D('',#2937,#2938,#2939);
#2937 = CARTESIAN_POINT('',(3.,150.,8.95));
#2938 = DIRECTION('',(1.,0.,0.));
#2939 = DIRECTION('',(0.,0.,1.));
#2940 = ADVANCED_FACE('',(#2941),#2966,.F.);
#2941 = FACE_BOUND('',#2942,.F.);
#2942 = EDGE_LOOP('',(#2943,#2951,#2959,#2965));
#2943 = ORIENTED_EDGE('',*,*,#2944,.F.);
#2944 = EDGE_CURVE('',#2945,#2106,#2947,.T.);
#2945 = VERTEX_POINT('',#2946);
#2946 = CARTESIAN_POINT('',(147.8,150.,8.95));
#2947 = LINE('',#2948,#2949);
#2948 = CARTESIAN_POINT('',(147.8,150.,8.95));
#2949 = VECTOR('',#2950,1.);
#2950 = DIRECTION('',(0.,0.,1.));
#2951 = ORIENTED_EDGE('',*,*,#2952,.T.);
#2952 = EDGE_CURVE('',#2945,#2953,#2955,.T.);
#2953 = VERTEX_POINT('',#2954);
#2954 = CARTESIAN_POINT('',(147.8,172.,8.95));
#2955 = LINE('',#2956,#2957);
#2956 = CARTESIAN_POINT('',(147.8,150.,8.95));
#2957 = VECTOR('',#2958,1.);
#2958 = DIRECTION('',(0.,1.,0.));
#2959 = ORIENTED_EDGE('',*,*,#2960,.T.);
#2960 = EDGE_CURVE('',#2953,#2108,#2961,.T.);
#2961 = LINE('',#2962,#2963);
#2962 = CARTESIAN_POINT('',(147.8,172.,8.95));
#2963 = VECTOR('',#2964,1.);
#2964 = DIRECTION('',(0.,0.,1.));
#2965 = ORIENTED_EDGE('',*,*,#2105,.F.);
#2966 = PLANE('',#2967);
#2967 = AXIS2_PLACEMENT_3D('',#2968,#2969,#2970);
#2968 = CARTESIAN_POINT('',(147.8,150.,8.95));
#2969 = DIRECTION('',(1.,0.,0.));
#2970 = DIRECTION('',(0.,0.,1.));
#2971 = ADVANCED_FACE('',(#2972),#2990,.F.);
#2972 = FACE_BOUND('',#2973,.F.);
#2973 = EDGE_LOOP('',(#2974,#2975,#2983,#2989));
#2974 = ORIENTED_EDGE('',*,*,#2960,.F.);
#2975 = ORIENTED_EDGE('',*,*,#2976,.F.);
#2976 = EDGE_CURVE('',#2977,#2953,#2979,.T.);
#2977 = VERTEX_POINT('',#2978);
#2978 = CARTESIAN_POINT('',(137.8,172.,8.95));
#2979 = LINE('',#2980,#2981);
#2980 = CARTESIAN_POINT('',(137.8,172.,8.95));
#2981 = VECTOR('',#2982,1.);
#2982 = DIRECTION('',(1.,0.,0.));
#2983 = ORIENTED_EDGE('',*,*,#2984,.T.);
#2984 = EDGE_CURVE('',#2977,#2125,#2985,.T.);
#2985 = LINE('',#2986,#2987);
#2986 = CARTESIAN_POINT('',(137.8,172.,8.95));
#2987 = VECTOR('',#2988,1.);
#2988 = DIRECTION('',(0.,0.,1.));
#2989 = ORIENTED_EDGE('',*,*,#2132,.F.);
#2990 = PLANE('',#2991);
#2991 = AXIS2_PLACEMENT_3D('',#2992,#2993,#2994);
#2992 = CARTESIAN_POINT('',(137.8,172.,8.95));
#2993 = DIRECTION('',(0.,1.,0.));
#2994 = DIRECTION('',(0.,0.,1.));
#2995 = ADVANCED_FACE('',(#2996),#3014,.T.);
#2996 = FACE_BOUND('',#2997,.T.);
#2997 = EDGE_LOOP('',(#2998,#3006,#3012,#3013));
#2998 = ORIENTED_EDGE('',*,*,#2999,.F.);
#2999 = EDGE_CURVE('',#3000,#2116,#3002,.T.);
#3000 = VERTEX_POINT('',#3001);
#3001 = CARTESIAN_POINT('',(137.8,150.,8.95));
#3002 = LINE('',#3003,#3004);
#3003 = CARTESIAN_POINT('',(137.8,150.,8.95));
#3004 = VECTOR('',#3005,1.);
#3005 = DIRECTION('',(0.,0.,1.));
#3006 = ORIENTED_EDGE('',*,*,#3007,.T.);
#3007 = EDGE_CURVE('',#3000,#2977,#3008,.T.);
#3008 = LINE('',#3009,#3010);
#3009 = CARTESIAN_POINT('',(137.8,150.,8.95));
#3010 = VECTOR('',#3011,1.);
#3011 = DIRECTION('',(0.,1.,0.));
#3012 = ORIENTED_EDGE('',*,*,#2984,.T.);
#3013 = ORIENTED_EDGE('',*,*,#2124,.F.);
#3014 = PLANE('',#3015);
#3015 = AXIS2_PLACEMENT_3D('',#3016,#3017,#3018);
#3016 = CARTESIAN_POINT('',(137.8,150.,8.95));
#3017 = DIRECTION('',(1.,0.,0.));
#3018 = DIRECTION('',(0.,0.,1.));
#3019 = ADVANCED_FACE('',(#3020),#3032,.F.);
#3020 = FACE_BOUND('',#3021,.F.);
#3021 = EDGE_LOOP('',(#3022,#3023,#3024,#3025));
#3022 = ORIENTED_EDGE('',*,*,#2944,.T.);
#3023 = ORIENTED_EDGE('',*,*,#2115,.F.);
#3024 = ORIENTED_EDGE('',*,*,#2999,.F.);
#3025 = ORIENTED_EDGE('',*,*,#3026,.T.);
#3026 = EDGE_CURVE('',#3000,#2945,#3027,.T.);
#3027 = CIRCLE('',#3028,5.);
#3028 = AXIS2_PLACEMENT_3D('',#3029,#3030,#3031);
#3029 = CARTESIAN_POINT('',(142.8,150.,8.95));
#3030 = DIRECTION('',(0.,0.,1.));
#3031 = DIRECTION('',(1.,0.,0.));
#3032 = CYLINDRICAL_SURFACE('',#3033,5.);
#3033 = AXIS2_PLACEMENT_3D('',#3034,#3035,#3036);
#3034 = CARTESIAN_POINT('',(142.8,150.,8.95));
#3035 = DIRECTION('',(0.,0.,1.));
#3036 = DIRECTION('',(1.,0.,0.));
#3037 = ADVANCED_FACE('',(#3038),#3049,.F.);
#3038 = FACE_BOUND('',#3039,.F.);
#3039 = EDGE_LOOP('',(#3040,#3046,#3047,#3048));
#3040 = ORIENTED_EDGE('',*,*,#3041,.T.);
#3041 = EDGE_CURVE('',#2141,#2423,#3042,.T.);
#3042 = LINE('',#3043,#3044);
#3043 = CARTESIAN_POINT('',(38.65,182.7,12.1));
#3044 = VECTOR('',#3045,1.);
#3045 = DIRECTION('',(0.,0.,-1.));
#3046 = ORIENTED_EDGE('',*,*,#2422,.F.);
#3047 = ORIENTED_EDGE('',*,*,#3041,.F.);
#3048 = ORIENTED_EDGE('',*,*,#2140,.T.);
#3049 = CYLINDRICAL_SURFACE('',#3050,1.35);
#3050 = AXIS2_PLACEMENT_3D('',#3051,#3052,#3053);
#3051 = CARTESIAN_POINT('',(40.,182.7,12.1));
#3052 = DIRECTION('',(0.,0.,-1.));
#3053 = DIRECTION('',(-1.,0.,0.));
#3054 = ADVANCED_FACE('',(#3055),#3066,.F.);
#3055 = FACE_BOUND('',#3056,.F.);
#3056 = EDGE_LOOP('',(#3057,#3063,#3064,#3065));
#3057 = ORIENTED_EDGE('',*,*,#3058,.T.);
#3058 = EDGE_CURVE('',#2152,#2434,#3059,.T.);
#3059 = LINE('',#3060,#3061);
#3060 = CARTESIAN_POINT('',(74.05,182.7,12.1));
#3061 = VECTOR('',#3062,1.);
#3062 = DIRECTION('',(0.,0.,-1.));
#3063 = ORIENTED_EDGE('',*,*,#2433,.F.);
#3064 = ORIENTED_EDGE('',*,*,#3058,.F.);
#3065 = ORIENTED_EDGE('',*,*,#2151,.T.);
#3066 = CYLINDRICAL_SURFACE('',#3067,1.35);
#3067 = AXIS2_PLACEMENT_3D('',#3068,#3069,#3070);
#3068 = CARTESIAN_POINT('',(75.4,182.7,12.1));
#3069 = DIRECTION('',(0.,0.,-1.));
#3070 = DIRECTION('',(-1.,0.,0.));
#3071 = ADVANCED_FACE('',(#3072),#3083,.F.);
#3072 = FACE_BOUND('',#3073,.F.);
#3073 = EDGE_LOOP('',(#3074,#3080,#3081,#3082));
#3074 = ORIENTED_EDGE('',*,*,#3075,.T.);
#3075 = EDGE_CURVE('',#2163,#2445,#3076,.T.);
#3076 = LINE('',#3077,#3078);
#3077 = CARTESIAN_POINT('',(109.45,182.7,12.1));
#3078 = VECTOR('',#3079,1.);
#3079 = DIRECTION('',(0.,0.,-1.));
#3080 = ORIENTED_EDGE('',*,*,#2444,.F.);
#3081 = ORIENTED_EDGE('',*,*,#3075,.F.);
#3082 = ORIENTED_EDGE('',*,*,#2162,.T.);
#3083 = CYLINDRICAL_SURFACE('',#3084,1.35);
#3084 = AXIS2_PLACEMENT_3D('',#3085,#3086,#3087);
#3085 = CARTESIAN_POINT('',(110.8,182.7,12.1));
#3086 = DIRECTION('',(0.,0.,-1.));
#3087 = DIRECTION('',(-1.,0.,0.));
#3088 = ADVANCED_FACE('',(#3089),#3101,.T.);
#3089 = FACE_BOUND('',#3090,.T.);
#3090 = EDGE_LOOP('',(#3091,#3092,#3099,#3100));
#3091 = ORIENTED_EDGE('',*,*,#2928,.F.);
#3092 = ORIENTED_EDGE('',*,*,#3093,.F.);
#3093 = EDGE_CURVE('',#2848,#2881,#3094,.T.);
#3094 = CIRCLE('',#3095,5.);
#3095 = AXIS2_PLACEMENT_3D('',#3096,#3097,#3098);
#3096 = CARTESIAN_POINT('',(8.,150.,8.95));
#3097 = DIRECTION('',(0.,0.,1.));
#3098 = DIRECTION('',(1.,0.,0.));
#3099 = ORIENTED_EDGE('',*,*,#2855,.T.);
#3100 = ORIENTED_EDGE('',*,*,#2904,.F.);
#3101 = PLANE('',#3102);
#3102 = AXIS2_PLACEMENT_3D('',#3103,#3104,#3105);
#3103 = CARTESIAN_POINT('',(3.,150.,8.95));
#3104 = DIRECTION('',(0.,0.,1.));
#3105 = DIRECTION('',(1.,0.,0.));
#3106 = ADVANCED_FACE('',(#3107),#3116,.T.);
#3107 = FACE_BOUND('',#3108,.T.);
#3108 = EDGE_LOOP('',(#3109,#3110));
#3109 = ORIENTED_EDGE('',*,*,#2888,.T.);
#3110 = ORIENTED_EDGE('',*,*,#3111,.F.);
#3111 = EDGE_CURVE('',#2881,#2848,#3112,.T.);
#3112 = LINE('',#3113,#3114);
#3113 = CARTESIAN_POINT('',(3.,150.,8.95));
#3114 = VECTOR('',#3115,1.);
#3115 = DIRECTION('',(1.,0.,0.));
#3116 = PLANE('',#3117);
#3117 = AXIS2_PLACEMENT_3D('',#3118,#3119,#3120);
#3118 = CARTESIAN_POINT('',(8.,150.,8.95));
#3119 = DIRECTION('',(0.,0.,1.));
#3120 = DIRECTION('',(1.,0.,0.));
#3121 = ADVANCED_FACE('',(#3122),#3134,.T.);
#3122 = FACE_BOUND('',#3123,.T.);
#3123 = EDGE_LOOP('',(#3124,#3125,#3132,#3133));
#3124 = ORIENTED_EDGE('',*,*,#3007,.F.);
#3125 = ORIENTED_EDGE('',*,*,#3126,.F.);
#3126 = EDGE_CURVE('',#2945,#3000,#3127,.T.);
#3127 = CIRCLE('',#3128,5.);
#3128 = AXIS2_PLACEMENT_3D('',#3129,#3130,#3131);
#3129 = CARTESIAN_POINT('',(142.8,150.,8.95));
#3130 = DIRECTION('',(0.,0.,1.));
#3131 = DIRECTION('',(1.,0.,0.));
#3132 = ORIENTED_EDGE('',*,*,#2952,.T.);
#3133 = ORIENTED_EDGE('',*,*,#2976,.F.);
#3134 = PLANE('',#3135);
#3135 = AXIS2_PLACEMENT_3D('',#3136,#3137,#3138);
#3136 = CARTESIAN_POINT('',(137.8,150.,8.95));
#3137 = DIRECTION('',(0.,0.,1.));
#3138 = DIRECTION('',(1.,0.,0.));
#3139 = ADVANCED_FACE('',(#3140),#3149,.T.);
#3140 = FACE_BOUND('',#3141,.T.);
#3141 = EDGE_LOOP('',(#3142,#3143));
#3142 = ORIENTED_EDGE('',*,*,#3026,.T.);
#3143 = ORIENTED_EDGE('',*,*,#3144,.F.);
#3144 = EDGE_CURVE('',#3000,#2945,#3145,.T.);
#3145 = LINE('',#3146,#3147);
#3146 = CARTESIAN_POINT('',(137.8,150.,8.95));
#3147 = VECTOR('',#3148,1.);
#3148 = DIRECTION('',(1.,0.,0.));
#3149 = PLANE('',#3150);
#3150 = AXIS2_PLACEMENT_3D('',#3151,#3152,#3153);
#3151 = CARTESIAN_POINT('',(142.8,150.,8.95));
#3152 = DIRECTION('',(0.,0.,1.));
#3153 = DIRECTION('',(1.,0.,0.));
#3154 = ADVANCED_FACE('',(#3155),#3159,.T.);
#3155 = FACE_BOUND('',#3156,.T.);
#3156 = EDGE_LOOP('',(#3157,#3158));
#3157 = ORIENTED_EDGE('',*,*,#3111,.T.);
#3158 = ORIENTED_EDGE('',*,*,#3093,.T.);
#3159 = PLANE('',#3160);
#3160 = AXIS2_PLACEMENT_3D('',#3161,#3162,#3163);
#3161 = CARTESIAN_POINT('',(8.,150.,8.95));
#3162 = DIRECTION('',(0.,0.,1.));
#3163 = DIRECTION('',(1.,0.,0.));
#3164 = ADVANCED_FACE('',(#3165),#3169,.T.);
#3165 = FACE_BOUND('',#3166,.T.);
#3166 = EDGE_LOOP('',(#3167,#3168));
#3167 = ORIENTED_EDGE('',*,*,#3144,.T.);
#3168 = ORIENTED_EDGE('',*,*,#3126,.T.);
#3169 = PLANE('',#3170);
#3170 = AXIS2_PLACEMENT_3D('',#3171,#3172,#3173);
#3171 = CARTESIAN_POINT('',(142.8,150.,8.95));
#3172 = DIRECTION('',(0.,0.,1.));
#3173 = DIRECTION('',(1.,0.,0.));
#3174 = MANIFOLD_SOLID_BREP('',#3175);
#3175 = CLOSED_SHELL('',(#3176,#3216,#3445,#3470,#3495,#3797,#3819,#3836
    ,#3853,#3870,#3882,#3915,#3939,#3963,#3988,#4005,#4028,#4061,#4117,
    #4141,#4153,#4177,#4202,#4226,#4249,#4273,#4329,#4346,#4358,#4382,
    #4407,#4432,#4456,#4480,#4504,#4528,#4553,#4577,#4602,#4626,#4650,
    #4674,#4698,#4715,#4739,#4758,#4782,#4801,#4826,#4851,#4876));
#3176 = ADVANCED_FACE('',(#3177),#3211,.F.);
#3177 = FACE_BOUND('',#3178,.F.);
#3178 = EDGE_LOOP('',(#3179,#3189,#3197,#3205));
#3179 = ORIENTED_EDGE('',*,*,#3180,.F.);
#3180 = EDGE_CURVE('',#3181,#3183,#3185,.T.);
#3181 = VERTEX_POINT('',#3182);
#3182 = CARTESIAN_POINT('',(-8.881784197001E-16,4.,12.));
#3183 = VERTEX_POINT('',#3184);
#3184 = CARTESIAN_POINT('',(-8.881784197001E-16,188.2,12.));
#3185 = LINE('',#3186,#3187);
#3186 = CARTESIAN_POINT('',(0.,0.,12.));
#3187 = VECTOR('',#3188,1.);
#3188 = DIRECTION('',(0.,1.,0.));
#3189 = ORIENTED_EDGE('',*,*,#3190,.F.);
#3190 = EDGE_CURVE('',#3191,#3181,#3193,.T.);
#3191 = VERTEX_POINT('',#3192);
#3192 = CARTESIAN_POINT('',(-8.881784197001E-16,4.,9.));
#3193 = LINE('',#3194,#3195);
#3194 = CARTESIAN_POINT('',(-8.881784197001E-16,4.,9.));
#3195 = VECTOR('',#3196,1.);
#3196 = DIRECTION('',(0.,0.,1.));
#3197 = ORIENTED_EDGE('',*,*,#3198,.T.);
#3198 = EDGE_CURVE('',#3191,#3199,#3201,.T.);
#3199 = VERTEX_POINT('',#3200);
#3200 = CARTESIAN_POINT('',(-8.881784197001E-16,188.2,9.));
#3201 = LINE('',#3202,#3203);
#3202 = CARTESIAN_POINT('',(0.,0.,9.));
#3203 = VECTOR('',#3204,1.);
#3204 = DIRECTION('',(0.,1.,0.));
#3205 = ORIENTED_EDGE('',*,*,#3206,.T.);
#3206 = EDGE_CURVE('',#3199,#3183,#3207,.T.);
#3207 = LINE('',#3208,#3209);
#3208 = CARTESIAN_POINT('',(-8.881784197001E-16,188.2,9.));
#3209 = VECTOR('',#3210,1.);
#3210 = DIRECTION('',(0.,0.,1.));
#3211 = PLANE('',#3212);
#3212 = AXIS2_PLACEMENT_3D('',#3213,#3214,#3215);
#3213 = CARTESIAN_POINT('',(0.,0.,9.));
#3214 = DIRECTION('',(1.,0.,0.));
#3215 = DIRECTION('',(0.,0.,1.));
#3216 = ADVANCED_FACE('',(#3217),#3440,.T.);
#3217 = FACE_BOUND('',#3218,.T.);
#3218 = EDGE_LOOP('',(#3219,#3229,#3238,#3246,#3253,#3254,#3263,#3271,
    #3279,#3287,#3295,#3304,#3312,#3320,#3328,#3336,#3344,#3352,#3360,
    #3368,#3376,#3384,#3392,#3401,#3409,#3417,#3425,#3433));
#3219 = ORIENTED_EDGE('',*,*,#3220,.T.);
#3220 = EDGE_CURVE('',#3221,#3223,#3225,.T.);
#3221 = VERTEX_POINT('',#3222);
#3222 = CARTESIAN_POINT('',(150.8,4.,12.));
#3223 = VERTEX_POINT('',#3224);
#3224 = CARTESIAN_POINT('',(150.8,188.2,12.));
#3225 = LINE('',#3226,#3227);
#3226 = CARTESIAN_POINT('',(150.8,0.,12.));
#3227 = VECTOR('',#3228,1.);
#3228 = DIRECTION('',(0.,1.,0.));
#3229 = ORIENTED_EDGE('',*,*,#3230,.F.);
#3230 = EDGE_CURVE('',#3231,#3223,#3233,.T.);
#3231 = VERTEX_POINT('',#3232);
#3232 = CARTESIAN_POINT('',(146.8,192.2,12.));
#3233 = CIRCLE('',#3234,4.);
#3234 = AXIS2_PLACEMENT_3D('',#3235,#3236,#3237);
#3235 = CARTESIAN_POINT('',(146.8,188.2,12.));
#3236 = DIRECTION('',(-0.,-0.,-1.));
#3237 = DIRECTION('',(0.,-1.,0.));
#3238 = ORIENTED_EDGE('',*,*,#3239,.F.);
#3239 = EDGE_CURVE('',#3240,#3231,#3242,.T.);
#3240 = VERTEX_POINT('',#3241);
#3241 = CARTESIAN_POINT('',(4.,192.2,12.));
#3242 = LINE('',#3243,#3244);
#3243 = CARTESIAN_POINT('',(0.,192.2,12.));
#3244 = VECTOR('',#3245,1.);
#3245 = DIRECTION('',(1.,0.,0.));
#3246 = ORIENTED_EDGE('',*,*,#3247,.F.);
#3247 = EDGE_CURVE('',#3183,#3240,#3248,.T.);
#3248 = CIRCLE('',#3249,4.);
#3249 = AXIS2_PLACEMENT_3D('',#3250,#3251,#3252);
#3250 = CARTESIAN_POINT('',(4.,188.2,12.));
#3251 = DIRECTION('',(-0.,-0.,-1.));
#3252 = DIRECTION('',(0.,-1.,0.));
#3253 = ORIENTED_EDGE('',*,*,#3180,.F.);
#3254 = ORIENTED_EDGE('',*,*,#3255,.T.);
#3255 = EDGE_CURVE('',#3181,#3256,#3258,.T.);
#3256 = VERTEX_POINT('',#3257);
#3257 = CARTESIAN_POINT('',(4.,-8.881784197001E-16,12.));
#3258 = CIRCLE('',#3259,4.);
#3259 = AXIS2_PLACEMENT_3D('',#3260,#3261,#3262);
#3260 = CARTESIAN_POINT('',(4.,4.,12.));
#3261 = DIRECTION('',(-0.,0.,1.));
#3262 = DIRECTION('',(0.,-1.,0.));
#3263 = ORIENTED_EDGE('',*,*,#3264,.T.);
#3264 = EDGE_CURVE('',#3256,#3265,#3267,.T.);
#3265 = VERTEX_POINT('',#3266);
#3266 = CARTESIAN_POINT('',(80.4,0.,12.));
#3267 = LINE('',#3268,#3269);
#3268 = CARTESIAN_POINT('',(0.,0.,12.));
#3269 = VECTOR('',#3270,1.);
#3270 = DIRECTION('',(1.,0.,0.));
#3271 = ORIENTED_EDGE('',*,*,#3272,.T.);
#3272 = EDGE_CURVE('',#3265,#3273,#3275,.T.);
#3273 = VERTEX_POINT('',#3274);
#3274 = CARTESIAN_POINT('',(80.4,7.,12.));
#3275 = LINE('',#3276,#3277);
#3276 = CARTESIAN_POINT('',(80.4,-2.5E-02,12.));
#3277 = VECTOR('',#3278,1.);
#3278 = DIRECTION('',(0.,1.,0.));
#3279 = ORIENTED_EDGE('',*,*,#3280,.T.);
#3280 = EDGE_CURVE('',#3273,#3281,#3283,.T.);
#3281 = VERTEX_POINT('',#3282);
#3282 = CARTESIAN_POINT('',(12.875,7.,12.));
#3283 = LINE('',#3284,#3285);
#3284 = CARTESIAN_POINT('',(6.4375,7.,12.));
#3285 = VECTOR('',#3286,1.);
#3286 = DIRECTION('',(-1.,0.,0.));
#3287 = ORIENTED_EDGE('',*,*,#3288,.T.);
#3288 = EDGE_CURVE('',#3281,#3289,#3291,.T.);
#3289 = VERTEX_POINT('',#3290);
#3290 = CARTESIAN_POINT('',(12.875,148.88897569783,12.));
#3291 = LINE('',#3292,#3293);
#3292 = CARTESIAN_POINT('',(12.875,3.5,12.));
#3293 = VECTOR('',#3294,1.);
#3294 = DIRECTION('',(0.,1.,0.));
#3295 = ORIENTED_EDGE('',*,*,#3296,.F.);
#3296 = EDGE_CURVE('',#3297,#3289,#3299,.T.);
#3297 = VERTEX_POINT('',#3298);
#3298 = CARTESIAN_POINT('',(3.,150.,12.));
#3299 = CIRCLE('',#3300,5.);
#3300 = AXIS2_PLACEMENT_3D('',#3301,#3302,#3303);
#3301 = CARTESIAN_POINT('',(8.,150.,12.));
#3302 = DIRECTION('',(0.,0.,1.));
#3303 = DIRECTION('',(1.,0.,0.));
#3304 = ORIENTED_EDGE('',*,*,#3305,.T.);
#3305 = EDGE_CURVE('',#3297,#3306,#3308,.T.);
#3306 = VERTEX_POINT('',#3307);
#3307 = CARTESIAN_POINT('',(3.,172.,12.));
#3308 = LINE('',#3309,#3310);
#3309 = CARTESIAN_POINT('',(3.,75.,12.));
#3310 = VECTOR('',#3311,1.);
#3311 = DIRECTION('',(0.,1.,0.));
#3312 = ORIENTED_EDGE('',*,*,#3313,.F.);
#3313 = EDGE_CURVE('',#3314,#3306,#3316,.T.);
#3314 = VERTEX_POINT('',#3315);
#3315 = CARTESIAN_POINT('',(5.5,172.,12.));
#3316 = LINE('',#3317,#3318);
#3317 = CARTESIAN_POINT('',(1.5,172.,12.));
#3318 = VECTOR('',#3319,1.);
#3319 = DIRECTION('',(-1.,0.,0.));
#3320 = ORIENTED_EDGE('',*,*,#3321,.F.);
#3321 = EDGE_CURVE('',#3322,#3314,#3324,.T.);
#3322 = VERTEX_POINT('',#3323);
#3323 = CARTESIAN_POINT('',(10.5,172.,12.));
#3324 = LINE('',#3325,#3326);
#3325 = CARTESIAN_POINT('',(2.75,172.,12.));
#3326 = VECTOR('',#3327,1.);
#3327 = DIRECTION('',(-1.,0.,0.));
#3328 = ORIENTED_EDGE('',*,*,#3329,.F.);
#3329 = EDGE_CURVE('',#3330,#3322,#3332,.T.);
#3330 = VERTEX_POINT('',#3331);
#3331 = CARTESIAN_POINT('',(12.875,172.,12.));
#3332 = LINE('',#3333,#3334);
#3333 = CARTESIAN_POINT('',(1.5,172.,12.));
#3334 = VECTOR('',#3335,1.);
#3335 = DIRECTION('',(-1.,0.,0.));
#3336 = ORIENTED_EDGE('',*,*,#3337,.T.);
#3337 = EDGE_CURVE('',#3330,#3338,#3340,.T.);
#3338 = VERTEX_POINT('',#3339);
#3339 = CARTESIAN_POINT('',(12.875,185.2,12.));
#3340 = LINE('',#3341,#3342);
#3341 = CARTESIAN_POINT('',(12.875,3.5,12.));
#3342 = VECTOR('',#3343,1.);
#3343 = DIRECTION('',(0.,1.,0.));
#3344 = ORIENTED_EDGE('',*,*,#3345,.F.);
#3345 = EDGE_CURVE('',#3346,#3338,#3348,.T.);
#3346 = VERTEX_POINT('',#3347);
#3347 = CARTESIAN_POINT('',(137.925,185.2,12.));
#3348 = LINE('',#3349,#3350);
#3349 = CARTESIAN_POINT('',(6.4375,185.2,12.));
#3350 = VECTOR('',#3351,1.);
#3351 = DIRECTION('',(-1.,0.,0.));
#3352 = ORIENTED_EDGE('',*,*,#3353,.F.);
#3353 = EDGE_CURVE('',#3354,#3346,#3356,.T.);
#3354 = VERTEX_POINT('',#3355);
#3355 = CARTESIAN_POINT('',(137.925,172.,12.));
#3356 = LINE('',#3357,#3358);
#3357 = CARTESIAN_POINT('',(137.925,3.5,12.));
#3358 = VECTOR('',#3359,1.);
#3359 = DIRECTION('',(0.,1.,0.));
#3360 = ORIENTED_EDGE('',*,*,#3361,.F.);
#3361 = EDGE_CURVE('',#3362,#3354,#3364,.T.);
#3362 = VERTEX_POINT('',#3363);
#3363 = CARTESIAN_POINT('',(140.3,172.,12.));
#3364 = LINE('',#3365,#3366);
#3365 = CARTESIAN_POINT('',(68.9,172.,12.));
#3366 = VECTOR('',#3367,1.);
#3367 = DIRECTION('',(-1.,0.,0.));
#3368 = ORIENTED_EDGE('',*,*,#3369,.F.);
#3369 = EDGE_CURVE('',#3370,#3362,#3372,.T.);
#3370 = VERTEX_POINT('',#3371);
#3371 = CARTESIAN_POINT('',(145.3,172.,12.));
#3372 = LINE('',#3373,#3374);
#3373 = CARTESIAN_POINT('',(70.15,172.,12.));
#3374 = VECTOR('',#3375,1.);
#3375 = DIRECTION('',(-1.,0.,0.));
#3376 = ORIENTED_EDGE('',*,*,#3377,.F.);
#3377 = EDGE_CURVE('',#3378,#3370,#3380,.T.);
#3378 = VERTEX_POINT('',#3379);
#3379 = CARTESIAN_POINT('',(147.8,172.,12.));
#3380 = LINE('',#3381,#3382);
#3381 = CARTESIAN_POINT('',(68.9,172.,12.));
#3382 = VECTOR('',#3383,1.);
#3383 = DIRECTION('',(-1.,0.,0.));
#3384 = ORIENTED_EDGE('',*,*,#3385,.F.);
#3385 = EDGE_CURVE('',#3386,#3378,#3388,.T.);
#3386 = VERTEX_POINT('',#3387);
#3387 = CARTESIAN_POINT('',(147.8,150.,12.));
#3388 = LINE('',#3389,#3390);
#3389 = CARTESIAN_POINT('',(147.8,75.,12.));
#3390 = VECTOR('',#3391,1.);
#3391 = DIRECTION('',(0.,1.,0.));
#3392 = ORIENTED_EDGE('',*,*,#3393,.F.);
#3393 = EDGE_CURVE('',#3394,#3386,#3396,.T.);
#3394 = VERTEX_POINT('',#3395);
#3395 = CARTESIAN_POINT('',(137.925,148.88897569783,12.));
#3396 = CIRCLE('',#3397,5.);
#3397 = AXIS2_PLACEMENT_3D('',#3398,#3399,#3400);
#3398 = CARTESIAN_POINT('',(142.8,150.,12.));
#3399 = DIRECTION('',(0.,0.,1.));
#3400 = DIRECTION('',(1.,0.,0.));
#3401 = ORIENTED_EDGE('',*,*,#3402,.F.);
#3402 = EDGE_CURVE('',#3403,#3394,#3405,.T.);
#3403 = VERTEX_POINT('',#3404);
#3404 = CARTESIAN_POINT('',(137.925,7.,12.));
#3405 = LINE('',#3406,#3407);
#3406 = CARTESIAN_POINT('',(137.925,3.5,12.));
#3407 = VECTOR('',#3408,1.);
#3408 = DIRECTION('',(0.,1.,0.));
#3409 = ORIENTED_EDGE('',*,*,#3410,.T.);
#3410 = EDGE_CURVE('',#3403,#3411,#3413,.T.);
#3411 = VERTEX_POINT('',#3412);
#3412 = CARTESIAN_POINT('',(94.4,7.,12.));
#3413 = LINE('',#3414,#3415);
#3414 = CARTESIAN_POINT('',(6.4375,7.,12.));
#3415 = VECTOR('',#3416,1.);
#3416 = DIRECTION('',(-1.,0.,0.));
#3417 = ORIENTED_EDGE('',*,*,#3418,.F.);
#3418 = EDGE_CURVE('',#3419,#3411,#3421,.T.);
#3419 = VERTEX_POINT('',#3420);
#3420 = CARTESIAN_POINT('',(94.4,0.,12.));
#3421 = LINE('',#3422,#3423);
#3422 = CARTESIAN_POINT('',(94.4,-2.5E-02,12.));
#3423 = VECTOR('',#3424,1.);
#3424 = DIRECTION('',(0.,1.,0.));
#3425 = ORIENTED_EDGE('',*,*,#3426,.T.);
#3426 = EDGE_CURVE('',#3419,#3427,#3429,.T.);
#3427 = VERTEX_POINT('',#3428);
#3428 = CARTESIAN_POINT('',(146.8,-8.881784197001E-16,12.));
#3429 = LINE('',#3430,#3431);
#3430 = CARTESIAN_POINT('',(0.,0.,12.));
#3431 = VECTOR('',#3432,1.);
#3432 = DIRECTION('',(1.,0.,0.));
#3433 = ORIENTED_EDGE('',*,*,#3434,.F.);
#3434 = EDGE_CURVE('',#3221,#3427,#3435,.T.);
#3435 = CIRCLE('',#3436,4.);
#3436 = AXIS2_PLACEMENT_3D('',#3437,#3438,#3439);
#3437 = CARTESIAN_POINT('',(146.8,4.,12.));
#3438 = DIRECTION('',(-0.,-0.,-1.));
#3439 = DIRECTION('',(0.,-1.,0.));
#3440 = PLANE('',#3441);
#3441 = AXIS2_PLACEMENT_3D('',#3442,#3443,#3444);
#3442 = CARTESIAN_POINT('',(0.,0.,12.));
#3443 = DIRECTION('',(0.,0.,1.));
#3444 = DIRECTION('',(1.,0.,0.));
#3445 = ADVANCED_FACE('',(#3446),#3465,.T.);
#3446 = FACE_BOUND('',#3447,.T.);
#3447 = EDGE_LOOP('',(#3448,#3457,#3463,#3464));
#3448 = ORIENTED_EDGE('',*,*,#3449,.T.);
#3449 = EDGE_CURVE('',#3191,#3450,#3452,.T.);
#3450 = VERTEX_POINT('',#3451);
#3451 = CARTESIAN_POINT('',(4.,-8.881784197001E-16,9.));
#3452 = CIRCLE('',#3453,4.);
#3453 = AXIS2_PLACEMENT_3D('',#3454,#3455,#3456);
#3454 = CARTESIAN_POINT('',(4.,4.,9.));
#3455 = DIRECTION('',(-0.,0.,1.));
#3456 = DIRECTION('',(0.,-1.,0.));
#3457 = ORIENTED_EDGE('',*,*,#3458,.T.);
#3458 = EDGE_CURVE('',#3450,#3256,#3459,.T.);
#3459 = LINE('',#3460,#3461);
#3460 = CARTESIAN_POINT('',(4.,-8.881784197001E-16,9.));
#3461 = VECTOR('',#3462,1.);
#3462 = DIRECTION('',(0.,0.,1.));
#3463 = ORIENTED_EDGE('',*,*,#3255,.F.);
#3464 = ORIENTED_EDGE('',*,*,#3190,.F.);
#3465 = CYLINDRICAL_SURFACE('',#3466,4.);
#3466 = AXIS2_PLACEMENT_3D('',#3467,#3468,#3469);
#3467 = CARTESIAN_POINT('',(4.,4.,9.));
#3468 = DIRECTION('',(0.,0.,1.));
#3469 = DIRECTION('',(-1.,0.,0.));
#3470 = ADVANCED_FACE('',(#3471),#3490,.T.);
#3471 = FACE_BOUND('',#3472,.F.);
#3472 = EDGE_LOOP('',(#3473,#3482,#3488,#3489));
#3473 = ORIENTED_EDGE('',*,*,#3474,.T.);
#3474 = EDGE_CURVE('',#3199,#3475,#3477,.T.);
#3475 = VERTEX_POINT('',#3476);
#3476 = CARTESIAN_POINT('',(4.,192.2,9.));
#3477 = CIRCLE('',#3478,4.);
#3478 = AXIS2_PLACEMENT_3D('',#3479,#3480,#3481);
#3479 = CARTESIAN_POINT('',(4.,188.2,9.));
#3480 = DIRECTION('',(-0.,-0.,-1.));
#3481 = DIRECTION('',(0.,-1.,0.));
#3482 = ORIENTED_EDGE('',*,*,#3483,.T.);
#3483 = EDGE_CURVE('',#3475,#3240,#3484,.T.);
#3484 = LINE('',#3485,#3486);
#3485 = CARTESIAN_POINT('',(4.,192.2,9.));
#3486 = VECTOR('',#3487,1.);
#3487 = DIRECTION('',(0.,0.,1.));
#3488 = ORIENTED_EDGE('',*,*,#3247,.F.);
#3489 = ORIENTED_EDGE('',*,*,#3206,.F.);
#3490 = CYLINDRICAL_SURFACE('',#3491,4.);
#3491 = AXIS2_PLACEMENT_3D('',#3492,#3493,#3494);
#3492 = CARTESIAN_POINT('',(4.,188.2,9.));
#3493 = DIRECTION('',(0.,0.,1.));
#3494 = DIRECTION('',(-1.,0.,0.));
#3495 = ADVANCED_FACE('',(#3496,#3689,#3724,#3759,#3770,#3781),#3792,.F.
  );
#3496 = FACE_BOUND('',#3497,.F.);
#3497 = EDGE_LOOP('',(#3498,#3508,#3517,#3523,#3524,#3525,#3526,#3534,
    #3542,#3550,#3559,#3568,#3576,#3584,#3592,#3600,#3608,#3616,#3624,
    #3632,#3640,#3649,#3658,#3666,#3674,#3682));
#3498 = ORIENTED_EDGE('',*,*,#3499,.T.);
#3499 = EDGE_CURVE('',#3500,#3502,#3504,.T.);
#3500 = VERTEX_POINT('',#3501);
#3501 = CARTESIAN_POINT('',(150.8,4.,9.));
#3502 = VERTEX_POINT('',#3503);
#3503 = CARTESIAN_POINT('',(150.8,188.2,9.));
#3504 = LINE('',#3505,#3506);
#3505 = CARTESIAN_POINT('',(150.8,0.,9.));
#3506 = VECTOR('',#3507,1.);
#3507 = DIRECTION('',(0.,1.,0.));
#3508 = ORIENTED_EDGE('',*,*,#3509,.F.);
#3509 = EDGE_CURVE('',#3510,#3502,#3512,.T.);
#3510 = VERTEX_POINT('',#3511);
#3511 = CARTESIAN_POINT('',(146.8,192.2,9.));
#3512 = CIRCLE('',#3513,4.);
#3513 = AXIS2_PLACEMENT_3D('',#3514,#3515,#3516);
#3514 = CARTESIAN_POINT('',(146.8,188.2,9.));
#3515 = DIRECTION('',(-0.,-0.,-1.));
#3516 = DIRECTION('',(0.,-1.,0.));
#3517 = ORIENTED_EDGE('',*,*,#3518,.F.);
#3518 = EDGE_CURVE('',#3475,#3510,#3519,.T.);
#3519 = LINE('',#3520,#3521);
#3520 = CARTESIAN_POINT('',(0.,192.2,9.));
#3521 = VECTOR('',#3522,1.);
#3522 = DIRECTION('',(1.,0.,0.));
#3523 = ORIENTED_EDGE('',*,*,#3474,.F.);
#3524 = ORIENTED_EDGE('',*,*,#3198,.F.);
#3525 = ORIENTED_EDGE('',*,*,#3449,.T.);
#3526 = ORIENTED_EDGE('',*,*,#3527,.T.);
#3527 = EDGE_CURVE('',#3450,#3528,#3530,.T.);
#3528 = VERTEX_POINT('',#3529);
#3529 = CARTESIAN_POINT('',(80.4,0.,9.));
#3530 = LINE('',#3531,#3532);
#3531 = CARTESIAN_POINT('',(0.,0.,9.));
#3532 = VECTOR('',#3533,1.);
#3533 = DIRECTION('',(1.,0.,0.));
#3534 = ORIENTED_EDGE('',*,*,#3535,.T.);
#3535 = EDGE_CURVE('',#3528,#3536,#3538,.T.);
#3536 = VERTEX_POINT('',#3537);
#3537 = CARTESIAN_POINT('',(80.4,10.,9.));
#3538 = LINE('',#3539,#3540);
#3539 = CARTESIAN_POINT('',(80.4,-2.5E-02,9.));
#3540 = VECTOR('',#3541,1.);
#3541 = DIRECTION('',(0.,1.,0.));
#3542 = ORIENTED_EDGE('',*,*,#3543,.T.);
#3543 = EDGE_CURVE('',#3536,#3544,#3546,.T.);
#3544 = VERTEX_POINT('',#3545);
#3545 = CARTESIAN_POINT('',(41.253993620398,10.,9.));
#3546 = LINE('',#3547,#3548);
#3547 = CARTESIAN_POINT('',(15.4375,10.,9.));
#3548 = VECTOR('',#3549,1.);
#3549 = DIRECTION('',(-1.,0.,0.));
#3550 = ORIENTED_EDGE('',*,*,#3551,.T.);
#3551 = EDGE_CURVE('',#3544,#3552,#3554,.T.);
#3552 = VERTEX_POINT('',#3553);
#3553 = CARTESIAN_POINT('',(38.65,9.5,9.));
#3554 = CIRCLE('',#3555,1.35);
#3555 = AXIS2_PLACEMENT_3D('',#3556,#3557,#3558);
#3556 = CARTESIAN_POINT('',(40.,9.5,9.));
#3557 = DIRECTION('',(0.,0.,-1.));
#3558 = DIRECTION('',(-1.,0.,0.));
#3559 = ORIENTED_EDGE('',*,*,#3560,.T.);
#3560 = EDGE_CURVE('',#3552,#3561,#3563,.T.);
#3561 = VERTEX_POINT('',#3562);
#3562 = CARTESIAN_POINT('',(38.746006379602,10.,9.));
#3563 = CIRCLE('',#3564,1.35);
#3564 = AXIS2_PLACEMENT_3D('',#3565,#3566,#3567);
#3565 = CARTESIAN_POINT('',(40.,9.5,9.));
#3566 = DIRECTION('',(0.,0.,-1.));
#3567 = DIRECTION('',(-1.,0.,0.));
#3568 = ORIENTED_EDGE('',*,*,#3569,.T.);
#3569 = EDGE_CURVE('',#3561,#3570,#3572,.T.);
#3570 = VERTEX_POINT('',#3571);
#3571 = CARTESIAN_POINT('',(30.875,10.,9.));
#3572 = LINE('',#3573,#3574);
#3573 = CARTESIAN_POINT('',(15.4375,10.,9.));
#3574 = VECTOR('',#3575,1.);
#3575 = DIRECTION('',(-1.,0.,0.));
#3576 = ORIENTED_EDGE('',*,*,#3577,.T.);
#3577 = EDGE_CURVE('',#3570,#3578,#3580,.T.);
#3578 = VERTEX_POINT('',#3579);
#3579 = CARTESIAN_POINT('',(30.875,12.,9.));
#3580 = LINE('',#3581,#3582);
#3581 = CARTESIAN_POINT('',(30.875,5.,9.));
#3582 = VECTOR('',#3583,1.);
#3583 = DIRECTION('',(0.,1.,0.));
#3584 = ORIENTED_EDGE('',*,*,#3585,.T.);
#3585 = EDGE_CURVE('',#3578,#3586,#3588,.T.);
#3586 = VERTEX_POINT('',#3587);
#3587 = CARTESIAN_POINT('',(15.875,12.,9.));
#3588 = LINE('',#3589,#3590);
#3589 = CARTESIAN_POINT('',(7.9375,12.,9.));
#3590 = VECTOR('',#3591,1.);
#3591 = DIRECTION('',(-1.,0.,0.));
#3592 = ORIENTED_EDGE('',*,*,#3593,.T.);
#3593 = EDGE_CURVE('',#3586,#3594,#3596,.T.);
#3594 = VERTEX_POINT('',#3595);
#3595 = CARTESIAN_POINT('',(15.875,180.2,9.));
#3596 = LINE('',#3597,#3598);
#3597 = CARTESIAN_POINT('',(15.875,6.,9.));
#3598 = VECTOR('',#3599,1.);
#3599 = DIRECTION('',(0.,1.,0.));
#3600 = ORIENTED_EDGE('',*,*,#3601,.F.);
#3601 = EDGE_CURVE('',#3602,#3594,#3604,.T.);
#3602 = VERTEX_POINT('',#3603);
#3603 = CARTESIAN_POINT('',(134.925,180.2,9.));
#3604 = LINE('',#3605,#3606);
#3605 = CARTESIAN_POINT('',(7.9375,180.2,9.));
#3606 = VECTOR('',#3607,1.);
#3607 = DIRECTION('',(-1.,0.,0.));
#3608 = ORIENTED_EDGE('',*,*,#3609,.F.);
#3609 = EDGE_CURVE('',#3610,#3602,#3612,.T.);
#3610 = VERTEX_POINT('',#3611);
#3611 = CARTESIAN_POINT('',(134.925,12.,9.));
#3612 = LINE('',#3613,#3614);
#3613 = CARTESIAN_POINT('',(134.925,6.,9.));
#3614 = VECTOR('',#3615,1.);
#3615 = DIRECTION('',(0.,1.,0.));
#3616 = ORIENTED_EDGE('',*,*,#3617,.T.);
#3617 = EDGE_CURVE('',#3610,#3618,#3620,.T.);
#3618 = VERTEX_POINT('',#3619);
#3619 = CARTESIAN_POINT('',(119.925,12.,9.));
#3620 = LINE('',#3621,#3622);
#3621 = CARTESIAN_POINT('',(7.9375,12.,9.));
#3622 = VECTOR('',#3623,1.);
#3623 = DIRECTION('',(-1.,0.,0.));
#3624 = ORIENTED_EDGE('',*,*,#3625,.F.);
#3625 = EDGE_CURVE('',#3626,#3618,#3628,.T.);
#3626 = VERTEX_POINT('',#3627);
#3627 = CARTESIAN_POINT('',(119.925,10.,9.));
#3628 = LINE('',#3629,#3630);
#3629 = CARTESIAN_POINT('',(119.925,5.,9.));
#3630 = VECTOR('',#3631,1.);
#3631 = DIRECTION('',(0.,1.,0.));
#3632 = ORIENTED_EDGE('',*,*,#3633,.T.);
#3633 = EDGE_CURVE('',#3626,#3634,#3636,.T.);
#3634 = VERTEX_POINT('',#3635);
#3635 = CARTESIAN_POINT('',(112.05399362039,10.,9.));
#3636 = LINE('',#3637,#3638);
#3637 = CARTESIAN_POINT('',(15.4375,10.,9.));
#3638 = VECTOR('',#3639,1.);
#3639 = DIRECTION('',(-1.,0.,0.));
#3640 = ORIENTED_EDGE('',*,*,#3641,.T.);
#3641 = EDGE_CURVE('',#3634,#3642,#3644,.T.);
#3642 = VERTEX_POINT('',#3643);
#3643 = CARTESIAN_POINT('',(109.45,9.5,9.));
#3644 = CIRCLE('',#3645,1.35);
#3645 = AXIS2_PLACEMENT_3D('',#3646,#3647,#3648);
#3646 = CARTESIAN_POINT('',(110.8,9.5,9.));
#3647 = DIRECTION('',(0.,0.,-1.));
#3648 = DIRECTION('',(-1.,0.,0.));
#3649 = ORIENTED_EDGE('',*,*,#3650,.T.);
#3650 = EDGE_CURVE('',#3642,#3651,#3653,.T.);
#3651 = VERTEX_POINT('',#3652);
#3652 = CARTESIAN_POINT('',(109.5460063796,10.,9.));
#3653 = CIRCLE('',#3654,1.35);
#3654 = AXIS2_PLACEMENT_3D('',#3655,#3656,#3657);
#3655 = CARTESIAN_POINT('',(110.8,9.5,9.));
#3656 = DIRECTION('',(0.,0.,-1.));
#3657 = DIRECTION('',(-1.,0.,0.));
#3658 = ORIENTED_EDGE('',*,*,#3659,.T.);
#3659 = EDGE_CURVE('',#3651,#3660,#3662,.T.);
#3660 = VERTEX_POINT('',#3661);
#3661 = CARTESIAN_POINT('',(94.4,10.,9.));
#3662 = LINE('',#3663,#3664);
#3663 = CARTESIAN_POINT('',(15.4375,10.,9.));
#3664 = VECTOR('',#3665,1.);
#3665 = DIRECTION('',(-1.,0.,0.));
#3666 = ORIENTED_EDGE('',*,*,#3667,.F.);
#3667 = EDGE_CURVE('',#3668,#3660,#3670,.T.);
#3668 = VERTEX_POINT('',#3669);
#3669 = CARTESIAN_POINT('',(94.4,0.,9.));
#3670 = LINE('',#3671,#3672);
#3671 = CARTESIAN_POINT('',(94.4,-2.5E-02,9.));
#3672 = VECTOR('',#3673,1.);
#3673 = DIRECTION('',(0.,1.,0.));
#3674 = ORIENTED_EDGE('',*,*,#3675,.T.);
#3675 = EDGE_CURVE('',#3668,#3676,#3678,.T.);
#3676 = VERTEX_POINT('',#3677);
#3677 = CARTESIAN_POINT('',(146.8,-8.881784197001E-16,9.));
#3678 = LINE('',#3679,#3680);
#3679 = CARTESIAN_POINT('',(0.,0.,9.));
#3680 = VECTOR('',#3681,1.);
#3681 = DIRECTION('',(1.,0.,0.));
#3682 = ORIENTED_EDGE('',*,*,#3683,.F.);
#3683 = EDGE_CURVE('',#3500,#3676,#3684,.T.);
#3684 = CIRCLE('',#3685,4.);
#3685 = AXIS2_PLACEMENT_3D('',#3686,#3687,#3688);
#3686 = CARTESIAN_POINT('',(146.8,4.,9.));
#3687 = DIRECTION('',(-0.,-0.,-1.));
#3688 = DIRECTION('',(0.,-1.,0.));
#3689 = FACE_BOUND('',#3690,.F.);
#3690 = EDGE_LOOP('',(#3691,#3701,#3710,#3718));
#3691 = ORIENTED_EDGE('',*,*,#3692,.F.);
#3692 = EDGE_CURVE('',#3693,#3695,#3697,.T.);
#3693 = VERTEX_POINT('',#3694);
#3694 = CARTESIAN_POINT('',(13.,150.,9.));
#3695 = VERTEX_POINT('',#3696);
#3696 = CARTESIAN_POINT('',(13.,172.,9.));
#3697 = LINE('',#3698,#3699);
#3698 = CARTESIAN_POINT('',(13.,75.,9.));
#3699 = VECTOR('',#3700,1.);
#3700 = DIRECTION('',(0.,1.,0.));
#3701 = ORIENTED_EDGE('',*,*,#3702,.F.);
#3702 = EDGE_CURVE('',#3703,#3693,#3705,.T.);
#3703 = VERTEX_POINT('',#3704);
#3704 = CARTESIAN_POINT('',(3.,150.,9.));
#3705 = CIRCLE('',#3706,5.);
#3706 = AXIS2_PLACEMENT_3D('',#3707,#3708,#3709);
#3707 = CARTESIAN_POINT('',(8.,150.,9.));
#3708 = DIRECTION('',(0.,0.,1.));
#3709 = DIRECTION('',(1.,0.,0.));
#3710 = ORIENTED_EDGE('',*,*,#3711,.T.);
#3711 = EDGE_CURVE('',#3703,#3712,#3714,.T.);
#3712 = VERTEX_POINT('',#3713);
#3713 = CARTESIAN_POINT('',(3.,172.,9.));
#3714 = LINE('',#3715,#3716);
#3715 = CARTESIAN_POINT('',(3.,75.,9.));
#3716 = VECTOR('',#3717,1.);
#3717 = DIRECTION('',(0.,1.,0.));
#3718 = ORIENTED_EDGE('',*,*,#3719,.F.);
#3719 = EDGE_CURVE('',#3695,#3712,#3720,.T.);
#3720 = LINE('',#3721,#3722);
#3721 = CARTESIAN_POINT('',(1.5,172.,9.));
#3722 = VECTOR('',#3723,1.);
#3723 = DIRECTION('',(-1.,0.,0.));
#3724 = FACE_BOUND('',#3725,.F.);
#3725 = EDGE_LOOP('',(#3726,#3736,#3745,#3753));
#3726 = ORIENTED_EDGE('',*,*,#3727,.F.);
#3727 = EDGE_CURVE('',#3728,#3730,#3732,.T.);
#3728 = VERTEX_POINT('',#3729);
#3729 = CARTESIAN_POINT('',(147.8,150.,9.));
#3730 = VERTEX_POINT('',#3731);
#3731 = CARTESIAN_POINT('',(147.8,172.,9.));
#3732 = LINE('',#3733,#3734);
#3733 = CARTESIAN_POINT('',(147.8,75.,9.));
#3734 = VECTOR('',#3735,1.);
#3735 = DIRECTION('',(0.,1.,0.));
#3736 = ORIENTED_EDGE('',*,*,#3737,.F.);
#3737 = EDGE_CURVE('',#3738,#3728,#3740,.T.);
#3738 = VERTEX_POINT('',#3739);
#3739 = CARTESIAN_POINT('',(137.8,150.,9.));
#3740 = CIRCLE('',#3741,5.);
#3741 = AXIS2_PLACEMENT_3D('',#3742,#3743,#3744);
#3742 = CARTESIAN_POINT('',(142.8,150.,9.));
#3743 = DIRECTION('',(0.,0.,1.));
#3744 = DIRECTION('',(1.,0.,0.));
#3745 = ORIENTED_EDGE('',*,*,#3746,.T.);
#3746 = EDGE_CURVE('',#3738,#3747,#3749,.T.);
#3747 = VERTEX_POINT('',#3748);
#3748 = CARTESIAN_POINT('',(137.8,172.,9.));
#3749 = LINE('',#3750,#3751);
#3750 = CARTESIAN_POINT('',(137.8,75.,9.));
#3751 = VECTOR('',#3752,1.);
#3752 = DIRECTION('',(0.,1.,0.));
#3753 = ORIENTED_EDGE('',*,*,#3754,.F.);
#3754 = EDGE_CURVE('',#3730,#3747,#3755,.T.);
#3755 = LINE('',#3756,#3757);
#3756 = CARTESIAN_POINT('',(68.9,172.,9.));
#3757 = VECTOR('',#3758,1.);
#3758 = DIRECTION('',(-1.,0.,0.));
#3759 = FACE_BOUND('',#3760,.F.);
#3760 = EDGE_LOOP('',(#3761));
#3761 = ORIENTED_EDGE('',*,*,#3762,.T.);
#3762 = EDGE_CURVE('',#3763,#3763,#3765,.T.);
#3763 = VERTEX_POINT('',#3764);
#3764 = CARTESIAN_POINT('',(38.65,182.7,9.));
#3765 = CIRCLE('',#3766,1.35);
#3766 = AXIS2_PLACEMENT_3D('',#3767,#3768,#3769);
#3767 = CARTESIAN_POINT('',(40.,182.7,9.));
#3768 = DIRECTION('',(0.,0.,-1.));
#3769 = DIRECTION('',(-1.,0.,0.));
#3770 = FACE_BOUND('',#3771,.F.);
#3771 = EDGE_LOOP('',(#3772));
#3772 = ORIENTED_EDGE('',*,*,#3773,.T.);
#3773 = EDGE_CURVE('',#3774,#3774,#3776,.T.);
#3774 = VERTEX_POINT('',#3775);
#3775 = CARTESIAN_POINT('',(74.05,182.7,9.));
#3776 = CIRCLE('',#3777,1.35);
#3777 = AXIS2_PLACEMENT_3D('',#3778,#3779,#3780);
#3778 = CARTESIAN_POINT('',(75.4,182.7,9.));
#3779 = DIRECTION('',(0.,0.,-1.));
#3780 = DIRECTION('',(-1.,0.,0.));
#3781 = FACE_BOUND('',#3782,.F.);
#3782 = EDGE_LOOP('',(#3783));
#3783 = ORIENTED_EDGE('',*,*,#3784,.T.);
#3784 = EDGE_CURVE('',#3785,#3785,#3787,.T.);
#3785 = VERTEX_POINT('',#3786);
#3786 = CARTESIAN_POINT('',(109.45,182.7,9.));
#3787 = CIRCLE('',#3788,1.35);
#3788 = AXIS2_PLACEMENT_3D('',#3789,#3790,#3791);
#3789 = CARTESIAN_POINT('',(110.8,182.7,9.));
#3790 = DIRECTION('',(0.,0.,-1.));
#3791 = DIRECTION('',(-1.,0.,0.));
#3792 = PLANE('',#3793);
#3793 = AXIS2_PLACEMENT_3D('',#3794,#3795,#3796);
#3794 = CARTESIAN_POINT('',(0.,0.,9.));
#3795 = DIRECTION('',(0.,0.,1.));
#3796 = DIRECTION('',(1.,0.,0.));
#3797 = ADVANCED_FACE('',(#3798),#3814,.T.);
#3798 = FACE_BOUND('',#3799,.T.);
#3799 = EDGE_LOOP('',(#3800,#3801,#3807,#3808));
#3800 = ORIENTED_EDGE('',*,*,#3220,.F.);
#3801 = ORIENTED_EDGE('',*,*,#3802,.F.);
#3802 = EDGE_CURVE('',#3500,#3221,#3803,.T.);
#3803 = LINE('',#3804,#3805);
#3804 = CARTESIAN_POINT('',(150.8,4.,9.));
#3805 = VECTOR('',#3806,1.);
#3806 = DIRECTION('',(0.,0.,1.));
#3807 = ORIENTED_EDGE('',*,*,#3499,.T.);
#3808 = ORIENTED_EDGE('',*,*,#3809,.T.);
#3809 = EDGE_CURVE('',#3502,#3223,#3810,.T.);
#3810 = LINE('',#3811,#3812);
#3811 = CARTESIAN_POINT('',(150.8,188.2,9.));
#3812 = VECTOR('',#3813,1.);
#3813 = DIRECTION('',(0.,0.,1.));
#3814 = PLANE('',#3815);
#3815 = AXIS2_PLACEMENT_3D('',#3816,#3817,#3818);
#3816 = CARTESIAN_POINT('',(150.8,0.,9.));
#3817 = DIRECTION('',(1.,0.,0.));
#3818 = DIRECTION('',(0.,0.,1.));
#3819 = ADVANCED_FACE('',(#3820),#3831,.T.);
#3820 = FACE_BOUND('',#3821,.F.);
#3821 = EDGE_LOOP('',(#3822,#3823,#3829,#3830));
#3822 = ORIENTED_EDGE('',*,*,#3683,.T.);
#3823 = ORIENTED_EDGE('',*,*,#3824,.T.);
#3824 = EDGE_CURVE('',#3676,#3427,#3825,.T.);
#3825 = LINE('',#3826,#3827);
#3826 = CARTESIAN_POINT('',(146.8,-8.881784197001E-16,9.));
#3827 = VECTOR('',#3828,1.);
#3828 = DIRECTION('',(0.,0.,1.));
#3829 = ORIENTED_EDGE('',*,*,#3434,.F.);
#3830 = ORIENTED_EDGE('',*,*,#3802,.F.);
#3831 = CYLINDRICAL_SURFACE('',#3832,4.);
#3832 = AXIS2_PLACEMENT_3D('',#3833,#3834,#3835);
#3833 = CARTESIAN_POINT('',(146.8,4.,9.));
#3834 = DIRECTION('',(0.,0.,1.));
#3835 = DIRECTION('',(1.,0.,0.));
#3836 = ADVANCED_FACE('',(#3837),#3848,.T.);
#3837 = FACE_BOUND('',#3838,.F.);
#3838 = EDGE_LOOP('',(#3839,#3840,#3841,#3842));
#3839 = ORIENTED_EDGE('',*,*,#3509,.T.);
#3840 = ORIENTED_EDGE('',*,*,#3809,.T.);
#3841 = ORIENTED_EDGE('',*,*,#3230,.F.);
#3842 = ORIENTED_EDGE('',*,*,#3843,.F.);
#3843 = EDGE_CURVE('',#3510,#3231,#3844,.T.);
#3844 = LINE('',#3845,#3846);
#3845 = CARTESIAN_POINT('',(146.8,192.2,9.));
#3846 = VECTOR('',#3847,1.);
#3847 = DIRECTION('',(0.,0.,1.));
#3848 = CYLINDRICAL_SURFACE('',#3849,4.);
#3849 = AXIS2_PLACEMENT_3D('',#3850,#3851,#3852);
#3850 = CARTESIAN_POINT('',(146.8,188.2,9.));
#3851 = DIRECTION('',(0.,0.,1.));
#3852 = DIRECTION('',(0.,1.,0.));
#3853 = ADVANCED_FACE('',(#3854),#3865,.F.);
#3854 = FACE_BOUND('',#3855,.F.);
#3855 = EDGE_LOOP('',(#3856,#3857,#3863,#3864));
#3856 = ORIENTED_EDGE('',*,*,#3675,.F.);
#3857 = ORIENTED_EDGE('',*,*,#3858,.F.);
#3858 = EDGE_CURVE('',#3419,#3668,#3859,.T.);
#3859 = LINE('',#3860,#3861);
#3860 = CARTESIAN_POINT('',(94.4,0.,5.975));
#3861 = VECTOR('',#3862,1.);
#3862 = DIRECTION('',(0.,0.,-1.));
#3863 = ORIENTED_EDGE('',*,*,#3426,.T.);
#3864 = ORIENTED_EDGE('',*,*,#3824,.F.);
#3865 = PLANE('',#3866);
#3866 = AXIS2_PLACEMENT_3D('',#3867,#3868,#3869);
#3867 = CARTESIAN_POINT('',(0.,0.,9.));
#3868 = DIRECTION('',(0.,1.,0.));
#3869 = DIRECTION('',(0.,0.,1.));
#3870 = ADVANCED_FACE('',(#3871),#3877,.T.);
#3871 = FACE_BOUND('',#3872,.T.);
#3872 = EDGE_LOOP('',(#3873,#3874,#3875,#3876));
#3873 = ORIENTED_EDGE('',*,*,#3518,.F.);
#3874 = ORIENTED_EDGE('',*,*,#3483,.T.);
#3875 = ORIENTED_EDGE('',*,*,#3239,.T.);
#3876 = ORIENTED_EDGE('',*,*,#3843,.F.);
#3877 = PLANE('',#3878);
#3878 = AXIS2_PLACEMENT_3D('',#3879,#3880,#3881);
#3879 = CARTESIAN_POINT('',(0.,192.2,9.));
#3880 = DIRECTION('',(0.,1.,0.));
#3881 = DIRECTION('',(0.,0.,1.));
#3882 = ADVANCED_FACE('',(#3883),#3910,.F.);
#3883 = FACE_BOUND('',#3884,.F.);
#3884 = EDGE_LOOP('',(#3885,#3886,#3887,#3888,#3896,#3904));
#3885 = ORIENTED_EDGE('',*,*,#3418,.F.);
#3886 = ORIENTED_EDGE('',*,*,#3858,.T.);
#3887 = ORIENTED_EDGE('',*,*,#3667,.T.);
#3888 = ORIENTED_EDGE('',*,*,#3889,.T.);
#3889 = EDGE_CURVE('',#3660,#3890,#3892,.T.);
#3890 = VERTEX_POINT('',#3891);
#3891 = CARTESIAN_POINT('',(94.4,10.,11.95));
#3892 = LINE('',#3893,#3894);
#3893 = CARTESIAN_POINT('',(94.4,10.,2.95));
#3894 = VECTOR('',#3895,1.);
#3895 = DIRECTION('',(0.,0.,1.));
#3896 = ORIENTED_EDGE('',*,*,#3897,.F.);
#3897 = EDGE_CURVE('',#3898,#3890,#3900,.T.);
#3898 = VERTEX_POINT('',#3899);
#3899 = CARTESIAN_POINT('',(94.4,7.,11.95));
#3900 = LINE('',#3901,#3902);
#3901 = CARTESIAN_POINT('',(94.4,3.475,11.95));
#3902 = VECTOR('',#3903,1.);
#3903 = DIRECTION('',(0.,1.,0.));
#3904 = ORIENTED_EDGE('',*,*,#3905,.F.);
#3905 = EDGE_CURVE('',#3411,#3898,#3906,.T.);
#3906 = LINE('',#3907,#3908);
#3907 = CARTESIAN_POINT('',(94.4,7.,7.45));
#3908 = VECTOR('',#3909,1.);
#3909 = DIRECTION('',(0.,0.,-1.));
#3910 = PLANE('',#3911);
#3911 = AXIS2_PLACEMENT_3D('',#3912,#3913,#3914);
#3912 = CARTESIAN_POINT('',(94.4,-5.E-02,2.95));
#3913 = DIRECTION('',(1.,0.,0.));
#3914 = DIRECTION('',(0.,0.,1.));
#3915 = ADVANCED_FACE('',(#3916),#3934,.T.);
#3916 = FACE_BOUND('',#3917,.T.);
#3917 = EDGE_LOOP('',(#3918,#3926,#3932,#3933));
#3918 = ORIENTED_EDGE('',*,*,#3919,.F.);
#3919 = EDGE_CURVE('',#3920,#3403,#3922,.T.);
#3920 = VERTEX_POINT('',#3921);
#3921 = CARTESIAN_POINT('',(137.925,7.,11.95));
#3922 = LINE('',#3923,#3924);
#3923 = CARTESIAN_POINT('',(137.925,7.,11.95));
#3924 = VECTOR('',#3925,1.);
#3925 = DIRECTION('',(0.,0.,1.));
#3926 = ORIENTED_EDGE('',*,*,#3927,.F.);
#3927 = EDGE_CURVE('',#3898,#3920,#3928,.T.);
#3928 = LINE('',#3929,#3930);
#3929 = CARTESIAN_POINT('',(12.875,7.,11.95));
#3930 = VECTOR('',#3931,1.);
#3931 = DIRECTION('',(1.,0.,0.));
#3932 = ORIENTED_EDGE('',*,*,#3905,.F.);
#3933 = ORIENTED_EDGE('',*,*,#3410,.F.);
#3934 = PLANE('',#3935);
#3935 = AXIS2_PLACEMENT_3D('',#3936,#3937,#3938);
#3936 = CARTESIAN_POINT('',(12.875,7.,11.95));
#3937 = DIRECTION('',(0.,1.,0.));
#3938 = DIRECTION('',(0.,0.,1.));
#3939 = ADVANCED_FACE('',(#3940),#3958,.F.);
#3940 = FACE_BOUND('',#3941,.F.);
#3941 = EDGE_LOOP('',(#3942,#3943,#3951,#3957));
#3942 = ORIENTED_EDGE('',*,*,#3919,.F.);
#3943 = ORIENTED_EDGE('',*,*,#3944,.T.);
#3944 = EDGE_CURVE('',#3920,#3945,#3947,.T.);
#3945 = VERTEX_POINT('',#3946);
#3946 = CARTESIAN_POINT('',(137.925,148.88897569783,11.95));
#3947 = LINE('',#3948,#3949);
#3948 = CARTESIAN_POINT('',(137.925,7.,11.95));
#3949 = VECTOR('',#3950,1.);
#3950 = DIRECTION('',(0.,1.,0.));
#3951 = ORIENTED_EDGE('',*,*,#3952,.T.);
#3952 = EDGE_CURVE('',#3945,#3394,#3953,.T.);
#3953 = LINE('',#3954,#3955);
#3954 = CARTESIAN_POINT('',(137.925,148.88897569783,11.95));
#3955 = VECTOR('',#3956,1.);
#3956 = DIRECTION('',(0.,0.,1.));
#3957 = ORIENTED_EDGE('',*,*,#3402,.F.);
#3958 = PLANE('',#3959);
#3959 = AXIS2_PLACEMENT_3D('',#3960,#3961,#3962);
#3960 = CARTESIAN_POINT('',(137.925,7.,11.95));
#3961 = DIRECTION('',(1.,0.,0.));
#3962 = DIRECTION('',(0.,0.,1.));
#3963 = ADVANCED_FACE('',(#3964),#3983,.F.);
#3964 = FACE_BOUND('',#3965,.F.);
#3965 = EDGE_LOOP('',(#3966,#3974,#3975,#3976));
#3966 = ORIENTED_EDGE('',*,*,#3967,.T.);
#3967 = EDGE_CURVE('',#3968,#3386,#3970,.T.);
#3968 = VERTEX_POINT('',#3969);
#3969 = CARTESIAN_POINT('',(147.8,150.,11.95));
#3970 = LINE('',#3971,#3972);
#3971 = CARTESIAN_POINT('',(147.8,150.,11.95));
#3972 = VECTOR('',#3973,1.);
#3973 = DIRECTION('',(0.,0.,1.));
#3974 = ORIENTED_EDGE('',*,*,#3393,.F.);
#3975 = ORIENTED_EDGE('',*,*,#3952,.F.);
#3976 = ORIENTED_EDGE('',*,*,#3977,.T.);
#3977 = EDGE_CURVE('',#3945,#3968,#3978,.T.);
#3978 = CIRCLE('',#3979,5.);
#3979 = AXIS2_PLACEMENT_3D('',#3980,#3981,#3982);
#3980 = CARTESIAN_POINT('',(142.8,150.,11.95));
#3981 = DIRECTION('',(0.,0.,1.));
#3982 = DIRECTION('',(1.,0.,0.));
#3983 = CYLINDRICAL_SURFACE('',#3984,5.);
#3984 = AXIS2_PLACEMENT_3D('',#3985,#3986,#3987);
#3985 = CARTESIAN_POINT('',(142.8,150.,11.95));
#3986 = DIRECTION('',(0.,0.,1.));
#3987 = DIRECTION('',(1.,0.,0.));
#3988 = ADVANCED_FACE('',(#3989),#4000,.F.);
#3989 = FACE_BOUND('',#3990,.F.);
#3990 = EDGE_LOOP('',(#3991,#3992,#3993,#3994));
#3991 = ORIENTED_EDGE('',*,*,#3527,.F.);
#3992 = ORIENTED_EDGE('',*,*,#3458,.T.);
#3993 = ORIENTED_EDGE('',*,*,#3264,.T.);
#3994 = ORIENTED_EDGE('',*,*,#3995,.T.);
#3995 = EDGE_CURVE('',#3265,#3528,#3996,.T.);
#3996 = LINE('',#3997,#3998);
#3997 = CARTESIAN_POINT('',(80.4,0.,5.975));
#3998 = VECTOR('',#3999,1.);
#3999 = DIRECTION('',(0.,0.,-1.));
#4000 = PLANE('',#4001);
#4001 = AXIS2_PLACEMENT_3D('',#4002,#4003,#4004);
#4002 = CARTESIAN_POINT('',(0.,0.,9.));
#4003 = DIRECTION('',(0.,1.,0.));
#4004 = DIRECTION('',(0.,0.,1.));
#4005 = ADVANCED_FACE('',(#4006),#4023,.F.);
#4006 = FACE_BOUND('',#4007,.F.);
#4007 = EDGE_LOOP('',(#4008,#4014,#4015,#4021,#4022));
#4008 = ORIENTED_EDGE('',*,*,#4009,.F.);
#4009 = EDGE_CURVE('',#3728,#3968,#4010,.T.);
#4010 = LINE('',#4011,#4012);
#4011 = CARTESIAN_POINT('',(147.8,150.,8.95));
#4012 = VECTOR('',#4013,1.);
#4013 = DIRECTION('',(0.,0.,1.));
#4014 = ORIENTED_EDGE('',*,*,#3727,.T.);
#4015 = ORIENTED_EDGE('',*,*,#4016,.T.);
#4016 = EDGE_CURVE('',#3730,#3378,#4017,.T.);
#4017 = LINE('',#4018,#4019);
#4018 = CARTESIAN_POINT('',(147.8,172.,8.95));
#4019 = VECTOR('',#4020,1.);
#4020 = DIRECTION('',(0.,0.,1.));
#4021 = ORIENTED_EDGE('',*,*,#3385,.F.);
#4022 = ORIENTED_EDGE('',*,*,#3967,.F.);
#4023 = PLANE('',#4024);
#4024 = AXIS2_PLACEMENT_3D('',#4025,#4026,#4027);
#4025 = CARTESIAN_POINT('',(147.8,150.,8.95));
#4026 = DIRECTION('',(1.,0.,0.));
#4027 = DIRECTION('',(0.,0.,1.));
#4028 = ADVANCED_FACE('',(#4029),#4056,.T.);
#4029 = FACE_BOUND('',#4030,.T.);
#4030 = EDGE_LOOP('',(#4031,#4032,#4033,#4034,#4042,#4050));
#4031 = ORIENTED_EDGE('',*,*,#3272,.F.);
#4032 = ORIENTED_EDGE('',*,*,#3995,.T.);
#4033 = ORIENTED_EDGE('',*,*,#3535,.T.);
#4034 = ORIENTED_EDGE('',*,*,#4035,.T.);
#4035 = EDGE_CURVE('',#3536,#4036,#4038,.T.);
#4036 = VERTEX_POINT('',#4037);
#4037 = CARTESIAN_POINT('',(80.4,10.,11.95));
#4038 = LINE('',#4039,#4040);
#4039 = CARTESIAN_POINT('',(80.4,10.,2.95));
#4040 = VECTOR('',#4041,1.);
#4041 = DIRECTION('',(0.,0.,1.));
#4042 = ORIENTED_EDGE('',*,*,#4043,.F.);
#4043 = EDGE_CURVE('',#4044,#4036,#4046,.T.);
#4044 = VERTEX_POINT('',#4045);
#4045 = CARTESIAN_POINT('',(80.4,7.,11.95));
#4046 = LINE('',#4047,#4048);
#4047 = CARTESIAN_POINT('',(80.4,3.475,11.95));
#4048 = VECTOR('',#4049,1.);
#4049 = DIRECTION('',(0.,1.,0.));
#4050 = ORIENTED_EDGE('',*,*,#4051,.F.);
#4051 = EDGE_CURVE('',#3273,#4044,#4052,.T.);
#4052 = LINE('',#4053,#4054);
#4053 = CARTESIAN_POINT('',(80.4,7.,7.45));
#4054 = VECTOR('',#4055,1.);
#4055 = DIRECTION('',(0.,0.,-1.));
#4056 = PLANE('',#4057);
#4057 = AXIS2_PLACEMENT_3D('',#4058,#4059,#4060);
#4058 = CARTESIAN_POINT('',(80.4,-5.E-02,2.95));
#4059 = DIRECTION('',(1.,0.,0.));
#4060 = DIRECTION('',(0.,0.,1.));
#4061 = ADVANCED_FACE('',(#4062),#4112,.F.);
#4062 = FACE_BOUND('',#4063,.F.);
#4063 = EDGE_LOOP('',(#4064,#4065,#4066,#4074,#4082,#4088,#4089,#4097,
    #4105,#4111));
#4064 = ORIENTED_EDGE('',*,*,#4016,.F.);
#4065 = ORIENTED_EDGE('',*,*,#3754,.T.);
#4066 = ORIENTED_EDGE('',*,*,#4067,.T.);
#4067 = EDGE_CURVE('',#3747,#4068,#4070,.T.);
#4068 = VERTEX_POINT('',#4069);
#4069 = CARTESIAN_POINT('',(137.8,172.,11.95));
#4070 = LINE('',#4071,#4072);
#4071 = CARTESIAN_POINT('',(137.8,172.,8.95));
#4072 = VECTOR('',#4073,1.);
#4073 = DIRECTION('',(0.,0.,1.));
#4074 = ORIENTED_EDGE('',*,*,#4075,.F.);
#4075 = EDGE_CURVE('',#4076,#4068,#4078,.T.);
#4076 = VERTEX_POINT('',#4077);
#4077 = CARTESIAN_POINT('',(137.925,172.,11.95));
#4078 = LINE('',#4079,#4080);
#4079 = CARTESIAN_POINT('',(75.3375,172.,11.95));
#4080 = VECTOR('',#4081,1.);
#4081 = DIRECTION('',(-1.,0.,0.));
#4082 = ORIENTED_EDGE('',*,*,#4083,.T.);
#4083 = EDGE_CURVE('',#4076,#3354,#4084,.T.);
#4084 = LINE('',#4085,#4086);
#4085 = CARTESIAN_POINT('',(137.925,172.,10.45));
#4086 = VECTOR('',#4087,1.);
#4087 = DIRECTION('',(0.,0.,1.));
#4088 = ORIENTED_EDGE('',*,*,#3361,.F.);
#4089 = ORIENTED_EDGE('',*,*,#4090,.F.);
#4090 = EDGE_CURVE('',#4091,#3362,#4093,.T.);
#4091 = VERTEX_POINT('',#4092);
#4092 = CARTESIAN_POINT('',(140.3,172.,11.95));
#4093 = LINE('',#4094,#4095);
#4094 = CARTESIAN_POINT('',(140.3,172.,11.95));
#4095 = VECTOR('',#4096,1.);
#4096 = DIRECTION('',(0.,0.,1.));
#4097 = ORIENTED_EDGE('',*,*,#4098,.T.);
#4098 = EDGE_CURVE('',#4091,#4099,#4101,.T.);
#4099 = VERTEX_POINT('',#4100);
#4100 = CARTESIAN_POINT('',(145.3,172.,11.95));
#4101 = LINE('',#4102,#4103);
#4102 = CARTESIAN_POINT('',(140.3,172.,11.95));
#4103 = VECTOR('',#4104,1.);
#4104 = DIRECTION('',(1.,0.,0.));
#4105 = ORIENTED_EDGE('',*,*,#4106,.T.);
#4106 = EDGE_CURVE('',#4099,#3370,#4107,.T.);
#4107 = LINE('',#4108,#4109);
#4108 = CARTESIAN_POINT('',(145.3,172.,11.95));
#4109 = VECTOR('',#4110,1.);
#4110 = DIRECTION('',(0.,0.,1.));
#4111 = ORIENTED_EDGE('',*,*,#3377,.F.);
#4112 = PLANE('',#4113);
#4113 = AXIS2_PLACEMENT_3D('',#4114,#4115,#4116);
#4114 = CARTESIAN_POINT('',(137.8,172.,8.95));
#4115 = DIRECTION('',(0.,1.,0.));
#4116 = DIRECTION('',(0.,0.,1.));
#4117 = ADVANCED_FACE('',(#4118),#4136,.T.);
#4118 = FACE_BOUND('',#4119,.T.);
#4119 = EDGE_LOOP('',(#4120,#4121,#4129,#4135));
#4120 = ORIENTED_EDGE('',*,*,#4051,.T.);
#4121 = ORIENTED_EDGE('',*,*,#4122,.F.);
#4122 = EDGE_CURVE('',#4123,#4044,#4125,.T.);
#4123 = VERTEX_POINT('',#4124);
#4124 = CARTESIAN_POINT('',(12.875,7.,11.95));
#4125 = LINE('',#4126,#4127);
#4126 = CARTESIAN_POINT('',(12.875,7.,11.95));
#4127 = VECTOR('',#4128,1.);
#4128 = DIRECTION('',(1.,0.,0.));
#4129 = ORIENTED_EDGE('',*,*,#4130,.T.);
#4130 = EDGE_CURVE('',#4123,#3281,#4131,.T.);
#4131 = LINE('',#4132,#4133);
#4132 = CARTESIAN_POINT('',(12.875,7.,11.95));
#4133 = VECTOR('',#4134,1.);
#4134 = DIRECTION('',(0.,0.,1.));
#4135 = ORIENTED_EDGE('',*,*,#3280,.F.);
#4136 = PLANE('',#4137);
#4137 = AXIS2_PLACEMENT_3D('',#4138,#4139,#4140);
#4138 = CARTESIAN_POINT('',(12.875,7.,11.95));
#4139 = DIRECTION('',(0.,1.,0.));
#4140 = DIRECTION('',(0.,0.,1.));
#4141 = ADVANCED_FACE('',(#4142),#4148,.F.);
#4142 = FACE_BOUND('',#4143,.F.);
#4143 = EDGE_LOOP('',(#4144,#4145,#4146,#4147));
#4144 = ORIENTED_EDGE('',*,*,#4106,.F.);
#4145 = ORIENTED_EDGE('',*,*,#4098,.F.);
#4146 = ORIENTED_EDGE('',*,*,#4090,.T.);
#4147 = ORIENTED_EDGE('',*,*,#3369,.F.);
#4148 = PLANE('',#4149);
#4149 = AXIS2_PLACEMENT_3D('',#4150,#4151,#4152);
#4150 = CARTESIAN_POINT('',(140.3,172.,11.95));
#4151 = DIRECTION('',(0.,1.,0.));
#4152 = DIRECTION('',(0.,0.,1.));
#4153 = ADVANCED_FACE('',(#4154),#4172,.T.);
#4154 = FACE_BOUND('',#4155,.T.);
#4155 = EDGE_LOOP('',(#4156,#4157,#4165,#4171));
#4156 = ORIENTED_EDGE('',*,*,#4130,.F.);
#4157 = ORIENTED_EDGE('',*,*,#4158,.T.);
#4158 = EDGE_CURVE('',#4123,#4159,#4161,.T.);
#4159 = VERTEX_POINT('',#4160);
#4160 = CARTESIAN_POINT('',(12.875,148.88897569783,11.95));
#4161 = LINE('',#4162,#4163);
#4162 = CARTESIAN_POINT('',(12.875,7.,11.95));
#4163 = VECTOR('',#4164,1.);
#4164 = DIRECTION('',(0.,1.,0.));
#4165 = ORIENTED_EDGE('',*,*,#4166,.T.);
#4166 = EDGE_CURVE('',#4159,#3289,#4167,.T.);
#4167 = LINE('',#4168,#4169);
#4168 = CARTESIAN_POINT('',(12.875,148.88897569783,11.95));
#4169 = VECTOR('',#4170,1.);
#4170 = DIRECTION('',(0.,0.,1.));
#4171 = ORIENTED_EDGE('',*,*,#3288,.F.);
#4172 = PLANE('',#4173);
#4173 = AXIS2_PLACEMENT_3D('',#4174,#4175,#4176);
#4174 = CARTESIAN_POINT('',(12.875,7.,11.95));
#4175 = DIRECTION('',(1.,0.,0.));
#4176 = DIRECTION('',(0.,0.,1.));
#4177 = ADVANCED_FACE('',(#4178),#4197,.F.);
#4178 = FACE_BOUND('',#4179,.F.);
#4179 = EDGE_LOOP('',(#4180,#4188,#4195,#4196));
#4180 = ORIENTED_EDGE('',*,*,#4181,.F.);
#4181 = EDGE_CURVE('',#4182,#3297,#4184,.T.);
#4182 = VERTEX_POINT('',#4183);
#4183 = CARTESIAN_POINT('',(3.,150.,11.95));
#4184 = LINE('',#4185,#4186);
#4185 = CARTESIAN_POINT('',(3.,150.,8.95));
#4186 = VECTOR('',#4187,1.);
#4187 = DIRECTION('',(0.,0.,1.));
#4188 = ORIENTED_EDGE('',*,*,#4189,.T.);
#4189 = EDGE_CURVE('',#4182,#4159,#4190,.T.);
#4190 = CIRCLE('',#4191,5.);
#4191 = AXIS2_PLACEMENT_3D('',#4192,#4193,#4194);
#4192 = CARTESIAN_POINT('',(8.,150.,11.95));
#4193 = DIRECTION('',(0.,0.,1.));
#4194 = DIRECTION('',(1.,0.,0.));
#4195 = ORIENTED_EDGE('',*,*,#4166,.T.);
#4196 = ORIENTED_EDGE('',*,*,#3296,.F.);
#4197 = CYLINDRICAL_SURFACE('',#4198,5.);
#4198 = AXIS2_PLACEMENT_3D('',#4199,#4200,#4201);
#4199 = CARTESIAN_POINT('',(8.,150.,11.95));
#4200 = DIRECTION('',(0.,0.,1.));
#4201 = DIRECTION('',(1.,0.,0.));
#4202 = ADVANCED_FACE('',(#4203),#4221,.F.);
#4203 = FACE_BOUND('',#4204,.F.);
#4204 = EDGE_LOOP('',(#4205,#4206,#4214,#4220));
#4205 = ORIENTED_EDGE('',*,*,#4083,.F.);
#4206 = ORIENTED_EDGE('',*,*,#4207,.T.);
#4207 = EDGE_CURVE('',#4076,#4208,#4210,.T.);
#4208 = VERTEX_POINT('',#4209);
#4209 = CARTESIAN_POINT('',(137.925,185.2,11.95));
#4210 = LINE('',#4211,#4212);
#4211 = CARTESIAN_POINT('',(137.925,7.,11.95));
#4212 = VECTOR('',#4213,1.);
#4213 = DIRECTION('',(0.,1.,0.));
#4214 = ORIENTED_EDGE('',*,*,#4215,.T.);
#4215 = EDGE_CURVE('',#4208,#3346,#4216,.T.);
#4216 = LINE('',#4217,#4218);
#4217 = CARTESIAN_POINT('',(137.925,185.2,11.95));
#4218 = VECTOR('',#4219,1.);
#4219 = DIRECTION('',(0.,0.,1.));
#4220 = ORIENTED_EDGE('',*,*,#3353,.F.);
#4221 = PLANE('',#4222);
#4222 = AXIS2_PLACEMENT_3D('',#4223,#4224,#4225);
#4223 = CARTESIAN_POINT('',(137.925,7.,11.95));
#4224 = DIRECTION('',(1.,0.,0.));
#4225 = DIRECTION('',(0.,0.,1.));
#4226 = ADVANCED_FACE('',(#4227),#4244,.T.);
#4227 = FACE_BOUND('',#4228,.T.);
#4228 = EDGE_LOOP('',(#4229,#4235,#4236,#4242,#4243));
#4229 = ORIENTED_EDGE('',*,*,#4230,.F.);
#4230 = EDGE_CURVE('',#3703,#4182,#4231,.T.);
#4231 = LINE('',#4232,#4233);
#4232 = CARTESIAN_POINT('',(3.,150.,8.95));
#4233 = VECTOR('',#4234,1.);
#4234 = DIRECTION('',(0.,0.,1.));
#4235 = ORIENTED_EDGE('',*,*,#3711,.T.);
#4236 = ORIENTED_EDGE('',*,*,#4237,.T.);
#4237 = EDGE_CURVE('',#3712,#3306,#4238,.T.);
#4238 = LINE('',#4239,#4240);
#4239 = CARTESIAN_POINT('',(3.,172.,8.95));
#4240 = VECTOR('',#4241,1.);
#4241 = DIRECTION('',(0.,0.,1.));
#4242 = ORIENTED_EDGE('',*,*,#3305,.F.);
#4243 = ORIENTED_EDGE('',*,*,#4181,.F.);
#4244 = PLANE('',#4245);
#4245 = AXIS2_PLACEMENT_3D('',#4246,#4247,#4248);
#4246 = CARTESIAN_POINT('',(3.,150.,8.95));
#4247 = DIRECTION('',(1.,0.,0.));
#4248 = DIRECTION('',(0.,0.,1.));
#4249 = ADVANCED_FACE('',(#4250),#4268,.F.);
#4250 = FACE_BOUND('',#4251,.F.);
#4251 = EDGE_LOOP('',(#4252,#4253,#4261,#4267));
#4252 = ORIENTED_EDGE('',*,*,#4215,.F.);
#4253 = ORIENTED_EDGE('',*,*,#4254,.F.);
#4254 = EDGE_CURVE('',#4255,#4208,#4257,.T.);
#4255 = VERTEX_POINT('',#4256);
#4256 = CARTESIAN_POINT('',(12.875,185.2,11.95));
#4257 = LINE('',#4258,#4259);
#4258 = CARTESIAN_POINT('',(12.875,185.2,11.95));
#4259 = VECTOR('',#4260,1.);
#4260 = DIRECTION('',(1.,0.,0.));
#4261 = ORIENTED_EDGE('',*,*,#4262,.T.);
#4262 = EDGE_CURVE('',#4255,#3338,#4263,.T.);
#4263 = LINE('',#4264,#4265);
#4264 = CARTESIAN_POINT('',(12.875,185.2,11.95));
#4265 = VECTOR('',#4266,1.);
#4266 = DIRECTION('',(0.,0.,1.));
#4267 = ORIENTED_EDGE('',*,*,#3345,.F.);
#4268 = PLANE('',#4269);
#4269 = AXIS2_PLACEMENT_3D('',#4270,#4271,#4272);
#4270 = CARTESIAN_POINT('',(12.875,185.2,11.95));
#4271 = DIRECTION('',(0.,1.,0.));
#4272 = DIRECTION('',(0.,0.,1.));
#4273 = ADVANCED_FACE('',(#4274),#4324,.F.);
#4274 = FACE_BOUND('',#4275,.F.);
#4275 = EDGE_LOOP('',(#4276,#4284,#4285,#4286,#4287,#4295,#4303,#4309,
    #4310,#4318));
#4276 = ORIENTED_EDGE('',*,*,#4277,.F.);
#4277 = EDGE_CURVE('',#3695,#4278,#4280,.T.);
#4278 = VERTEX_POINT('',#4279);
#4279 = CARTESIAN_POINT('',(13.,172.,11.95));
#4280 = LINE('',#4281,#4282);
#4281 = CARTESIAN_POINT('',(13.,172.,8.95));
#4282 = VECTOR('',#4283,1.);
#4283 = DIRECTION('',(0.,0.,1.));
#4284 = ORIENTED_EDGE('',*,*,#3719,.T.);
#4285 = ORIENTED_EDGE('',*,*,#4237,.T.);
#4286 = ORIENTED_EDGE('',*,*,#3313,.F.);
#4287 = ORIENTED_EDGE('',*,*,#4288,.F.);
#4288 = EDGE_CURVE('',#4289,#3314,#4291,.T.);
#4289 = VERTEX_POINT('',#4290);
#4290 = CARTESIAN_POINT('',(5.5,172.,11.95));
#4291 = LINE('',#4292,#4293);
#4292 = CARTESIAN_POINT('',(5.5,172.,11.95));
#4293 = VECTOR('',#4294,1.);
#4294 = DIRECTION('',(0.,0.,1.));
#4295 = ORIENTED_EDGE('',*,*,#4296,.T.);
#4296 = EDGE_CURVE('',#4289,#4297,#4299,.T.);
#4297 = VERTEX_POINT('',#4298);
#4298 = CARTESIAN_POINT('',(10.5,172.,11.95));
#4299 = LINE('',#4300,#4301);
#4300 = CARTESIAN_POINT('',(5.5,172.,11.95));
#4301 = VECTOR('',#4302,1.);
#4302 = DIRECTION('',(1.,0.,0.));
#4303 = ORIENTED_EDGE('',*,*,#4304,.T.);
#4304 = EDGE_CURVE('',#4297,#3322,#4305,.T.);
#4305 = LINE('',#4306,#4307);
#4306 = CARTESIAN_POINT('',(10.5,172.,11.95));
#4307 = VECTOR('',#4308,1.);
#4308 = DIRECTION('',(0.,0.,1.));
#4309 = ORIENTED_EDGE('',*,*,#3329,.F.);
#4310 = ORIENTED_EDGE('',*,*,#4311,.F.);
#4311 = EDGE_CURVE('',#4312,#3330,#4314,.T.);
#4312 = VERTEX_POINT('',#4313);
#4313 = CARTESIAN_POINT('',(12.875,172.,11.95));
#4314 = LINE('',#4315,#4316);
#4315 = CARTESIAN_POINT('',(12.875,172.,10.45));
#4316 = VECTOR('',#4317,1.);
#4317 = DIRECTION('',(0.,0.,1.));
#4318 = ORIENTED_EDGE('',*,*,#4319,.F.);
#4319 = EDGE_CURVE('',#4278,#4312,#4320,.T.);
#4320 = LINE('',#4321,#4322);
#4321 = CARTESIAN_POINT('',(7.9375,172.,11.95));
#4322 = VECTOR('',#4323,1.);
#4323 = DIRECTION('',(-1.,0.,0.));
#4324 = PLANE('',#4325);
#4325 = AXIS2_PLACEMENT_3D('',#4326,#4327,#4328);
#4326 = CARTESIAN_POINT('',(3.,172.,8.95));
#4327 = DIRECTION('',(0.,1.,0.));
#4328 = DIRECTION('',(0.,0.,1.));
#4329 = ADVANCED_FACE('',(#4330),#4341,.T.);
#4330 = FACE_BOUND('',#4331,.T.);
#4331 = EDGE_LOOP('',(#4332,#4333,#4339,#4340));
#4332 = ORIENTED_EDGE('',*,*,#4311,.F.);
#4333 = ORIENTED_EDGE('',*,*,#4334,.T.);
#4334 = EDGE_CURVE('',#4312,#4255,#4335,.T.);
#4335 = LINE('',#4336,#4337);
#4336 = CARTESIAN_POINT('',(12.875,7.,11.95));
#4337 = VECTOR('',#4338,1.);
#4338 = DIRECTION('',(0.,1.,0.));
#4339 = ORIENTED_EDGE('',*,*,#4262,.T.);
#4340 = ORIENTED_EDGE('',*,*,#3337,.F.);
#4341 = PLANE('',#4342);
#4342 = AXIS2_PLACEMENT_3D('',#4343,#4344,#4345);
#4343 = CARTESIAN_POINT('',(12.875,7.,11.95));
#4344 = DIRECTION('',(1.,0.,0.));
#4345 = DIRECTION('',(0.,0.,1.));
#4346 = ADVANCED_FACE('',(#4347),#4353,.F.);
#4347 = FACE_BOUND('',#4348,.F.);
#4348 = EDGE_LOOP('',(#4349,#4350,#4351,#4352));
#4349 = ORIENTED_EDGE('',*,*,#4304,.F.);
#4350 = ORIENTED_EDGE('',*,*,#4296,.F.);
#4351 = ORIENTED_EDGE('',*,*,#4288,.T.);
#4352 = ORIENTED_EDGE('',*,*,#3321,.F.);
#4353 = PLANE('',#4354);
#4354 = AXIS2_PLACEMENT_3D('',#4355,#4356,#4357);
#4355 = CARTESIAN_POINT('',(5.5,172.,11.95));
#4356 = DIRECTION('',(0.,1.,0.));
#4357 = DIRECTION('',(0.,0.,1.));
#4358 = ADVANCED_FACE('',(#4359),#4377,.T.);
#4359 = FACE_BOUND('',#4360,.T.);
#4360 = EDGE_LOOP('',(#4361,#4369,#4370,#4371));
#4361 = ORIENTED_EDGE('',*,*,#4362,.T.);
#4362 = EDGE_CURVE('',#4363,#3651,#4365,.T.);
#4363 = VERTEX_POINT('',#4364);
#4364 = CARTESIAN_POINT('',(109.5460063796,10.,11.95));
#4365 = LINE('',#4366,#4367);
#4366 = CARTESIAN_POINT('',(109.5460063796,10.,12.1));
#4367 = VECTOR('',#4368,1.);
#4368 = DIRECTION('',(0.,0.,-1.));
#4369 = ORIENTED_EDGE('',*,*,#3659,.T.);
#4370 = ORIENTED_EDGE('',*,*,#3889,.T.);
#4371 = ORIENTED_EDGE('',*,*,#4372,.F.);
#4372 = EDGE_CURVE('',#4363,#3890,#4373,.T.);
#4373 = LINE('',#4374,#4375);
#4374 = CARTESIAN_POINT('',(21.875,10.,11.95));
#4375 = VECTOR('',#4376,1.);
#4376 = DIRECTION('',(-1.,0.,0.));
#4377 = PLANE('',#4378);
#4378 = AXIS2_PLACEMENT_3D('',#4379,#4380,#4381);
#4379 = CARTESIAN_POINT('',(30.875,10.,2.95));
#4380 = DIRECTION('',(0.,1.,0.));
#4381 = DIRECTION('',(0.,0.,1.));
#4382 = ADVANCED_FACE('',(#4383),#4402,.F.);
#4383 = FACE_BOUND('',#4384,.F.);
#4384 = EDGE_LOOP('',(#4385,#4386,#4394,#4401));
#4385 = ORIENTED_EDGE('',*,*,#3650,.F.);
#4386 = ORIENTED_EDGE('',*,*,#4387,.F.);
#4387 = EDGE_CURVE('',#4388,#3642,#4390,.T.);
#4388 = VERTEX_POINT('',#4389);
#4389 = CARTESIAN_POINT('',(109.45,9.5,11.95));
#4390 = LINE('',#4391,#4392);
#4391 = CARTESIAN_POINT('',(109.45,9.5,12.1));
#4392 = VECTOR('',#4393,1.);
#4393 = DIRECTION('',(0.,0.,-1.));
#4394 = ORIENTED_EDGE('',*,*,#4395,.T.);
#4395 = EDGE_CURVE('',#4388,#4363,#4396,.T.);
#4396 = CIRCLE('',#4397,1.35);
#4397 = AXIS2_PLACEMENT_3D('',#4398,#4399,#4400);
#4398 = CARTESIAN_POINT('',(110.8,9.5,11.95));
#4399 = DIRECTION('',(0.,0.,-1.));
#4400 = DIRECTION('',(-1.,0.,0.));
#4401 = ORIENTED_EDGE('',*,*,#4362,.T.);
#4402 = CYLINDRICAL_SURFACE('',#4403,1.35);
#4403 = AXIS2_PLACEMENT_3D('',#4404,#4405,#4406);
#4404 = CARTESIAN_POINT('',(110.8,9.5,12.1));
#4405 = DIRECTION('',(0.,0.,-1.));
#4406 = DIRECTION('',(-1.,0.,0.));
#4407 = ADVANCED_FACE('',(#4408),#4427,.F.);
#4408 = FACE_BOUND('',#4409,.F.);
#4409 = EDGE_LOOP('',(#4410,#4411,#4412,#4420));
#4410 = ORIENTED_EDGE('',*,*,#4387,.T.);
#4411 = ORIENTED_EDGE('',*,*,#3641,.F.);
#4412 = ORIENTED_EDGE('',*,*,#4413,.F.);
#4413 = EDGE_CURVE('',#4414,#3634,#4416,.T.);
#4414 = VERTEX_POINT('',#4415);
#4415 = CARTESIAN_POINT('',(112.05399362039,10.,11.95));
#4416 = LINE('',#4417,#4418);
#4417 = CARTESIAN_POINT('',(112.05399362039,10.,12.1));
#4418 = VECTOR('',#4419,1.);
#4419 = DIRECTION('',(0.,0.,-1.));
#4420 = ORIENTED_EDGE('',*,*,#4421,.T.);
#4421 = EDGE_CURVE('',#4414,#4388,#4422,.T.);
#4422 = CIRCLE('',#4423,1.35);
#4423 = AXIS2_PLACEMENT_3D('',#4424,#4425,#4426);
#4424 = CARTESIAN_POINT('',(110.8,9.5,11.95));
#4425 = DIRECTION('',(0.,0.,-1.));
#4426 = DIRECTION('',(-1.,0.,0.));
#4427 = CYLINDRICAL_SURFACE('',#4428,1.35);
#4428 = AXIS2_PLACEMENT_3D('',#4429,#4430,#4431);
#4429 = CARTESIAN_POINT('',(110.8,9.5,12.1));
#4430 = DIRECTION('',(0.,0.,-1.));
#4431 = DIRECTION('',(-1.,0.,0.));
#4432 = ADVANCED_FACE('',(#4433),#4451,.T.);
#4433 = FACE_BOUND('',#4434,.T.);
#4434 = EDGE_LOOP('',(#4435,#4443,#4444,#4445));
#4435 = ORIENTED_EDGE('',*,*,#4436,.F.);
#4436 = EDGE_CURVE('',#3626,#4437,#4439,.T.);
#4437 = VERTEX_POINT('',#4438);
#4438 = CARTESIAN_POINT('',(119.925,10.,11.95));
#4439 = LINE('',#4440,#4441);
#4440 = CARTESIAN_POINT('',(119.925,10.,2.95));
#4441 = VECTOR('',#4442,1.);
#4442 = DIRECTION('',(0.,0.,1.));
#4443 = ORIENTED_EDGE('',*,*,#3633,.T.);
#4444 = ORIENTED_EDGE('',*,*,#4413,.F.);
#4445 = ORIENTED_EDGE('',*,*,#4446,.F.);
#4446 = EDGE_CURVE('',#4437,#4414,#4447,.T.);
#4447 = LINE('',#4448,#4449);
#4448 = CARTESIAN_POINT('',(21.875,10.,11.95));
#4449 = VECTOR('',#4450,1.);
#4450 = DIRECTION('',(-1.,0.,0.));
#4451 = PLANE('',#4452);
#4452 = AXIS2_PLACEMENT_3D('',#4453,#4454,#4455);
#4453 = CARTESIAN_POINT('',(30.875,10.,2.95));
#4454 = DIRECTION('',(0.,1.,0.));
#4455 = DIRECTION('',(0.,0.,1.));
#4456 = ADVANCED_FACE('',(#4457),#4475,.F.);
#4457 = FACE_BOUND('',#4458,.F.);
#4458 = EDGE_LOOP('',(#4459,#4460,#4461,#4469));
#4459 = ORIENTED_EDGE('',*,*,#4436,.F.);
#4460 = ORIENTED_EDGE('',*,*,#3625,.T.);
#4461 = ORIENTED_EDGE('',*,*,#4462,.F.);
#4462 = EDGE_CURVE('',#4463,#3618,#4465,.T.);
#4463 = VERTEX_POINT('',#4464);
#4464 = CARTESIAN_POINT('',(119.925,12.,11.95));
#4465 = LINE('',#4466,#4467);
#4466 = CARTESIAN_POINT('',(119.925,12.,2.95));
#4467 = VECTOR('',#4468,1.);
#4468 = DIRECTION('',(0.,0.,-1.));
#4469 = ORIENTED_EDGE('',*,*,#4470,.F.);
#4470 = EDGE_CURVE('',#4437,#4463,#4471,.T.);
#4471 = LINE('',#4472,#4473);
#4472 = CARTESIAN_POINT('',(119.925,8.5,11.95));
#4473 = VECTOR('',#4474,1.);
#4474 = DIRECTION('',(0.,1.,0.));
#4475 = PLANE('',#4476);
#4476 = AXIS2_PLACEMENT_3D('',#4477,#4478,#4479);
#4477 = CARTESIAN_POINT('',(119.925,10.,2.95));
#4478 = DIRECTION('',(1.,0.,0.));
#4479 = DIRECTION('',(0.,0.,1.));
#4480 = ADVANCED_FACE('',(#4481),#4499,.T.);
#4481 = FACE_BOUND('',#4482,.T.);
#4482 = EDGE_LOOP('',(#4483,#4484,#4485,#4493));
#4483 = ORIENTED_EDGE('',*,*,#4035,.F.);
#4484 = ORIENTED_EDGE('',*,*,#3543,.T.);
#4485 = ORIENTED_EDGE('',*,*,#4486,.F.);
#4486 = EDGE_CURVE('',#4487,#3544,#4489,.T.);
#4487 = VERTEX_POINT('',#4488);
#4488 = CARTESIAN_POINT('',(41.253993620398,10.,11.95));
#4489 = LINE('',#4490,#4491);
#4490 = CARTESIAN_POINT('',(41.253993620398,10.,12.1));
#4491 = VECTOR('',#4492,1.);
#4492 = DIRECTION('',(0.,0.,-1.));
#4493 = ORIENTED_EDGE('',*,*,#4494,.F.);
#4494 = EDGE_CURVE('',#4036,#4487,#4495,.T.);
#4495 = LINE('',#4496,#4497);
#4496 = CARTESIAN_POINT('',(21.875,10.,11.95));
#4497 = VECTOR('',#4498,1.);
#4498 = DIRECTION('',(-1.,0.,0.));
#4499 = PLANE('',#4500);
#4500 = AXIS2_PLACEMENT_3D('',#4501,#4502,#4503);
#4501 = CARTESIAN_POINT('',(30.875,10.,2.95));
#4502 = DIRECTION('',(0.,1.,0.));
#4503 = DIRECTION('',(0.,0.,1.));
#4504 = ADVANCED_FACE('',(#4505),#4523,.T.);
#4505 = FACE_BOUND('',#4506,.T.);
#4506 = EDGE_LOOP('',(#4507,#4515,#4516,#4517));
#4507 = ORIENTED_EDGE('',*,*,#4508,.F.);
#4508 = EDGE_CURVE('',#3610,#4509,#4511,.T.);
#4509 = VERTEX_POINT('',#4510);
#4510 = CARTESIAN_POINT('',(134.925,12.,11.95));
#4511 = LINE('',#4512,#4513);
#4512 = CARTESIAN_POINT('',(134.925,12.,2.95));
#4513 = VECTOR('',#4514,1.);
#4514 = DIRECTION('',(0.,0.,1.));
#4515 = ORIENTED_EDGE('',*,*,#3617,.T.);
#4516 = ORIENTED_EDGE('',*,*,#4462,.F.);
#4517 = ORIENTED_EDGE('',*,*,#4518,.T.);
#4518 = EDGE_CURVE('',#4463,#4509,#4519,.T.);
#4519 = LINE('',#4520,#4521);
#4520 = CARTESIAN_POINT('',(14.375,12.,11.95));
#4521 = VECTOR('',#4522,1.);
#4522 = DIRECTION('',(1.,0.,0.));
#4523 = PLANE('',#4524);
#4524 = AXIS2_PLACEMENT_3D('',#4525,#4526,#4527);
#4525 = CARTESIAN_POINT('',(15.875,12.,2.95));
#4526 = DIRECTION('',(0.,1.,0.));
#4527 = DIRECTION('',(0.,0.,1.));
#4528 = ADVANCED_FACE('',(#4529),#4548,.F.);
#4529 = FACE_BOUND('',#4530,.F.);
#4530 = EDGE_LOOP('',(#4531,#4539,#4540,#4541));
#4531 = ORIENTED_EDGE('',*,*,#4532,.T.);
#4532 = EDGE_CURVE('',#4533,#3552,#4535,.T.);
#4533 = VERTEX_POINT('',#4534);
#4534 = CARTESIAN_POINT('',(38.65,9.5,11.95));
#4535 = LINE('',#4536,#4537);
#4536 = CARTESIAN_POINT('',(38.65,9.5,12.1));
#4537 = VECTOR('',#4538,1.);
#4538 = DIRECTION('',(0.,0.,-1.));
#4539 = ORIENTED_EDGE('',*,*,#3551,.F.);
#4540 = ORIENTED_EDGE('',*,*,#4486,.F.);
#4541 = ORIENTED_EDGE('',*,*,#4542,.T.);
#4542 = EDGE_CURVE('',#4487,#4533,#4543,.T.);
#4543 = CIRCLE('',#4544,1.35);
#4544 = AXIS2_PLACEMENT_3D('',#4545,#4546,#4547);
#4545 = CARTESIAN_POINT('',(40.,9.5,11.95));
#4546 = DIRECTION('',(0.,0.,-1.));
#4547 = DIRECTION('',(-1.,0.,0.));
#4548 = CYLINDRICAL_SURFACE('',#4549,1.35);
#4549 = AXIS2_PLACEMENT_3D('',#4550,#4551,#4552);
#4550 = CARTESIAN_POINT('',(40.,9.5,12.1));
#4551 = DIRECTION('',(0.,0.,-1.));
#4552 = DIRECTION('',(-1.,0.,0.));
#4553 = ADVANCED_FACE('',(#4554),#4572,.F.);
#4554 = FACE_BOUND('',#4555,.F.);
#4555 = EDGE_LOOP('',(#4556,#4557,#4558,#4566));
#4556 = ORIENTED_EDGE('',*,*,#4508,.F.);
#4557 = ORIENTED_EDGE('',*,*,#3609,.T.);
#4558 = ORIENTED_EDGE('',*,*,#4559,.T.);
#4559 = EDGE_CURVE('',#3602,#4560,#4562,.T.);
#4560 = VERTEX_POINT('',#4561);
#4561 = CARTESIAN_POINT('',(134.925,180.2,11.95));
#4562 = LINE('',#4563,#4564);
#4563 = CARTESIAN_POINT('',(134.925,180.2,2.95));
#4564 = VECTOR('',#4565,1.);
#4565 = DIRECTION('',(0.,0.,1.));
#4566 = ORIENTED_EDGE('',*,*,#4567,.T.);
#4567 = EDGE_CURVE('',#4560,#4509,#4568,.T.);
#4568 = LINE('',#4569,#4570);
#4569 = CARTESIAN_POINT('',(134.925,9.5,11.95));
#4570 = VECTOR('',#4571,1.);
#4571 = DIRECTION('',(0.,-1.,0.));
#4572 = PLANE('',#4573);
#4573 = AXIS2_PLACEMENT_3D('',#4574,#4575,#4576);
#4574 = CARTESIAN_POINT('',(134.925,12.,2.95));
#4575 = DIRECTION('',(1.,0.,0.));
#4576 = DIRECTION('',(0.,0.,1.));
#4577 = ADVANCED_FACE('',(#4578),#4597,.F.);
#4578 = FACE_BOUND('',#4579,.F.);
#4579 = EDGE_LOOP('',(#4580,#4581,#4582,#4591));
#4580 = ORIENTED_EDGE('',*,*,#3560,.F.);
#4581 = ORIENTED_EDGE('',*,*,#4532,.F.);
#4582 = ORIENTED_EDGE('',*,*,#4583,.T.);
#4583 = EDGE_CURVE('',#4533,#4584,#4586,.T.);
#4584 = VERTEX_POINT('',#4585);
#4585 = CARTESIAN_POINT('',(38.746006379602,10.,11.95));
#4586 = CIRCLE('',#4587,1.35);
#4587 = AXIS2_PLACEMENT_3D('',#4588,#4589,#4590);
#4588 = CARTESIAN_POINT('',(40.,9.5,11.95));
#4589 = DIRECTION('',(0.,0.,-1.));
#4590 = DIRECTION('',(-1.,0.,0.));
#4591 = ORIENTED_EDGE('',*,*,#4592,.T.);
#4592 = EDGE_CURVE('',#4584,#3561,#4593,.T.);
#4593 = LINE('',#4594,#4595);
#4594 = CARTESIAN_POINT('',(38.746006379602,10.,12.1));
#4595 = VECTOR('',#4596,1.);
#4596 = DIRECTION('',(0.,0.,-1.));
#4597 = CYLINDRICAL_SURFACE('',#4598,1.35);
#4598 = AXIS2_PLACEMENT_3D('',#4599,#4600,#4601);
#4599 = CARTESIAN_POINT('',(40.,9.5,12.1));
#4600 = DIRECTION('',(0.,0.,-1.));
#4601 = DIRECTION('',(-1.,0.,0.));
#4602 = ADVANCED_FACE('',(#4603),#4621,.F.);
#4603 = FACE_BOUND('',#4604,.F.);
#4604 = EDGE_LOOP('',(#4605,#4606,#4607,#4615));
#4605 = ORIENTED_EDGE('',*,*,#4559,.F.);
#4606 = ORIENTED_EDGE('',*,*,#3601,.T.);
#4607 = ORIENTED_EDGE('',*,*,#4608,.T.);
#4608 = EDGE_CURVE('',#3594,#4609,#4611,.T.);
#4609 = VERTEX_POINT('',#4610);
#4610 = CARTESIAN_POINT('',(15.875,180.2,11.95));
#4611 = LINE('',#4612,#4613);
#4612 = CARTESIAN_POINT('',(15.875,180.2,2.95));
#4613 = VECTOR('',#4614,1.);
#4614 = DIRECTION('',(0.,0.,1.));
#4615 = ORIENTED_EDGE('',*,*,#4616,.T.);
#4616 = EDGE_CURVE('',#4609,#4560,#4617,.T.);
#4617 = LINE('',#4618,#4619);
#4618 = CARTESIAN_POINT('',(14.375,180.2,11.95));
#4619 = VECTOR('',#4620,1.);
#4620 = DIRECTION('',(1.,0.,0.));
#4621 = PLANE('',#4622);
#4622 = AXIS2_PLACEMENT_3D('',#4623,#4624,#4625);
#4623 = CARTESIAN_POINT('',(15.875,180.2,2.95));
#4624 = DIRECTION('',(0.,1.,0.));
#4625 = DIRECTION('',(0.,0.,1.));
#4626 = ADVANCED_FACE('',(#4627),#4645,.T.);
#4627 = FACE_BOUND('',#4628,.T.);
#4628 = EDGE_LOOP('',(#4629,#4630,#4631,#4639));
#4629 = ORIENTED_EDGE('',*,*,#4592,.T.);
#4630 = ORIENTED_EDGE('',*,*,#3569,.T.);
#4631 = ORIENTED_EDGE('',*,*,#4632,.T.);
#4632 = EDGE_CURVE('',#3570,#4633,#4635,.T.);
#4633 = VERTEX_POINT('',#4634);
#4634 = CARTESIAN_POINT('',(30.875,10.,11.95));
#4635 = LINE('',#4636,#4637);
#4636 = CARTESIAN_POINT('',(30.875,10.,2.95));
#4637 = VECTOR('',#4638,1.);
#4638 = DIRECTION('',(0.,0.,1.));
#4639 = ORIENTED_EDGE('',*,*,#4640,.F.);
#4640 = EDGE_CURVE('',#4584,#4633,#4641,.T.);
#4641 = LINE('',#4642,#4643);
#4642 = CARTESIAN_POINT('',(21.875,10.,11.95));
#4643 = VECTOR('',#4644,1.);
#4644 = DIRECTION('',(-1.,0.,0.));
#4645 = PLANE('',#4646);
#4646 = AXIS2_PLACEMENT_3D('',#4647,#4648,#4649);
#4647 = CARTESIAN_POINT('',(30.875,10.,2.95));
#4648 = DIRECTION('',(0.,1.,0.));
#4649 = DIRECTION('',(0.,0.,1.));
#4650 = ADVANCED_FACE('',(#4651),#4669,.T.);
#4651 = FACE_BOUND('',#4652,.T.);
#4652 = EDGE_LOOP('',(#4653,#4661,#4662,#4663));
#4653 = ORIENTED_EDGE('',*,*,#4654,.F.);
#4654 = EDGE_CURVE('',#3586,#4655,#4657,.T.);
#4655 = VERTEX_POINT('',#4656);
#4656 = CARTESIAN_POINT('',(15.875,12.,11.95));
#4657 = LINE('',#4658,#4659);
#4658 = CARTESIAN_POINT('',(15.875,12.,2.95));
#4659 = VECTOR('',#4660,1.);
#4660 = DIRECTION('',(0.,0.,1.));
#4661 = ORIENTED_EDGE('',*,*,#3593,.T.);
#4662 = ORIENTED_EDGE('',*,*,#4608,.T.);
#4663 = ORIENTED_EDGE('',*,*,#4664,.T.);
#4664 = EDGE_CURVE('',#4609,#4655,#4665,.T.);
#4665 = LINE('',#4666,#4667);
#4666 = CARTESIAN_POINT('',(15.875,9.5,11.95));
#4667 = VECTOR('',#4668,1.);
#4668 = DIRECTION('',(0.,-1.,0.));
#4669 = PLANE('',#4670);
#4670 = AXIS2_PLACEMENT_3D('',#4671,#4672,#4673);
#4671 = CARTESIAN_POINT('',(15.875,12.,2.95));
#4672 = DIRECTION('',(1.,0.,0.));
#4673 = DIRECTION('',(0.,0.,1.));
#4674 = ADVANCED_FACE('',(#4675),#4693,.T.);
#4675 = FACE_BOUND('',#4676,.T.);
#4676 = EDGE_LOOP('',(#4677,#4678,#4679,#4687));
#4677 = ORIENTED_EDGE('',*,*,#4632,.F.);
#4678 = ORIENTED_EDGE('',*,*,#3577,.T.);
#4679 = ORIENTED_EDGE('',*,*,#4680,.F.);
#4680 = EDGE_CURVE('',#4681,#3578,#4683,.T.);
#4681 = VERTEX_POINT('',#4682);
#4682 = CARTESIAN_POINT('',(30.875,12.,11.95));
#4683 = LINE('',#4684,#4685);
#4684 = CARTESIAN_POINT('',(30.875,12.,2.95));
#4685 = VECTOR('',#4686,1.);
#4686 = DIRECTION('',(0.,0.,-1.));
#4687 = ORIENTED_EDGE('',*,*,#4688,.F.);
#4688 = EDGE_CURVE('',#4633,#4681,#4689,.T.);
#4689 = LINE('',#4690,#4691);
#4690 = CARTESIAN_POINT('',(30.875,8.5,11.95));
#4691 = VECTOR('',#4692,1.);
#4692 = DIRECTION('',(0.,1.,0.));
#4693 = PLANE('',#4694);
#4694 = AXIS2_PLACEMENT_3D('',#4695,#4696,#4697);
#4695 = CARTESIAN_POINT('',(30.875,10.,2.95));
#4696 = DIRECTION('',(1.,0.,0.));
#4697 = DIRECTION('',(0.,0.,1.));
#4698 = ADVANCED_FACE('',(#4699),#4710,.T.);
#4699 = FACE_BOUND('',#4700,.T.);
#4700 = EDGE_LOOP('',(#4701,#4707,#4708,#4709));
#4701 = ORIENTED_EDGE('',*,*,#4702,.T.);
#4702 = EDGE_CURVE('',#4655,#4681,#4703,.T.);
#4703 = LINE('',#4704,#4705);
#4704 = CARTESIAN_POINT('',(14.375,12.,11.95));
#4705 = VECTOR('',#4706,1.);
#4706 = DIRECTION('',(1.,0.,0.));
#4707 = ORIENTED_EDGE('',*,*,#4680,.T.);
#4708 = ORIENTED_EDGE('',*,*,#3585,.T.);
#4709 = ORIENTED_EDGE('',*,*,#4654,.T.);
#4710 = PLANE('',#4711);
#4711 = AXIS2_PLACEMENT_3D('',#4712,#4713,#4714);
#4712 = CARTESIAN_POINT('',(15.875,12.,2.95));
#4713 = DIRECTION('',(0.,1.,0.));
#4714 = DIRECTION('',(0.,0.,1.));
#4715 = ADVANCED_FACE('',(#4716),#4734,.F.);
#4716 = FACE_BOUND('',#4717,.F.);
#4717 = EDGE_LOOP('',(#4718,#4726,#4727,#4728));
#4718 = ORIENTED_EDGE('',*,*,#4719,.F.);
#4719 = EDGE_CURVE('',#3693,#4720,#4722,.T.);
#4720 = VERTEX_POINT('',#4721);
#4721 = CARTESIAN_POINT('',(13.,150.,11.95));
#4722 = LINE('',#4723,#4724);
#4723 = CARTESIAN_POINT('',(13.,150.,8.95));
#4724 = VECTOR('',#4725,1.);
#4725 = DIRECTION('',(0.,0.,1.));
#4726 = ORIENTED_EDGE('',*,*,#3692,.T.);
#4727 = ORIENTED_EDGE('',*,*,#4277,.T.);
#4728 = ORIENTED_EDGE('',*,*,#4729,.F.);
#4729 = EDGE_CURVE('',#4720,#4278,#4730,.T.);
#4730 = LINE('',#4731,#4732);
#4731 = CARTESIAN_POINT('',(13.,78.5,11.95));
#4732 = VECTOR('',#4733,1.);
#4733 = DIRECTION('',(0.,1.,0.));
#4734 = PLANE('',#4735);
#4735 = AXIS2_PLACEMENT_3D('',#4736,#4737,#4738);
#4736 = CARTESIAN_POINT('',(13.,150.,8.95));
#4737 = DIRECTION('',(1.,0.,0.));
#4738 = DIRECTION('',(0.,0.,1.));
#4739 = ADVANCED_FACE('',(#4740),#4753,.F.);
#4740 = FACE_BOUND('',#4741,.F.);
#4741 = EDGE_LOOP('',(#4742,#4743,#4750,#4751,#4752));
#4742 = ORIENTED_EDGE('',*,*,#4719,.T.);
#4743 = ORIENTED_EDGE('',*,*,#4744,.F.);
#4744 = EDGE_CURVE('',#4159,#4720,#4745,.T.);
#4745 = CIRCLE('',#4746,5.);
#4746 = AXIS2_PLACEMENT_3D('',#4747,#4748,#4749);
#4747 = CARTESIAN_POINT('',(8.,150.,11.95));
#4748 = DIRECTION('',(0.,0.,1.));
#4749 = DIRECTION('',(1.,0.,0.));
#4750 = ORIENTED_EDGE('',*,*,#4189,.F.);
#4751 = ORIENTED_EDGE('',*,*,#4230,.F.);
#4752 = ORIENTED_EDGE('',*,*,#3702,.T.);
#4753 = CYLINDRICAL_SURFACE('',#4754,5.);
#4754 = AXIS2_PLACEMENT_3D('',#4755,#4756,#4757);
#4755 = CARTESIAN_POINT('',(8.,150.,8.95));
#4756 = DIRECTION('',(0.,0.,1.));
#4757 = DIRECTION('',(1.,0.,0.));
#4758 = ADVANCED_FACE('',(#4759),#4777,.T.);
#4759 = FACE_BOUND('',#4760,.T.);
#4760 = EDGE_LOOP('',(#4761,#4769,#4770,#4771));
#4761 = ORIENTED_EDGE('',*,*,#4762,.F.);
#4762 = EDGE_CURVE('',#3738,#4763,#4765,.T.);
#4763 = VERTEX_POINT('',#4764);
#4764 = CARTESIAN_POINT('',(137.8,150.,11.95));
#4765 = LINE('',#4766,#4767);
#4766 = CARTESIAN_POINT('',(137.8,150.,8.95));
#4767 = VECTOR('',#4768,1.);
#4768 = DIRECTION('',(0.,0.,1.));
#4769 = ORIENTED_EDGE('',*,*,#3746,.T.);
#4770 = ORIENTED_EDGE('',*,*,#4067,.T.);
#4771 = ORIENTED_EDGE('',*,*,#4772,.F.);
#4772 = EDGE_CURVE('',#4763,#4068,#4773,.T.);
#4773 = LINE('',#4774,#4775);
#4774 = CARTESIAN_POINT('',(137.8,78.5,11.95));
#4775 = VECTOR('',#4776,1.);
#4776 = DIRECTION('',(0.,1.,0.));
#4777 = PLANE('',#4778);
#4778 = AXIS2_PLACEMENT_3D('',#4779,#4780,#4781);
#4779 = CARTESIAN_POINT('',(137.8,150.,8.95));
#4780 = DIRECTION('',(1.,0.,0.));
#4781 = DIRECTION('',(0.,0.,1.));
#4782 = ADVANCED_FACE('',(#4783),#4796,.F.);
#4783 = FACE_BOUND('',#4784,.F.);
#4784 = EDGE_LOOP('',(#4785,#4786,#4787,#4794,#4795));
#4785 = ORIENTED_EDGE('',*,*,#4009,.T.);
#4786 = ORIENTED_EDGE('',*,*,#3977,.F.);
#4787 = ORIENTED_EDGE('',*,*,#4788,.F.);
#4788 = EDGE_CURVE('',#4763,#3945,#4789,.T.);
#4789 = CIRCLE('',#4790,5.);
#4790 = AXIS2_PLACEMENT_3D('',#4791,#4792,#4793);
#4791 = CARTESIAN_POINT('',(142.8,150.,11.95));
#4792 = DIRECTION('',(0.,0.,1.));
#4793 = DIRECTION('',(1.,0.,0.));
#4794 = ORIENTED_EDGE('',*,*,#4762,.F.);
#4795 = ORIENTED_EDGE('',*,*,#3737,.T.);
#4796 = CYLINDRICAL_SURFACE('',#4797,5.);
#4797 = AXIS2_PLACEMENT_3D('',#4798,#4799,#4800);
#4798 = CARTESIAN_POINT('',(142.8,150.,8.95));
#4799 = DIRECTION('',(0.,0.,1.));
#4800 = DIRECTION('',(1.,0.,0.));
#4801 = ADVANCED_FACE('',(#4802),#4821,.F.);
#4802 = FACE_BOUND('',#4803,.F.);
#4803 = EDGE_LOOP('',(#4804,#4805,#4813,#4820));
#4804 = ORIENTED_EDGE('',*,*,#3762,.F.);
#4805 = ORIENTED_EDGE('',*,*,#4806,.F.);
#4806 = EDGE_CURVE('',#4807,#3763,#4809,.T.);
#4807 = VERTEX_POINT('',#4808);
#4808 = CARTESIAN_POINT('',(38.65,182.7,11.95));
#4809 = LINE('',#4810,#4811);
#4810 = CARTESIAN_POINT('',(38.65,182.7,12.1));
#4811 = VECTOR('',#4812,1.);
#4812 = DIRECTION('',(0.,0.,-1.));
#4813 = ORIENTED_EDGE('',*,*,#4814,.T.);
#4814 = EDGE_CURVE('',#4807,#4807,#4815,.T.);
#4815 = CIRCLE('',#4816,1.35);
#4816 = AXIS2_PLACEMENT_3D('',#4817,#4818,#4819);
#4817 = CARTESIAN_POINT('',(40.,182.7,11.95));
#4818 = DIRECTION('',(0.,0.,-1.));
#4819 = DIRECTION('',(-1.,0.,0.));
#4820 = ORIENTED_EDGE('',*,*,#4806,.T.);
#4821 = CYLINDRICAL_SURFACE('',#4822,1.35);
#4822 = AXIS2_PLACEMENT_3D('',#4823,#4824,#4825);
#4823 = CARTESIAN_POINT('',(40.,182.7,12.1));
#4824 = DIRECTION('',(0.,0.,-1.));
#4825 = DIRECTION('',(-1.,0.,0.));
#4826 = ADVANCED_FACE('',(#4827),#4846,.F.);
#4827 = FACE_BOUND('',#4828,.F.);
#4828 = EDGE_LOOP('',(#4829,#4830,#4838,#4845));
#4829 = ORIENTED_EDGE('',*,*,#3773,.F.);
#4830 = ORIENTED_EDGE('',*,*,#4831,.F.);
#4831 = EDGE_CURVE('',#4832,#3774,#4834,.T.);
#4832 = VERTEX_POINT('',#4833);
#4833 = CARTESIAN_POINT('',(74.05,182.7,11.95));
#4834 = LINE('',#4835,#4836);
#4835 = CARTESIAN_POINT('',(74.05,182.7,12.1));
#4836 = VECTOR('',#4837,1.);
#4837 = DIRECTION('',(0.,0.,-1.));
#4838 = ORIENTED_EDGE('',*,*,#4839,.T.);
#4839 = EDGE_CURVE('',#4832,#4832,#4840,.T.);
#4840 = CIRCLE('',#4841,1.35);
#4841 = AXIS2_PLACEMENT_3D('',#4842,#4843,#4844);
#4842 = CARTESIAN_POINT('',(75.4,182.7,11.95));
#4843 = DIRECTION('',(0.,0.,-1.));
#4844 = DIRECTION('',(-1.,0.,0.));
#4845 = ORIENTED_EDGE('',*,*,#4831,.T.);
#4846 = CYLINDRICAL_SURFACE('',#4847,1.35);
#4847 = AXIS2_PLACEMENT_3D('',#4848,#4849,#4850);
#4848 = CARTESIAN_POINT('',(75.4,182.7,12.1));
#4849 = DIRECTION('',(0.,0.,-1.));
#4850 = DIRECTION('',(-1.,0.,0.));
#4851 = ADVANCED_FACE('',(#4852),#4871,.F.);
#4852 = FACE_BOUND('',#4853,.F.);
#4853 = EDGE_LOOP('',(#4854,#4855,#4863,#4870));
#4854 = ORIENTED_EDGE('',*,*,#3784,.F.);
#4855 = ORIENTED_EDGE('',*,*,#4856,.F.);
#4856 = EDGE_CURVE('',#4857,#3785,#4859,.T.);
#4857 = VERTEX_POINT('',#4858);
#4858 = CARTESIAN_POINT('',(109.45,182.7,11.95));
#4859 = LINE('',#4860,#4861);
#4860 = CARTESIAN_POINT('',(109.45,182.7,12.1));
#4861 = VECTOR('',#4862,1.);
#4862 = DIRECTION('',(0.,0.,-1.));
#4863 = ORIENTED_EDGE('',*,*,#4864,.T.);
#4864 = EDGE_CURVE('',#4857,#4857,#4865,.T.);
#4865 = CIRCLE('',#4866,1.35);
#4866 = AXIS2_PLACEMENT_3D('',#4867,#4868,#4869);
#4867 = CARTESIAN_POINT('',(110.8,182.7,11.95));
#4868 = DIRECTION('',(0.,0.,-1.));
#4869 = DIRECTION('',(-1.,0.,0.));
#4870 = ORIENTED_EDGE('',*,*,#4856,.T.);
#4871 = CYLINDRICAL_SURFACE('',#4872,1.35);
#4872 = AXIS2_PLACEMENT_3D('',#4873,#4874,#4875);
#4873 = CARTESIAN_POINT('',(110.8,182.7,12.1));
#4874 = DIRECTION('',(0.,0.,-1.));
#4875 = DIRECTION('',(-1.,0.,0.));
#4876 = ADVANCED_FACE('',(#4877,#4909,#4912,#4915),#4918,.T.);
#4877 = FACE_BOUND('',#4878,.T.);
#4878 = EDGE_LOOP('',(#4879,#4880,#4881,#4882,#4883,#4884,#4885,#4886,
    #4887,#4888,#4889,#4890,#4891,#4892,#4893,#4894,#4895,#4896,#4897,
    #4898,#4899,#4900,#4901,#4902,#4903,#4904,#4905,#4906,#4907,#4908));
#4879 = ORIENTED_EDGE('',*,*,#3897,.F.);
#4880 = ORIENTED_EDGE('',*,*,#3927,.T.);
#4881 = ORIENTED_EDGE('',*,*,#3944,.T.);
#4882 = ORIENTED_EDGE('',*,*,#4788,.F.);
#4883 = ORIENTED_EDGE('',*,*,#4772,.T.);
#4884 = ORIENTED_EDGE('',*,*,#4075,.F.);
#4885 = ORIENTED_EDGE('',*,*,#4207,.T.);
#4886 = ORIENTED_EDGE('',*,*,#4254,.F.);
#4887 = ORIENTED_EDGE('',*,*,#4334,.F.);
#4888 = ORIENTED_EDGE('',*,*,#4319,.F.);
#4889 = ORIENTED_EDGE('',*,*,#4729,.F.);
#4890 = ORIENTED_EDGE('',*,*,#4744,.F.);
#4891 = ORIENTED_EDGE('',*,*,#4158,.F.);
#4892 = ORIENTED_EDGE('',*,*,#4122,.T.);
#4893 = ORIENTED_EDGE('',*,*,#4043,.T.);
#4894 = ORIENTED_EDGE('',*,*,#4494,.T.);
#4895 = ORIENTED_EDGE('',*,*,#4542,.T.);
#4896 = ORIENTED_EDGE('',*,*,#4583,.T.);
#4897 = ORIENTED_EDGE('',*,*,#4640,.T.);
#4898 = ORIENTED_EDGE('',*,*,#4688,.T.);
#4899 = ORIENTED_EDGE('',*,*,#4702,.F.);
#4900 = ORIENTED_EDGE('',*,*,#4664,.F.);
#4901 = ORIENTED_EDGE('',*,*,#4616,.T.);
#4902 = ORIENTED_EDGE('',*,*,#4567,.T.);
#4903 = ORIENTED_EDGE('',*,*,#4518,.F.);
#4904 = ORIENTED_EDGE('',*,*,#4470,.F.);
#4905 = ORIENTED_EDGE('',*,*,#4446,.T.);
#4906 = ORIENTED_EDGE('',*,*,#4421,.T.);
#4907 = ORIENTED_EDGE('',*,*,#4395,.T.);
#4908 = ORIENTED_EDGE('',*,*,#4372,.T.);
#4909 = FACE_BOUND('',#4910,.T.);
#4910 = EDGE_LOOP('',(#4911));
#4911 = ORIENTED_EDGE('',*,*,#4814,.T.);
#4912 = FACE_BOUND('',#4913,.T.);
#4913 = EDGE_LOOP('',(#4914));
#4914 = ORIENTED_EDGE('',*,*,#4839,.T.);
#4915 = FACE_BOUND('',#4916,.T.);
#4916 = EDGE_LOOP('',(#4917));
#4917 = ORIENTED_EDGE('',*,*,#4864,.T.);
#4918 = PLANE('',#4919);
#4919 = AXIS2_PLACEMENT_3D('',#4920,#4921,#4922);
#4920 = CARTESIAN_POINT('',(12.875,7.,11.95));
#4921 = DIRECTION('',(0.,0.,1.));
#4922 = DIRECTION('',(1.,0.,0.));
#4923 = MANIFOLD_SOLID_BREP('',#4924);
#4924 = CLOSED_SHELL('',(#4925,#4965,#5205,#5230,#5255,#5468,#5490,#5507
    ,#5524,#5541,#5553,#5570,#5587,#5612,#5637,#5654,#5679,#5696,#5720,
    #5737,#5761,#5786,#5810,#5844,#5869,#5893,#5924,#5948,#5965,#5989,
    #6022,#6040,#6057,#6081,#6103,#6120,#6137,#6154,#6178,#6200,#6217,
    #6234,#6246,#6258,#6270));
#4925 = ADVANCED_FACE('',(#4926),#4960,.F.);
#4926 = FACE_BOUND('',#4927,.F.);
#4927 = EDGE_LOOP('',(#4928,#4938,#4946,#4954));
#4928 = ORIENTED_EDGE('',*,*,#4929,.F.);
#4929 = EDGE_CURVE('',#4930,#4932,#4934,.T.);
#4930 = VERTEX_POINT('',#4931);
#4931 = CARTESIAN_POINT('',(-8.881784197001E-16,4.,15.));
#4932 = VERTEX_POINT('',#4933);
#4933 = CARTESIAN_POINT('',(-8.881784197001E-16,188.2,15.));
#4934 = LINE('',#4935,#4936);
#4935 = CARTESIAN_POINT('',(0.,0.,15.));
#4936 = VECTOR('',#4937,1.);
#4937 = DIRECTION('',(0.,1.,0.));
#4938 = ORIENTED_EDGE('',*,*,#4939,.F.);
#4939 = EDGE_CURVE('',#4940,#4930,#4942,.T.);
#4940 = VERTEX_POINT('',#4941);
#4941 = CARTESIAN_POINT('',(-8.881784197001E-16,4.,12.));
#4942 = LINE('',#4943,#4944);
#4943 = CARTESIAN_POINT('',(-8.881784197001E-16,4.,12.));
#4944 = VECTOR('',#4945,1.);
#4945 = DIRECTION('',(0.,0.,1.));
#4946 = ORIENTED_EDGE('',*,*,#4947,.T.);
#4947 = EDGE_CURVE('',#4940,#4948,#4950,.T.);
#4948 = VERTEX_POINT('',#4949);
#4949 = CARTESIAN_POINT('',(-8.881784197001E-16,188.2,12.));
#4950 = LINE('',#4951,#4952);
#4951 = CARTESIAN_POINT('',(0.,0.,12.));
#4952 = VECTOR('',#4953,1.);
#4953 = DIRECTION('',(0.,1.,0.));
#4954 = ORIENTED_EDGE('',*,*,#4955,.T.);
#4955 = EDGE_CURVE('',#4948,#4932,#4956,.T.);
#4956 = LINE('',#4957,#4958);
#4957 = CARTESIAN_POINT('',(-8.881784197001E-16,188.2,12.));
#4958 = VECTOR('',#4959,1.);
#4959 = DIRECTION('',(0.,0.,1.));
#4960 = PLANE('',#4961);
#4961 = AXIS2_PLACEMENT_3D('',#4962,#4963,#4964);
#4962 = CARTESIAN_POINT('',(0.,0.,12.));
#4963 = DIRECTION('',(1.,0.,0.));
#4964 = DIRECTION('',(0.,0.,1.));
#4965 = ADVANCED_FACE('',(#4966),#5200,.T.);
#4966 = FACE_BOUND('',#4967,.T.);
#4967 = EDGE_LOOP('',(#4968,#4978,#4987,#4995,#5002,#5003,#5012,#5020,
    #5028,#5036,#5044,#5053,#5061,#5069,#5077,#5086,#5094,#5102,#5110,
    #5119,#5127,#5135,#5143,#5152,#5161,#5169,#5177,#5185,#5193));
#4968 = ORIENTED_EDGE('',*,*,#4969,.T.);
#4969 = EDGE_CURVE('',#4970,#4972,#4974,.T.);
#4970 = VERTEX_POINT('',#4971);
#4971 = CARTESIAN_POINT('',(150.8,4.,15.));
#4972 = VERTEX_POINT('',#4973);
#4973 = CARTESIAN_POINT('',(150.8,188.2,15.));
#4974 = LINE('',#4975,#4976);
#4975 = CARTESIAN_POINT('',(150.8,0.,15.));
#4976 = VECTOR('',#4977,1.);
#4977 = DIRECTION('',(0.,1.,0.));
#4978 = ORIENTED_EDGE('',*,*,#4979,.F.);
#4979 = EDGE_CURVE('',#4980,#4972,#4982,.T.);
#4980 = VERTEX_POINT('',#4981);
#4981 = CARTESIAN_POINT('',(146.8,192.2,15.));
#4982 = CIRCLE('',#4983,4.);
#4983 = AXIS2_PLACEMENT_3D('',#4984,#4985,#4986);
#4984 = CARTESIAN_POINT('',(146.8,188.2,15.));
#4985 = DIRECTION('',(-0.,-0.,-1.));
#4986 = DIRECTION('',(0.,-1.,0.));
#4987 = ORIENTED_EDGE('',*,*,#4988,.F.);
#4988 = EDGE_CURVE('',#4989,#4980,#4991,.T.);
#4989 = VERTEX_POINT('',#4990);
#4990 = CARTESIAN_POINT('',(4.,192.2,15.));
#4991 = LINE('',#4992,#4993);
#4992 = CARTESIAN_POINT('',(0.,192.2,15.));
#4993 = VECTOR('',#4994,1.);
#4994 = DIRECTION('',(1.,0.,0.));
#4995 = ORIENTED_EDGE('',*,*,#4996,.F.);
#4996 = EDGE_CURVE('',#4932,#4989,#4997,.T.);
#4997 = CIRCLE('',#4998,4.);
#4998 = AXIS2_PLACEMENT_3D('',#4999,#5000,#5001);
#4999 = CARTESIAN_POINT('',(4.,188.2,15.));
#5000 = DIRECTION('',(-0.,-0.,-1.));
#5001 = DIRECTION('',(0.,-1.,0.));
#5002 = ORIENTED_EDGE('',*,*,#4929,.F.);
#5003 = ORIENTED_EDGE('',*,*,#5004,.T.);
#5004 = EDGE_CURVE('',#4930,#5005,#5007,.T.);
#5005 = VERTEX_POINT('',#5006);
#5006 = CARTESIAN_POINT('',(4.,-8.881784197001E-16,15.));
#5007 = CIRCLE('',#5008,4.);
#5008 = AXIS2_PLACEMENT_3D('',#5009,#5010,#5011);
#5009 = CARTESIAN_POINT('',(4.,4.,15.));
#5010 = DIRECTION('',(-0.,0.,1.));
#5011 = DIRECTION('',(0.,-1.,0.));
#5012 = ORIENTED_EDGE('',*,*,#5013,.T.);
#5013 = EDGE_CURVE('',#5005,#5014,#5016,.T.);
#5014 = VERTEX_POINT('',#5015);
#5015 = CARTESIAN_POINT('',(80.4,0.,15.));
#5016 = LINE('',#5017,#5018);
#5017 = CARTESIAN_POINT('',(0.,0.,15.));
#5018 = VECTOR('',#5019,1.);
#5019 = DIRECTION('',(1.,0.,0.));
#5020 = ORIENTED_EDGE('',*,*,#5021,.T.);
#5021 = EDGE_CURVE('',#5014,#5022,#5024,.T.);
#5022 = VERTEX_POINT('',#5023);
#5023 = CARTESIAN_POINT('',(80.4,7.,15.));
#5024 = LINE('',#5025,#5026);
#5025 = CARTESIAN_POINT('',(80.4,-2.5E-02,15.));
#5026 = VECTOR('',#5027,1.);
#5027 = DIRECTION('',(0.,1.,0.));
#5028 = ORIENTED_EDGE('',*,*,#5029,.T.);
#5029 = EDGE_CURVE('',#5022,#5030,#5032,.T.);
#5030 = VERTEX_POINT('',#5031);
#5031 = CARTESIAN_POINT('',(12.875,7.,15.));
#5032 = LINE('',#5033,#5034);
#5033 = CARTESIAN_POINT('',(6.4375,7.,15.));
#5034 = VECTOR('',#5035,1.);
#5035 = DIRECTION('',(-1.,0.,0.));
#5036 = ORIENTED_EDGE('',*,*,#5037,.T.);
#5037 = EDGE_CURVE('',#5030,#5038,#5040,.T.);
#5038 = VERTEX_POINT('',#5039);
#5039 = CARTESIAN_POINT('',(12.875,148.88897569783,15.));
#5040 = LINE('',#5041,#5042);
#5041 = CARTESIAN_POINT('',(12.875,3.5,15.));
#5042 = VECTOR('',#5043,1.);
#5043 = DIRECTION('',(0.,1.,0.));
#5044 = ORIENTED_EDGE('',*,*,#5045,.F.);
#5045 = EDGE_CURVE('',#5046,#5038,#5048,.T.);
#5046 = VERTEX_POINT('',#5047);
#5047 = CARTESIAN_POINT('',(5.5,154.33012701892,15.));
#5048 = CIRCLE('',#5049,5.);
#5049 = AXIS2_PLACEMENT_3D('',#5050,#5051,#5052);
#5050 = CARTESIAN_POINT('',(8.,150.,15.));
#5051 = DIRECTION('',(0.,0.,1.));
#5052 = DIRECTION('',(1.,0.,0.));
#5053 = ORIENTED_EDGE('',*,*,#5054,.T.);
#5054 = EDGE_CURVE('',#5046,#5055,#5057,.T.);
#5055 = VERTEX_POINT('',#5056);
#5056 = CARTESIAN_POINT('',(5.5,172.,15.));
#5057 = LINE('',#5058,#5059);
#5058 = CARTESIAN_POINT('',(5.5,75.,15.));
#5059 = VECTOR('',#5060,1.);
#5060 = DIRECTION('',(0.,1.,0.));
#5061 = ORIENTED_EDGE('',*,*,#5062,.F.);
#5062 = EDGE_CURVE('',#5063,#5055,#5065,.T.);
#5063 = VERTEX_POINT('',#5064);
#5064 = CARTESIAN_POINT('',(10.5,172.,15.));
#5065 = LINE('',#5066,#5067);
#5066 = CARTESIAN_POINT('',(2.75,172.,15.));
#5067 = VECTOR('',#5068,1.);
#5068 = DIRECTION('',(-1.,0.,0.));
#5069 = ORIENTED_EDGE('',*,*,#5070,.F.);
#5070 = EDGE_CURVE('',#5071,#5063,#5073,.T.);
#5071 = VERTEX_POINT('',#5072);
#5072 = CARTESIAN_POINT('',(10.5,154.33012701892,15.));
#5073 = LINE('',#5074,#5075);
#5074 = CARTESIAN_POINT('',(10.5,75.,15.));
#5075 = VECTOR('',#5076,1.);
#5076 = DIRECTION('',(0.,1.,0.));
#5077 = ORIENTED_EDGE('',*,*,#5078,.F.);
#5078 = EDGE_CURVE('',#5079,#5071,#5081,.T.);
#5079 = VERTEX_POINT('',#5080);
#5080 = CARTESIAN_POINT('',(12.875,151.11102430216,15.));
#5081 = CIRCLE('',#5082,5.);
#5082 = AXIS2_PLACEMENT_3D('',#5083,#5084,#5085);
#5083 = CARTESIAN_POINT('',(8.,150.,15.));
#5084 = DIRECTION('',(0.,0.,1.));
#5085 = DIRECTION('',(1.,0.,0.));
#5086 = ORIENTED_EDGE('',*,*,#5087,.T.);
#5087 = EDGE_CURVE('',#5079,#5088,#5090,.T.);
#5088 = VERTEX_POINT('',#5089);
#5089 = CARTESIAN_POINT('',(12.875,185.2,15.));
#5090 = LINE('',#5091,#5092);
#5091 = CARTESIAN_POINT('',(12.875,3.5,15.));
#5092 = VECTOR('',#5093,1.);
#5093 = DIRECTION('',(0.,1.,0.));
#5094 = ORIENTED_EDGE('',*,*,#5095,.F.);
#5095 = EDGE_CURVE('',#5096,#5088,#5098,.T.);
#5096 = VERTEX_POINT('',#5097);
#5097 = CARTESIAN_POINT('',(137.925,185.2,15.));
#5098 = LINE('',#5099,#5100);
#5099 = CARTESIAN_POINT('',(6.4375,185.2,15.));
#5100 = VECTOR('',#5101,1.);
#5101 = DIRECTION('',(-1.,0.,0.));
#5102 = ORIENTED_EDGE('',*,*,#5103,.F.);
#5103 = EDGE_CURVE('',#5104,#5096,#5106,.T.);
#5104 = VERTEX_POINT('',#5105);
#5105 = CARTESIAN_POINT('',(137.925,151.11102430216,15.));
#5106 = LINE('',#5107,#5108);
#5107 = CARTESIAN_POINT('',(137.925,3.5,15.));
#5108 = VECTOR('',#5109,1.);
#5109 = DIRECTION('',(0.,1.,0.));
#5110 = ORIENTED_EDGE('',*,*,#5111,.F.);
#5111 = EDGE_CURVE('',#5112,#5104,#5114,.T.);
#5112 = VERTEX_POINT('',#5113);
#5113 = CARTESIAN_POINT('',(140.3,154.33012701892,15.));
#5114 = CIRCLE('',#5115,5.);
#5115 = AXIS2_PLACEMENT_3D('',#5116,#5117,#5118);
#5116 = CARTESIAN_POINT('',(142.8,150.,15.));
#5117 = DIRECTION('',(0.,0.,1.));
#5118 = DIRECTION('',(1.,0.,0.));
#5119 = ORIENTED_EDGE('',*,*,#5120,.T.);
#5120 = EDGE_CURVE('',#5112,#5121,#5123,.T.);
#5121 = VERTEX_POINT('',#5122);
#5122 = CARTESIAN_POINT('',(140.3,172.,15.));
#5123 = LINE('',#5124,#5125);
#5124 = CARTESIAN_POINT('',(140.3,75.,15.));
#5125 = VECTOR('',#5126,1.);
#5126 = DIRECTION('',(0.,1.,0.));
#5127 = ORIENTED_EDGE('',*,*,#5128,.F.);
#5128 = EDGE_CURVE('',#5129,#5121,#5131,.T.);
#5129 = VERTEX_POINT('',#5130);
#5130 = CARTESIAN_POINT('',(145.3,172.,15.));
#5131 = LINE('',#5132,#5133);
#5132 = CARTESIAN_POINT('',(70.15,172.,15.));
#5133 = VECTOR('',#5134,1.);
#5134 = DIRECTION('',(-1.,0.,0.));
#5135 = ORIENTED_EDGE('',*,*,#5136,.F.);
#5136 = EDGE_CURVE('',#5137,#5129,#5139,.T.);
#5137 = VERTEX_POINT('',#5138);
#5138 = CARTESIAN_POINT('',(145.3,154.33012701892,15.));
#5139 = LINE('',#5140,#5141);
#5140 = CARTESIAN_POINT('',(145.3,75.,15.));
#5141 = VECTOR('',#5142,1.);
#5142 = DIRECTION('',(0.,1.,0.));
#5143 = ORIENTED_EDGE('',*,*,#5144,.F.);
#5144 = EDGE_CURVE('',#5145,#5137,#5147,.T.);
#5145 = VERTEX_POINT('',#5146);
#5146 = CARTESIAN_POINT('',(147.8,150.,15.));
#5147 = CIRCLE('',#5148,5.);
#5148 = AXIS2_PLACEMENT_3D('',#5149,#5150,#5151);
#5149 = CARTESIAN_POINT('',(142.8,150.,15.));
#5150 = DIRECTION('',(0.,0.,1.));
#5151 = DIRECTION('',(1.,0.,0.));
#5152 = ORIENTED_EDGE('',*,*,#5153,.F.);
#5153 = EDGE_CURVE('',#5154,#5145,#5156,.T.);
#5154 = VERTEX_POINT('',#5155);
#5155 = CARTESIAN_POINT('',(137.925,148.88897569783,15.));
#5156 = CIRCLE('',#5157,5.);
#5157 = AXIS2_PLACEMENT_3D('',#5158,#5159,#5160);
#5158 = CARTESIAN_POINT('',(142.8,150.,15.));
#5159 = DIRECTION('',(0.,0.,1.));
#5160 = DIRECTION('',(1.,0.,0.));
#5161 = ORIENTED_EDGE('',*,*,#5162,.F.);
#5162 = EDGE_CURVE('',#5163,#5154,#5165,.T.);
#5163 = VERTEX_POINT('',#5164);
#5164 = CARTESIAN_POINT('',(137.925,7.,15.));
#5165 = LINE('',#5166,#5167);
#5166 = CARTESIAN_POINT('',(137.925,3.5,15.));
#5167 = VECTOR('',#5168,1.);
#5168 = DIRECTION('',(0.,1.,0.));
#5169 = ORIENTED_EDGE('',*,*,#5170,.T.);
#5170 = EDGE_CURVE('',#5163,#5171,#5173,.T.);
#5171 = VERTEX_POINT('',#5172);
#5172 = CARTESIAN_POINT('',(94.4,7.,15.));
#5173 = LINE('',#5174,#5175);
#5174 = CARTESIAN_POINT('',(6.4375,7.,15.));
#5175 = VECTOR('',#5176,1.);
#5176 = DIRECTION('',(-1.,0.,0.));
#5177 = ORIENTED_EDGE('',*,*,#5178,.F.);
#5178 = EDGE_CURVE('',#5179,#5171,#5181,.T.);
#5179 = VERTEX_POINT('',#5180);
#5180 = CARTESIAN_POINT('',(94.4,0.,15.));
#5181 = LINE('',#5182,#5183);
#5182 = CARTESIAN_POINT('',(94.4,-2.5E-02,15.));
#5183 = VECTOR('',#5184,1.);
#5184 = DIRECTION('',(0.,1.,0.));
#5185 = ORIENTED_EDGE('',*,*,#5186,.T.);
#5186 = EDGE_CURVE('',#5179,#5187,#5189,.T.);
#5187 = VERTEX_POINT('',#5188);
#5188 = CARTESIAN_POINT('',(146.8,-8.881784197001E-16,15.));
#5189 = LINE('',#5190,#5191);
#5190 = CARTESIAN_POINT('',(0.,0.,15.));
#5191 = VECTOR('',#5192,1.);
#5192 = DIRECTION('',(1.,0.,0.));
#5193 = ORIENTED_EDGE('',*,*,#5194,.F.);
#5194 = EDGE_CURVE('',#4970,#5187,#5195,.T.);
#5195 = CIRCLE('',#5196,4.);
#5196 = AXIS2_PLACEMENT_3D('',#5197,#5198,#5199);
#5197 = CARTESIAN_POINT('',(146.8,4.,15.));
#5198 = DIRECTION('',(-0.,-0.,-1.));
#5199 = DIRECTION('',(0.,-1.,0.));
#5200 = PLANE('',#5201);
#5201 = AXIS2_PLACEMENT_3D('',#5202,#5203,#5204);
#5202 = CARTESIAN_POINT('',(0.,0.,15.));
#5203 = DIRECTION('',(0.,0.,1.));
#5204 = DIRECTION('',(1.,0.,0.));
#5205 = ADVANCED_FACE('',(#5206),#5225,.T.);
#5206 = FACE_BOUND('',#5207,.T.);
#5207 = EDGE_LOOP('',(#5208,#5217,#5223,#5224));
#5208 = ORIENTED_EDGE('',*,*,#5209,.T.);
#5209 = EDGE_CURVE('',#4940,#5210,#5212,.T.);
#5210 = VERTEX_POINT('',#5211);
#5211 = CARTESIAN_POINT('',(4.,-8.881784197001E-16,12.));
#5212 = CIRCLE('',#5213,4.);
#5213 = AXIS2_PLACEMENT_3D('',#5214,#5215,#5216);
#5214 = CARTESIAN_POINT('',(4.,4.,12.));
#5215 = DIRECTION('',(-0.,0.,1.));
#5216 = DIRECTION('',(0.,-1.,0.));
#5217 = ORIENTED_EDGE('',*,*,#5218,.T.);
#5218 = EDGE_CURVE('',#5210,#5005,#5219,.T.);
#5219 = LINE('',#5220,#5221);
#5220 = CARTESIAN_POINT('',(4.,-8.881784197001E-16,12.));
#5221 = VECTOR('',#5222,1.);
#5222 = DIRECTION('',(0.,0.,1.));
#5223 = ORIENTED_EDGE('',*,*,#5004,.F.);
#5224 = ORIENTED_EDGE('',*,*,#4939,.F.);
#5225 = CYLINDRICAL_SURFACE('',#5226,4.);
#5226 = AXIS2_PLACEMENT_3D('',#5227,#5228,#5229);
#5227 = CARTESIAN_POINT('',(4.,4.,12.));
#5228 = DIRECTION('',(0.,0.,1.));
#5229 = DIRECTION('',(-1.,0.,0.));
#5230 = ADVANCED_FACE('',(#5231),#5250,.T.);
#5231 = FACE_BOUND('',#5232,.F.);
#5232 = EDGE_LOOP('',(#5233,#5242,#5248,#5249));
#5233 = ORIENTED_EDGE('',*,*,#5234,.T.);
#5234 = EDGE_CURVE('',#4948,#5235,#5237,.T.);
#5235 = VERTEX_POINT('',#5236);
#5236 = CARTESIAN_POINT('',(4.,192.2,12.));
#5237 = CIRCLE('',#5238,4.);
#5238 = AXIS2_PLACEMENT_3D('',#5239,#5240,#5241);
#5239 = CARTESIAN_POINT('',(4.,188.2,12.));
#5240 = DIRECTION('',(-0.,-0.,-1.));
#5241 = DIRECTION('',(0.,-1.,0.));
#5242 = ORIENTED_EDGE('',*,*,#5243,.T.);
#5243 = EDGE_CURVE('',#5235,#4989,#5244,.T.);
#5244 = LINE('',#5245,#5246);
#5245 = CARTESIAN_POINT('',(4.,192.2,12.));
#5246 = VECTOR('',#5247,1.);
#5247 = DIRECTION('',(0.,0.,1.));
#5248 = ORIENTED_EDGE('',*,*,#4996,.F.);
#5249 = ORIENTED_EDGE('',*,*,#4955,.F.);
#5250 = CYLINDRICAL_SURFACE('',#5251,4.);
#5251 = AXIS2_PLACEMENT_3D('',#5252,#5253,#5254);
#5252 = CARTESIAN_POINT('',(4.,188.2,12.));
#5253 = DIRECTION('',(0.,0.,1.));
#5254 = DIRECTION('',(-1.,0.,0.));
#5255 = ADVANCED_FACE('',(#5256),#5463,.F.);
#5256 = FACE_BOUND('',#5257,.F.);
#5257 = EDGE_LOOP('',(#5258,#5268,#5277,#5283,#5284,#5285,#5286,#5294,
    #5302,#5310,#5318,#5327,#5335,#5343,#5351,#5359,#5367,#5375,#5383,
    #5391,#5399,#5407,#5415,#5424,#5432,#5440,#5448,#5456));
#5258 = ORIENTED_EDGE('',*,*,#5259,.T.);
#5259 = EDGE_CURVE('',#5260,#5262,#5264,.T.);
#5260 = VERTEX_POINT('',#5261);
#5261 = CARTESIAN_POINT('',(150.8,4.,12.));
#5262 = VERTEX_POINT('',#5263);
#5263 = CARTESIAN_POINT('',(150.8,188.2,12.));
#5264 = LINE('',#5265,#5266);
#5265 = CARTESIAN_POINT('',(150.8,0.,12.));
#5266 = VECTOR('',#5267,1.);
#5267 = DIRECTION('',(0.,1.,0.));
#5268 = ORIENTED_EDGE('',*,*,#5269,.F.);
#5269 = EDGE_CURVE('',#5270,#5262,#5272,.T.);
#5270 = VERTEX_POINT('',#5271);
#5271 = CARTESIAN_POINT('',(146.8,192.2,12.));
#5272 = CIRCLE('',#5273,4.);
#5273 = AXIS2_PLACEMENT_3D('',#5274,#5275,#5276);
#5274 = CARTESIAN_POINT('',(146.8,188.2,12.));
#5275 = DIRECTION('',(-0.,-0.,-1.));
#5276 = DIRECTION('',(0.,-1.,0.));
#5277 = ORIENTED_EDGE('',*,*,#5278,.F.);
#5278 = EDGE_CURVE('',#5235,#5270,#5279,.T.);
#5279 = LINE('',#5280,#5281);
#5280 = CARTESIAN_POINT('',(0.,192.2,12.));
#5281 = VECTOR('',#5282,1.);
#5282 = DIRECTION('',(1.,0.,0.));
#5283 = ORIENTED_EDGE('',*,*,#5234,.F.);
#5284 = ORIENTED_EDGE('',*,*,#4947,.F.);
#5285 = ORIENTED_EDGE('',*,*,#5209,.T.);
#5286 = ORIENTED_EDGE('',*,*,#5287,.T.);
#5287 = EDGE_CURVE('',#5210,#5288,#5290,.T.);
#5288 = VERTEX_POINT('',#5289);
#5289 = CARTESIAN_POINT('',(80.4,0.,12.));
#5290 = LINE('',#5291,#5292);
#5291 = CARTESIAN_POINT('',(0.,0.,12.));
#5292 = VECTOR('',#5293,1.);
#5293 = DIRECTION('',(1.,0.,0.));
#5294 = ORIENTED_EDGE('',*,*,#5295,.T.);
#5295 = EDGE_CURVE('',#5288,#5296,#5298,.T.);
#5296 = VERTEX_POINT('',#5297);
#5297 = CARTESIAN_POINT('',(80.4,7.,12.));
#5298 = LINE('',#5299,#5300);
#5299 = CARTESIAN_POINT('',(80.4,-2.5E-02,12.));
#5300 = VECTOR('',#5301,1.);
#5301 = DIRECTION('',(0.,1.,0.));
#5302 = ORIENTED_EDGE('',*,*,#5303,.T.);
#5303 = EDGE_CURVE('',#5296,#5304,#5306,.T.);
#5304 = VERTEX_POINT('',#5305);
#5305 = CARTESIAN_POINT('',(12.875,7.,12.));
#5306 = LINE('',#5307,#5308);
#5307 = CARTESIAN_POINT('',(6.4375,7.,12.));
#5308 = VECTOR('',#5309,1.);
#5309 = DIRECTION('',(-1.,0.,0.));
#5310 = ORIENTED_EDGE('',*,*,#5311,.T.);
#5311 = EDGE_CURVE('',#5304,#5312,#5314,.T.);
#5312 = VERTEX_POINT('',#5313);
#5313 = CARTESIAN_POINT('',(12.875,148.88897569783,12.));
#5314 = LINE('',#5315,#5316);
#5315 = CARTESIAN_POINT('',(12.875,3.5,12.));
#5316 = VECTOR('',#5317,1.);
#5317 = DIRECTION('',(0.,1.,0.));
#5318 = ORIENTED_EDGE('',*,*,#5319,.F.);
#5319 = EDGE_CURVE('',#5320,#5312,#5322,.T.);
#5320 = VERTEX_POINT('',#5321);
#5321 = CARTESIAN_POINT('',(3.,150.,12.));
#5322 = CIRCLE('',#5323,5.);
#5323 = AXIS2_PLACEMENT_3D('',#5324,#5325,#5326);
#5324 = CARTESIAN_POINT('',(8.,150.,12.));
#5325 = DIRECTION('',(0.,0.,1.));
#5326 = DIRECTION('',(1.,0.,0.));
#5327 = ORIENTED_EDGE('',*,*,#5328,.T.);
#5328 = EDGE_CURVE('',#5320,#5329,#5331,.T.);
#5329 = VERTEX_POINT('',#5330);
#5330 = CARTESIAN_POINT('',(3.,172.,12.));
#5331 = LINE('',#5332,#5333);
#5332 = CARTESIAN_POINT('',(3.,75.,12.));
#5333 = VECTOR('',#5334,1.);
#5334 = DIRECTION('',(0.,1.,0.));
#5335 = ORIENTED_EDGE('',*,*,#5336,.F.);
#5336 = EDGE_CURVE('',#5337,#5329,#5339,.T.);
#5337 = VERTEX_POINT('',#5338);
#5338 = CARTESIAN_POINT('',(5.5,172.,12.));
#5339 = LINE('',#5340,#5341);
#5340 = CARTESIAN_POINT('',(1.5,172.,12.));
#5341 = VECTOR('',#5342,1.);
#5342 = DIRECTION('',(-1.,0.,0.));
#5343 = ORIENTED_EDGE('',*,*,#5344,.F.);
#5344 = EDGE_CURVE('',#5345,#5337,#5347,.T.);
#5345 = VERTEX_POINT('',#5346);
#5346 = CARTESIAN_POINT('',(10.5,172.,12.));
#5347 = LINE('',#5348,#5349);
#5348 = CARTESIAN_POINT('',(2.75,172.,12.));
#5349 = VECTOR('',#5350,1.);
#5350 = DIRECTION('',(-1.,0.,0.));
#5351 = ORIENTED_EDGE('',*,*,#5352,.F.);
#5352 = EDGE_CURVE('',#5353,#5345,#5355,.T.);
#5353 = VERTEX_POINT('',#5354);
#5354 = CARTESIAN_POINT('',(12.875,172.,12.));
#5355 = LINE('',#5356,#5357);
#5356 = CARTESIAN_POINT('',(1.5,172.,12.));
#5357 = VECTOR('',#5358,1.);
#5358 = DIRECTION('',(-1.,0.,0.));
#5359 = ORIENTED_EDGE('',*,*,#5360,.T.);
#5360 = EDGE_CURVE('',#5353,#5361,#5363,.T.);
#5361 = VERTEX_POINT('',#5362);
#5362 = CARTESIAN_POINT('',(12.875,185.2,12.));
#5363 = LINE('',#5364,#5365);
#5364 = CARTESIAN_POINT('',(12.875,3.5,12.));
#5365 = VECTOR('',#5366,1.);
#5366 = DIRECTION('',(0.,1.,0.));
#5367 = ORIENTED_EDGE('',*,*,#5368,.F.);
#5368 = EDGE_CURVE('',#5369,#5361,#5371,.T.);
#5369 = VERTEX_POINT('',#5370);
#5370 = CARTESIAN_POINT('',(137.925,185.2,12.));
#5371 = LINE('',#5372,#5373);
#5372 = CARTESIAN_POINT('',(6.4375,185.2,12.));
#5373 = VECTOR('',#5374,1.);
#5374 = DIRECTION('',(-1.,0.,0.));
#5375 = ORIENTED_EDGE('',*,*,#5376,.F.);
#5376 = EDGE_CURVE('',#5377,#5369,#5379,.T.);
#5377 = VERTEX_POINT('',#5378);
#5378 = CARTESIAN_POINT('',(137.925,172.,12.));
#5379 = LINE('',#5380,#5381);
#5380 = CARTESIAN_POINT('',(137.925,3.5,12.));
#5381 = VECTOR('',#5382,1.);
#5382 = DIRECTION('',(0.,1.,0.));
#5383 = ORIENTED_EDGE('',*,*,#5384,.F.);
#5384 = EDGE_CURVE('',#5385,#5377,#5387,.T.);
#5385 = VERTEX_POINT('',#5386);
#5386 = CARTESIAN_POINT('',(140.3,172.,12.));
#5387 = LINE('',#5388,#5389);
#5388 = CARTESIAN_POINT('',(68.9,172.,12.));
#5389 = VECTOR('',#5390,1.);
#5390 = DIRECTION('',(-1.,0.,0.));
#5391 = ORIENTED_EDGE('',*,*,#5392,.F.);
#5392 = EDGE_CURVE('',#5393,#5385,#5395,.T.);
#5393 = VERTEX_POINT('',#5394);
#5394 = CARTESIAN_POINT('',(145.3,172.,12.));
#5395 = LINE('',#5396,#5397);
#5396 = CARTESIAN_POINT('',(70.15,172.,12.));
#5397 = VECTOR('',#5398,1.);
#5398 = DIRECTION('',(-1.,0.,0.));
#5399 = ORIENTED_EDGE('',*,*,#5400,.F.);
#5400 = EDGE_CURVE('',#5401,#5393,#5403,.T.);
#5401 = VERTEX_POINT('',#5402);
#5402 = CARTESIAN_POINT('',(147.8,172.,12.));
#5403 = LINE('',#5404,#5405);
#5404 = CARTESIAN_POINT('',(68.9,172.,12.));
#5405 = VECTOR('',#5406,1.);
#5406 = DIRECTION('',(-1.,0.,0.));
#5407 = ORIENTED_EDGE('',*,*,#5408,.F.);
#5408 = EDGE_CURVE('',#5409,#5401,#5411,.T.);
#5409 = VERTEX_POINT('',#5410);
#5410 = CARTESIAN_POINT('',(147.8,150.,12.));
#5411 = LINE('',#5412,#5413);
#5412 = CARTESIAN_POINT('',(147.8,75.,12.));
#5413 = VECTOR('',#5414,1.);
#5414 = DIRECTION('',(0.,1.,0.));
#5415 = ORIENTED_EDGE('',*,*,#5416,.F.);
#5416 = EDGE_CURVE('',#5417,#5409,#5419,.T.);
#5417 = VERTEX_POINT('',#5418);
#5418 = CARTESIAN_POINT('',(137.925,148.88897569783,12.));
#5419 = CIRCLE('',#5420,5.);
#5420 = AXIS2_PLACEMENT_3D('',#5421,#5422,#5423);
#5421 = CARTESIAN_POINT('',(142.8,150.,12.));
#5422 = DIRECTION('',(0.,0.,1.));
#5423 = DIRECTION('',(1.,0.,0.));
#5424 = ORIENTED_EDGE('',*,*,#5425,.F.);
#5425 = EDGE_CURVE('',#5426,#5417,#5428,.T.);
#5426 = VERTEX_POINT('',#5427);
#5427 = CARTESIAN_POINT('',(137.925,7.,12.));
#5428 = LINE('',#5429,#5430);
#5429 = CARTESIAN_POINT('',(137.925,3.5,12.));
#5430 = VECTOR('',#5431,1.);
#5431 = DIRECTION('',(0.,1.,0.));
#5432 = ORIENTED_EDGE('',*,*,#5433,.T.);
#5433 = EDGE_CURVE('',#5426,#5434,#5436,.T.);
#5434 = VERTEX_POINT('',#5435);
#5435 = CARTESIAN_POINT('',(94.4,7.,12.));
#5436 = LINE('',#5437,#5438);
#5437 = CARTESIAN_POINT('',(6.4375,7.,12.));
#5438 = VECTOR('',#5439,1.);
#5439 = DIRECTION('',(-1.,0.,0.));
#5440 = ORIENTED_EDGE('',*,*,#5441,.F.);
#5441 = EDGE_CURVE('',#5442,#5434,#5444,.T.);
#5442 = VERTEX_POINT('',#5443);
#5443 = CARTESIAN_POINT('',(94.4,0.,12.));
#5444 = LINE('',#5445,#5446);
#5445 = CARTESIAN_POINT('',(94.4,-2.5E-02,12.));
#5446 = VECTOR('',#5447,1.);
#5447 = DIRECTION('',(0.,1.,0.));
#5448 = ORIENTED_EDGE('',*,*,#5449,.T.);
#5449 = EDGE_CURVE('',#5442,#5450,#5452,.T.);
#5450 = VERTEX_POINT('',#5451);
#5451 = CARTESIAN_POINT('',(146.8,-8.881784197001E-16,12.));
#5452 = LINE('',#5453,#5454);
#5453 = CARTESIAN_POINT('',(0.,0.,12.));
#5454 = VECTOR('',#5455,1.);
#5455 = DIRECTION('',(1.,0.,0.));
#5456 = ORIENTED_EDGE('',*,*,#5457,.F.);
#5457 = EDGE_CURVE('',#5260,#5450,#5458,.T.);
#5458 = CIRCLE('',#5459,4.);
#5459 = AXIS2_PLACEMENT_3D('',#5460,#5461,#5462);
#5460 = CARTESIAN_POINT('',(146.8,4.,12.));
#5461 = DIRECTION('',(-0.,-0.,-1.));
#5462 = DIRECTION('',(0.,-1.,0.));
#5463 = PLANE('',#5464);
#5464 = AXIS2_PLACEMENT_3D('',#5465,#5466,#5467);
#5465 = CARTESIAN_POINT('',(0.,0.,12.));
#5466 = DIRECTION('',(0.,0.,1.));
#5467 = DIRECTION('',(1.,0.,0.));
#5468 = ADVANCED_FACE('',(#5469),#5485,.T.);
#5469 = FACE_BOUND('',#5470,.T.);
#5470 = EDGE_LOOP('',(#5471,#5472,#5478,#5479));
#5471 = ORIENTED_EDGE('',*,*,#4969,.F.);
#5472 = ORIENTED_EDGE('',*,*,#5473,.F.);
#5473 = EDGE_CURVE('',#5260,#4970,#5474,.T.);
#5474 = LINE('',#5475,#5476);
#5475 = CARTESIAN_POINT('',(150.8,4.,12.));
#5476 = VECTOR('',#5477,1.);
#5477 = DIRECTION('',(0.,0.,1.));
#5478 = ORIENTED_EDGE('',*,*,#5259,.T.);
#5479 = ORIENTED_EDGE('',*,*,#5480,.T.);
#5480 = EDGE_CURVE('',#5262,#4972,#5481,.T.);
#5481 = LINE('',#5482,#5483);
#5482 = CARTESIAN_POINT('',(150.8,188.2,12.));
#5483 = VECTOR('',#5484,1.);
#5484 = DIRECTION('',(0.,0.,1.));
#5485 = PLANE('',#5486);
#5486 = AXIS2_PLACEMENT_3D('',#5487,#5488,#5489);
#5487 = CARTESIAN_POINT('',(150.8,0.,12.));
#5488 = DIRECTION('',(1.,0.,0.));
#5489 = DIRECTION('',(0.,0.,1.));
#5490 = ADVANCED_FACE('',(#5491),#5502,.T.);
#5491 = FACE_BOUND('',#5492,.F.);
#5492 = EDGE_LOOP('',(#5493,#5494,#5500,#5501));
#5493 = ORIENTED_EDGE('',*,*,#5457,.T.);
#5494 = ORIENTED_EDGE('',*,*,#5495,.T.);
#5495 = EDGE_CURVE('',#5450,#5187,#5496,.T.);
#5496 = LINE('',#5497,#5498);
#5497 = CARTESIAN_POINT('',(146.8,-8.881784197001E-16,12.));
#5498 = VECTOR('',#5499,1.);
#5499 = DIRECTION('',(0.,0.,1.));
#5500 = ORIENTED_EDGE('',*,*,#5194,.F.);
#5501 = ORIENTED_EDGE('',*,*,#5473,.F.);
#5502 = CYLINDRICAL_SURFACE('',#5503,4.);
#5503 = AXIS2_PLACEMENT_3D('',#5504,#5505,#5506);
#5504 = CARTESIAN_POINT('',(146.8,4.,12.));
#5505 = DIRECTION('',(0.,0.,1.));
#5506 = DIRECTION('',(1.,0.,0.));
#5507 = ADVANCED_FACE('',(#5508),#5519,.T.);
#5508 = FACE_BOUND('',#5509,.F.);
#5509 = EDGE_LOOP('',(#5510,#5511,#5512,#5513));
#5510 = ORIENTED_EDGE('',*,*,#5269,.T.);
#5511 = ORIENTED_EDGE('',*,*,#5480,.T.);
#5512 = ORIENTED_EDGE('',*,*,#4979,.F.);
#5513 = ORIENTED_EDGE('',*,*,#5514,.F.);
#5514 = EDGE_CURVE('',#5270,#4980,#5515,.T.);
#5515 = LINE('',#5516,#5517);
#5516 = CARTESIAN_POINT('',(146.8,192.2,12.));
#5517 = VECTOR('',#5518,1.);
#5518 = DIRECTION('',(0.,0.,1.));
#5519 = CYLINDRICAL_SURFACE('',#5520,4.);
#5520 = AXIS2_PLACEMENT_3D('',#5521,#5522,#5523);
#5521 = CARTESIAN_POINT('',(146.8,188.2,12.));
#5522 = DIRECTION('',(0.,0.,1.));
#5523 = DIRECTION('',(0.,1.,0.));
#5524 = ADVANCED_FACE('',(#5525),#5536,.F.);
#5525 = FACE_BOUND('',#5526,.F.);
#5526 = EDGE_LOOP('',(#5527,#5528,#5534,#5535));
#5527 = ORIENTED_EDGE('',*,*,#5449,.F.);
#5528 = ORIENTED_EDGE('',*,*,#5529,.F.);
#5529 = EDGE_CURVE('',#5179,#5442,#5530,.T.);
#5530 = LINE('',#5531,#5532);
#5531 = CARTESIAN_POINT('',(94.4,0.,7.475));
#5532 = VECTOR('',#5533,1.);
#5533 = DIRECTION('',(0.,0.,-1.));
#5534 = ORIENTED_EDGE('',*,*,#5186,.T.);
#5535 = ORIENTED_EDGE('',*,*,#5495,.F.);
#5536 = PLANE('',#5537);
#5537 = AXIS2_PLACEMENT_3D('',#5538,#5539,#5540);
#5538 = CARTESIAN_POINT('',(0.,0.,12.));
#5539 = DIRECTION('',(0.,1.,0.));
#5540 = DIRECTION('',(0.,0.,1.));
#5541 = ADVANCED_FACE('',(#5542),#5548,.T.);
#5542 = FACE_BOUND('',#5543,.T.);
#5543 = EDGE_LOOP('',(#5544,#5545,#5546,#5547));
#5544 = ORIENTED_EDGE('',*,*,#5278,.F.);
#5545 = ORIENTED_EDGE('',*,*,#5243,.T.);
#5546 = ORIENTED_EDGE('',*,*,#4988,.T.);
#5547 = ORIENTED_EDGE('',*,*,#5514,.F.);
#5548 = PLANE('',#5549);
#5549 = AXIS2_PLACEMENT_3D('',#5550,#5551,#5552);
#5550 = CARTESIAN_POINT('',(0.,192.2,12.));
#5551 = DIRECTION('',(0.,1.,0.));
#5552 = DIRECTION('',(0.,0.,1.));
#5553 = ADVANCED_FACE('',(#5554),#5565,.F.);
#5554 = FACE_BOUND('',#5555,.F.);
#5555 = EDGE_LOOP('',(#5556,#5557,#5558,#5559));
#5556 = ORIENTED_EDGE('',*,*,#5178,.F.);
#5557 = ORIENTED_EDGE('',*,*,#5529,.T.);
#5558 = ORIENTED_EDGE('',*,*,#5441,.T.);
#5559 = ORIENTED_EDGE('',*,*,#5560,.F.);
#5560 = EDGE_CURVE('',#5171,#5434,#5561,.T.);
#5561 = LINE('',#5562,#5563);
#5562 = CARTESIAN_POINT('',(94.4,7.,7.45));
#5563 = VECTOR('',#5564,1.);
#5564 = DIRECTION('',(0.,0.,-1.));
#5565 = PLANE('',#5566);
#5566 = AXIS2_PLACEMENT_3D('',#5567,#5568,#5569);
#5567 = CARTESIAN_POINT('',(94.4,-5.E-02,2.95));
#5568 = DIRECTION('',(1.,0.,0.));
#5569 = DIRECTION('',(0.,0.,1.));
#5570 = ADVANCED_FACE('',(#5571),#5582,.T.);
#5571 = FACE_BOUND('',#5572,.T.);
#5572 = EDGE_LOOP('',(#5573,#5579,#5580,#5581));
#5573 = ORIENTED_EDGE('',*,*,#5574,.F.);
#5574 = EDGE_CURVE('',#5426,#5163,#5575,.T.);
#5575 = LINE('',#5576,#5577);
#5576 = CARTESIAN_POINT('',(137.925,7.,11.95));
#5577 = VECTOR('',#5578,1.);
#5578 = DIRECTION('',(0.,0.,1.));
#5579 = ORIENTED_EDGE('',*,*,#5433,.T.);
#5580 = ORIENTED_EDGE('',*,*,#5560,.F.);
#5581 = ORIENTED_EDGE('',*,*,#5170,.F.);
#5582 = PLANE('',#5583);
#5583 = AXIS2_PLACEMENT_3D('',#5584,#5585,#5586);
#5584 = CARTESIAN_POINT('',(12.875,7.,11.95));
#5585 = DIRECTION('',(0.,1.,0.));
#5586 = DIRECTION('',(0.,0.,1.));
#5587 = ADVANCED_FACE('',(#5588),#5607,.F.);
#5588 = FACE_BOUND('',#5589,.F.);
#5589 = EDGE_LOOP('',(#5590,#5591,#5592,#5600,#5606));
#5590 = ORIENTED_EDGE('',*,*,#5574,.F.);
#5591 = ORIENTED_EDGE('',*,*,#5425,.T.);
#5592 = ORIENTED_EDGE('',*,*,#5593,.T.);
#5593 = EDGE_CURVE('',#5417,#5594,#5596,.T.);
#5594 = VERTEX_POINT('',#5595);
#5595 = CARTESIAN_POINT('',(137.925,148.88897569783,12.05));
#5596 = LINE('',#5597,#5598);
#5597 = CARTESIAN_POINT('',(137.925,148.88897569783,11.95));
#5598 = VECTOR('',#5599,1.);
#5599 = DIRECTION('',(0.,0.,1.));
#5600 = ORIENTED_EDGE('',*,*,#5601,.T.);
#5601 = EDGE_CURVE('',#5594,#5154,#5602,.T.);
#5602 = LINE('',#5603,#5604);
#5603 = CARTESIAN_POINT('',(137.925,148.88897569783,11.95));
#5604 = VECTOR('',#5605,1.);
#5605 = DIRECTION('',(0.,0.,1.));
#5606 = ORIENTED_EDGE('',*,*,#5162,.F.);
#5607 = PLANE('',#5608);
#5608 = AXIS2_PLACEMENT_3D('',#5609,#5610,#5611);
#5609 = CARTESIAN_POINT('',(137.925,7.,11.95));
#5610 = DIRECTION('',(1.,0.,0.));
#5611 = DIRECTION('',(0.,0.,1.));
#5612 = ADVANCED_FACE('',(#5613),#5632,.F.);
#5613 = FACE_BOUND('',#5614,.F.);
#5614 = EDGE_LOOP('',(#5615,#5624,#5630,#5631));
#5615 = ORIENTED_EDGE('',*,*,#5616,.T.);
#5616 = EDGE_CURVE('',#5594,#5617,#5619,.T.);
#5617 = VERTEX_POINT('',#5618);
#5618 = CARTESIAN_POINT('',(147.8,150.,12.05));
#5619 = CIRCLE('',#5620,5.);
#5620 = AXIS2_PLACEMENT_3D('',#5621,#5622,#5623);
#5621 = CARTESIAN_POINT('',(142.8,150.,12.05));
#5622 = DIRECTION('',(0.,0.,1.));
#5623 = DIRECTION('',(1.,0.,0.));
#5624 = ORIENTED_EDGE('',*,*,#5625,.T.);
#5625 = EDGE_CURVE('',#5617,#5145,#5626,.T.);
#5626 = LINE('',#5627,#5628);
#5627 = CARTESIAN_POINT('',(147.8,150.,11.95));
#5628 = VECTOR('',#5629,1.);
#5629 = DIRECTION('',(0.,0.,1.));
#5630 = ORIENTED_EDGE('',*,*,#5153,.F.);
#5631 = ORIENTED_EDGE('',*,*,#5601,.F.);
#5632 = CYLINDRICAL_SURFACE('',#5633,5.);
#5633 = AXIS2_PLACEMENT_3D('',#5634,#5635,#5636);
#5634 = CARTESIAN_POINT('',(142.8,150.,11.95));
#5635 = DIRECTION('',(0.,0.,1.));
#5636 = DIRECTION('',(1.,0.,0.));
#5637 = ADVANCED_FACE('',(#5638),#5649,.F.);
#5638 = FACE_BOUND('',#5639,.F.);
#5639 = EDGE_LOOP('',(#5640,#5641,#5642,#5643));
#5640 = ORIENTED_EDGE('',*,*,#5287,.F.);
#5641 = ORIENTED_EDGE('',*,*,#5218,.T.);
#5642 = ORIENTED_EDGE('',*,*,#5013,.T.);
#5643 = ORIENTED_EDGE('',*,*,#5644,.T.);
#5644 = EDGE_CURVE('',#5014,#5288,#5645,.T.);
#5645 = LINE('',#5646,#5647);
#5646 = CARTESIAN_POINT('',(80.4,0.,7.475));
#5647 = VECTOR('',#5648,1.);
#5648 = DIRECTION('',(0.,0.,-1.));
#5649 = PLANE('',#5650);
#5650 = AXIS2_PLACEMENT_3D('',#5651,#5652,#5653);
#5651 = CARTESIAN_POINT('',(0.,0.,12.));
#5652 = DIRECTION('',(0.,1.,0.));
#5653 = DIRECTION('',(0.,0.,1.));
#5654 = ADVANCED_FACE('',(#5655),#5674,.F.);
#5655 = FACE_BOUND('',#5656,.F.);
#5656 = EDGE_LOOP('',(#5657,#5658,#5659,#5668));
#5657 = ORIENTED_EDGE('',*,*,#5144,.F.);
#5658 = ORIENTED_EDGE('',*,*,#5625,.F.);
#5659 = ORIENTED_EDGE('',*,*,#5660,.T.);
#5660 = EDGE_CURVE('',#5617,#5661,#5663,.T.);
#5661 = VERTEX_POINT('',#5662);
#5662 = CARTESIAN_POINT('',(145.3,154.33012701892,12.05));
#5663 = CIRCLE('',#5664,5.);
#5664 = AXIS2_PLACEMENT_3D('',#5665,#5666,#5667);
#5665 = CARTESIAN_POINT('',(142.8,150.,12.05));
#5666 = DIRECTION('',(0.,0.,1.));
#5667 = DIRECTION('',(1.,0.,0.));
#5668 = ORIENTED_EDGE('',*,*,#5669,.T.);
#5669 = EDGE_CURVE('',#5661,#5137,#5670,.T.);
#5670 = LINE('',#5671,#5672);
#5671 = CARTESIAN_POINT('',(145.3,154.33012701892,11.95));
#5672 = VECTOR('',#5673,1.);
#5673 = DIRECTION('',(0.,0.,1.));
#5674 = CYLINDRICAL_SURFACE('',#5675,5.);
#5675 = AXIS2_PLACEMENT_3D('',#5676,#5677,#5678);
#5676 = CARTESIAN_POINT('',(142.8,150.,11.95));
#5677 = DIRECTION('',(0.,0.,1.));
#5678 = DIRECTION('',(1.,0.,0.));
#5679 = ADVANCED_FACE('',(#5680),#5691,.T.);
#5680 = FACE_BOUND('',#5681,.T.);
#5681 = EDGE_LOOP('',(#5682,#5683,#5684,#5685));
#5682 = ORIENTED_EDGE('',*,*,#5021,.F.);
#5683 = ORIENTED_EDGE('',*,*,#5644,.T.);
#5684 = ORIENTED_EDGE('',*,*,#5295,.T.);
#5685 = ORIENTED_EDGE('',*,*,#5686,.F.);
#5686 = EDGE_CURVE('',#5022,#5296,#5687,.T.);
#5687 = LINE('',#5688,#5689);
#5688 = CARTESIAN_POINT('',(80.4,7.,7.45));
#5689 = VECTOR('',#5690,1.);
#5690 = DIRECTION('',(0.,0.,-1.));
#5691 = PLANE('',#5692);
#5692 = AXIS2_PLACEMENT_3D('',#5693,#5694,#5695);
#5693 = CARTESIAN_POINT('',(80.4,-5.E-02,2.95));
#5694 = DIRECTION('',(1.,0.,0.));
#5695 = DIRECTION('',(0.,0.,1.));
#5696 = ADVANCED_FACE('',(#5697),#5715,.F.);
#5697 = FACE_BOUND('',#5698,.F.);
#5698 = EDGE_LOOP('',(#5699,#5707,#5713,#5714));
#5699 = ORIENTED_EDGE('',*,*,#5700,.F.);
#5700 = EDGE_CURVE('',#5701,#5661,#5703,.T.);
#5701 = VERTEX_POINT('',#5702);
#5702 = CARTESIAN_POINT('',(145.3,172.,12.05));
#5703 = LINE('',#5704,#5705);
#5704 = CARTESIAN_POINT('',(145.3,150.,12.05));
#5705 = VECTOR('',#5706,1.);
#5706 = DIRECTION('',(0.,-1.,0.));
#5707 = ORIENTED_EDGE('',*,*,#5708,.T.);
#5708 = EDGE_CURVE('',#5701,#5129,#5709,.T.);
#5709 = LINE('',#5710,#5711);
#5710 = CARTESIAN_POINT('',(145.3,172.,11.95));
#5711 = VECTOR('',#5712,1.);
#5712 = DIRECTION('',(0.,0.,1.));
#5713 = ORIENTED_EDGE('',*,*,#5136,.F.);
#5714 = ORIENTED_EDGE('',*,*,#5669,.F.);
#5715 = PLANE('',#5716);
#5716 = AXIS2_PLACEMENT_3D('',#5717,#5718,#5719);
#5717 = CARTESIAN_POINT('',(145.3,150.,11.95));
#5718 = DIRECTION('',(1.,0.,0.));
#5719 = DIRECTION('',(0.,0.,1.));
#5720 = ADVANCED_FACE('',(#5721),#5732,.T.);
#5721 = FACE_BOUND('',#5722,.T.);
#5722 = EDGE_LOOP('',(#5723,#5724,#5725,#5731));
#5723 = ORIENTED_EDGE('',*,*,#5686,.T.);
#5724 = ORIENTED_EDGE('',*,*,#5303,.T.);
#5725 = ORIENTED_EDGE('',*,*,#5726,.T.);
#5726 = EDGE_CURVE('',#5304,#5030,#5727,.T.);
#5727 = LINE('',#5728,#5729);
#5728 = CARTESIAN_POINT('',(12.875,7.,11.95));
#5729 = VECTOR('',#5730,1.);
#5730 = DIRECTION('',(0.,0.,1.));
#5731 = ORIENTED_EDGE('',*,*,#5029,.F.);
#5732 = PLANE('',#5733);
#5733 = AXIS2_PLACEMENT_3D('',#5734,#5735,#5736);
#5734 = CARTESIAN_POINT('',(12.875,7.,11.95));
#5735 = DIRECTION('',(0.,1.,0.));
#5736 = DIRECTION('',(0.,0.,1.));
#5737 = ADVANCED_FACE('',(#5738),#5756,.F.);
#5738 = FACE_BOUND('',#5739,.F.);
#5739 = EDGE_LOOP('',(#5740,#5741,#5749,#5755));
#5740 = ORIENTED_EDGE('',*,*,#5708,.F.);
#5741 = ORIENTED_EDGE('',*,*,#5742,.F.);
#5742 = EDGE_CURVE('',#5743,#5701,#5745,.T.);
#5743 = VERTEX_POINT('',#5744);
#5744 = CARTESIAN_POINT('',(140.3,172.,12.05));
#5745 = LINE('',#5746,#5747);
#5746 = CARTESIAN_POINT('',(137.8,172.,12.05));
#5747 = VECTOR('',#5748,1.);
#5748 = DIRECTION('',(1.,0.,0.));
#5749 = ORIENTED_EDGE('',*,*,#5750,.T.);
#5750 = EDGE_CURVE('',#5743,#5121,#5751,.T.);
#5751 = LINE('',#5752,#5753);
#5752 = CARTESIAN_POINT('',(140.3,172.,11.95));
#5753 = VECTOR('',#5754,1.);
#5754 = DIRECTION('',(0.,0.,1.));
#5755 = ORIENTED_EDGE('',*,*,#5128,.F.);
#5756 = PLANE('',#5757);
#5757 = AXIS2_PLACEMENT_3D('',#5758,#5759,#5760);
#5758 = CARTESIAN_POINT('',(140.3,172.,11.95));
#5759 = DIRECTION('',(0.,1.,0.));
#5760 = DIRECTION('',(0.,0.,1.));
#5761 = ADVANCED_FACE('',(#5762),#5781,.T.);
#5762 = FACE_BOUND('',#5763,.T.);
#5763 = EDGE_LOOP('',(#5764,#5765,#5766,#5774,#5780));
#5764 = ORIENTED_EDGE('',*,*,#5726,.F.);
#5765 = ORIENTED_EDGE('',*,*,#5311,.T.);
#5766 = ORIENTED_EDGE('',*,*,#5767,.T.);
#5767 = EDGE_CURVE('',#5312,#5768,#5770,.T.);
#5768 = VERTEX_POINT('',#5769);
#5769 = CARTESIAN_POINT('',(12.875,148.88897569783,12.05));
#5770 = LINE('',#5771,#5772);
#5771 = CARTESIAN_POINT('',(12.875,148.88897569783,11.95));
#5772 = VECTOR('',#5773,1.);
#5773 = DIRECTION('',(0.,0.,1.));
#5774 = ORIENTED_EDGE('',*,*,#5775,.T.);
#5775 = EDGE_CURVE('',#5768,#5038,#5776,.T.);
#5776 = LINE('',#5777,#5778);
#5777 = CARTESIAN_POINT('',(12.875,148.88897569783,11.95));
#5778 = VECTOR('',#5779,1.);
#5779 = DIRECTION('',(0.,0.,1.));
#5780 = ORIENTED_EDGE('',*,*,#5037,.F.);
#5781 = PLANE('',#5782);
#5782 = AXIS2_PLACEMENT_3D('',#5783,#5784,#5785);
#5783 = CARTESIAN_POINT('',(12.875,7.,11.95));
#5784 = DIRECTION('',(1.,0.,0.));
#5785 = DIRECTION('',(0.,0.,1.));
#5786 = ADVANCED_FACE('',(#5787),#5805,.T.);
#5787 = FACE_BOUND('',#5788,.T.);
#5788 = EDGE_LOOP('',(#5789,#5797,#5798,#5799));
#5789 = ORIENTED_EDGE('',*,*,#5790,.F.);
#5790 = EDGE_CURVE('',#5743,#5791,#5793,.T.);
#5791 = VERTEX_POINT('',#5792);
#5792 = CARTESIAN_POINT('',(140.3,154.33012701892,12.05));
#5793 = LINE('',#5794,#5795);
#5794 = CARTESIAN_POINT('',(140.3,150.,12.05));
#5795 = VECTOR('',#5796,1.);
#5796 = DIRECTION('',(0.,-1.,0.));
#5797 = ORIENTED_EDGE('',*,*,#5750,.T.);
#5798 = ORIENTED_EDGE('',*,*,#5120,.F.);
#5799 = ORIENTED_EDGE('',*,*,#5800,.F.);
#5800 = EDGE_CURVE('',#5791,#5112,#5801,.T.);
#5801 = LINE('',#5802,#5803);
#5802 = CARTESIAN_POINT('',(140.3,154.33012701892,11.95));
#5803 = VECTOR('',#5804,1.);
#5804 = DIRECTION('',(0.,0.,1.));
#5805 = PLANE('',#5806);
#5806 = AXIS2_PLACEMENT_3D('',#5807,#5808,#5809);
#5807 = CARTESIAN_POINT('',(140.3,150.,11.95));
#5808 = DIRECTION('',(1.,0.,0.));
#5809 = DIRECTION('',(0.,0.,1.));
#5810 = ADVANCED_FACE('',(#5811),#5839,.F.);
#5811 = FACE_BOUND('',#5812,.F.);
#5812 = EDGE_LOOP('',(#5813,#5814,#5822,#5831,#5838));
#5813 = ORIENTED_EDGE('',*,*,#5045,.F.);
#5814 = ORIENTED_EDGE('',*,*,#5815,.F.);
#5815 = EDGE_CURVE('',#5816,#5046,#5818,.T.);
#5816 = VERTEX_POINT('',#5817);
#5817 = CARTESIAN_POINT('',(5.5,154.33012701892,12.05));
#5818 = LINE('',#5819,#5820);
#5819 = CARTESIAN_POINT('',(5.5,154.33012701892,11.95));
#5820 = VECTOR('',#5821,1.);
#5821 = DIRECTION('',(0.,0.,1.));
#5822 = ORIENTED_EDGE('',*,*,#5823,.T.);
#5823 = EDGE_CURVE('',#5816,#5824,#5826,.T.);
#5824 = VERTEX_POINT('',#5825);
#5825 = CARTESIAN_POINT('',(3.,150.,12.05));
#5826 = CIRCLE('',#5827,5.);
#5827 = AXIS2_PLACEMENT_3D('',#5828,#5829,#5830);
#5828 = CARTESIAN_POINT('',(8.,150.,12.05));
#5829 = DIRECTION('',(0.,0.,1.));
#5830 = DIRECTION('',(1.,0.,0.));
#5831 = ORIENTED_EDGE('',*,*,#5832,.T.);
#5832 = EDGE_CURVE('',#5824,#5768,#5833,.T.);
#5833 = CIRCLE('',#5834,5.);
#5834 = AXIS2_PLACEMENT_3D('',#5835,#5836,#5837);
#5835 = CARTESIAN_POINT('',(8.,150.,12.05));
#5836 = DIRECTION('',(0.,0.,1.));
#5837 = DIRECTION('',(1.,0.,0.));
#5838 = ORIENTED_EDGE('',*,*,#5775,.T.);
#5839 = CYLINDRICAL_SURFACE('',#5840,5.);
#5840 = AXIS2_PLACEMENT_3D('',#5841,#5842,#5843);
#5841 = CARTESIAN_POINT('',(8.,150.,11.95));
#5842 = DIRECTION('',(0.,0.,1.));
#5843 = DIRECTION('',(1.,0.,0.));
#5844 = ADVANCED_FACE('',(#5845),#5864,.F.);
#5845 = FACE_BOUND('',#5846,.F.);
#5846 = EDGE_LOOP('',(#5847,#5848,#5849,#5858));
#5847 = ORIENTED_EDGE('',*,*,#5111,.F.);
#5848 = ORIENTED_EDGE('',*,*,#5800,.F.);
#5849 = ORIENTED_EDGE('',*,*,#5850,.T.);
#5850 = EDGE_CURVE('',#5791,#5851,#5853,.T.);
#5851 = VERTEX_POINT('',#5852);
#5852 = CARTESIAN_POINT('',(137.925,151.11102430216,12.05));
#5853 = CIRCLE('',#5854,5.);
#5854 = AXIS2_PLACEMENT_3D('',#5855,#5856,#5857);
#5855 = CARTESIAN_POINT('',(142.8,150.,12.05));
#5856 = DIRECTION('',(0.,0.,1.));
#5857 = DIRECTION('',(1.,0.,0.));
#5858 = ORIENTED_EDGE('',*,*,#5859,.T.);
#5859 = EDGE_CURVE('',#5851,#5104,#5860,.T.);
#5860 = LINE('',#5861,#5862);
#5861 = CARTESIAN_POINT('',(137.925,151.11102430216,11.95));
#5862 = VECTOR('',#5863,1.);
#5863 = DIRECTION('',(0.,0.,1.));
#5864 = CYLINDRICAL_SURFACE('',#5865,5.);
#5865 = AXIS2_PLACEMENT_3D('',#5866,#5867,#5868);
#5866 = CARTESIAN_POINT('',(142.8,150.,11.95));
#5867 = DIRECTION('',(0.,0.,1.));
#5868 = DIRECTION('',(1.,0.,0.));
#5869 = ADVANCED_FACE('',(#5870),#5888,.T.);
#5870 = FACE_BOUND('',#5871,.T.);
#5871 = EDGE_LOOP('',(#5872,#5880,#5886,#5887));
#5872 = ORIENTED_EDGE('',*,*,#5873,.F.);
#5873 = EDGE_CURVE('',#5874,#5816,#5876,.T.);
#5874 = VERTEX_POINT('',#5875);
#5875 = CARTESIAN_POINT('',(5.5,172.,12.05));
#5876 = LINE('',#5877,#5878);
#5877 = CARTESIAN_POINT('',(5.5,150.,12.05));
#5878 = VECTOR('',#5879,1.);
#5879 = DIRECTION('',(0.,-1.,0.));
#5880 = ORIENTED_EDGE('',*,*,#5881,.T.);
#5881 = EDGE_CURVE('',#5874,#5055,#5882,.T.);
#5882 = LINE('',#5883,#5884);
#5883 = CARTESIAN_POINT('',(5.5,172.,11.95));
#5884 = VECTOR('',#5885,1.);
#5885 = DIRECTION('',(0.,0.,1.));
#5886 = ORIENTED_EDGE('',*,*,#5054,.F.);
#5887 = ORIENTED_EDGE('',*,*,#5815,.F.);
#5888 = PLANE('',#5889);
#5889 = AXIS2_PLACEMENT_3D('',#5890,#5891,#5892);
#5890 = CARTESIAN_POINT('',(5.5,150.,11.95));
#5891 = DIRECTION('',(1.,0.,0.));
#5892 = DIRECTION('',(0.,0.,1.));
#5893 = ADVANCED_FACE('',(#5894),#5919,.F.);
#5894 = FACE_BOUND('',#5895,.F.);
#5895 = EDGE_LOOP('',(#5896,#5897,#5905,#5911,#5912,#5918));
#5896 = ORIENTED_EDGE('',*,*,#5859,.F.);
#5897 = ORIENTED_EDGE('',*,*,#5898,.F.);
#5898 = EDGE_CURVE('',#5899,#5851,#5901,.T.);
#5899 = VERTEX_POINT('',#5900);
#5900 = CARTESIAN_POINT('',(137.925,172.,12.05));
#5901 = LINE('',#5902,#5903);
#5902 = CARTESIAN_POINT('',(137.925,78.5,12.05));
#5903 = VECTOR('',#5904,1.);
#5904 = DIRECTION('',(0.,-1.,0.));
#5905 = ORIENTED_EDGE('',*,*,#5906,.F.);
#5906 = EDGE_CURVE('',#5377,#5899,#5907,.T.);
#5907 = LINE('',#5908,#5909);
#5908 = CARTESIAN_POINT('',(137.925,172.,10.45));
#5909 = VECTOR('',#5910,1.);
#5910 = DIRECTION('',(0.,0.,1.));
#5911 = ORIENTED_EDGE('',*,*,#5376,.T.);
#5912 = ORIENTED_EDGE('',*,*,#5913,.T.);
#5913 = EDGE_CURVE('',#5369,#5096,#5914,.T.);
#5914 = LINE('',#5915,#5916);
#5915 = CARTESIAN_POINT('',(137.925,185.2,11.95));
#5916 = VECTOR('',#5917,1.);
#5917 = DIRECTION('',(0.,0.,1.));
#5918 = ORIENTED_EDGE('',*,*,#5103,.F.);
#5919 = PLANE('',#5920);
#5920 = AXIS2_PLACEMENT_3D('',#5921,#5922,#5923);
#5921 = CARTESIAN_POINT('',(137.925,7.,11.95));
#5922 = DIRECTION('',(1.,0.,0.));
#5923 = DIRECTION('',(0.,0.,1.));
#5924 = ADVANCED_FACE('',(#5925),#5943,.F.);
#5925 = FACE_BOUND('',#5926,.F.);
#5926 = EDGE_LOOP('',(#5927,#5935,#5941,#5942));
#5927 = ORIENTED_EDGE('',*,*,#5928,.F.);
#5928 = EDGE_CURVE('',#5929,#5063,#5931,.T.);
#5929 = VERTEX_POINT('',#5930);
#5930 = CARTESIAN_POINT('',(10.5,172.,12.05));
#5931 = LINE('',#5932,#5933);
#5932 = CARTESIAN_POINT('',(10.5,172.,11.95));
#5933 = VECTOR('',#5934,1.);
#5934 = DIRECTION('',(0.,0.,1.));
#5935 = ORIENTED_EDGE('',*,*,#5936,.F.);
#5936 = EDGE_CURVE('',#5874,#5929,#5937,.T.);
#5937 = LINE('',#5938,#5939);
#5938 = CARTESIAN_POINT('',(3.,172.,12.05));
#5939 = VECTOR('',#5940,1.);
#5940 = DIRECTION('',(1.,0.,0.));
#5941 = ORIENTED_EDGE('',*,*,#5881,.T.);
#5942 = ORIENTED_EDGE('',*,*,#5062,.F.);
#5943 = PLANE('',#5944);
#5944 = AXIS2_PLACEMENT_3D('',#5945,#5946,#5947);
#5945 = CARTESIAN_POINT('',(5.5,172.,11.95));
#5946 = DIRECTION('',(0.,1.,0.));
#5947 = DIRECTION('',(0.,0.,1.));
#5948 = ADVANCED_FACE('',(#5949),#5960,.F.);
#5949 = FACE_BOUND('',#5950,.F.);
#5950 = EDGE_LOOP('',(#5951,#5952,#5953,#5959));
#5951 = ORIENTED_EDGE('',*,*,#5913,.F.);
#5952 = ORIENTED_EDGE('',*,*,#5368,.T.);
#5953 = ORIENTED_EDGE('',*,*,#5954,.T.);
#5954 = EDGE_CURVE('',#5361,#5088,#5955,.T.);
#5955 = LINE('',#5956,#5957);
#5956 = CARTESIAN_POINT('',(12.875,185.2,11.95));
#5957 = VECTOR('',#5958,1.);
#5958 = DIRECTION('',(0.,0.,1.));
#5959 = ORIENTED_EDGE('',*,*,#5095,.F.);
#5960 = PLANE('',#5961);
#5961 = AXIS2_PLACEMENT_3D('',#5962,#5963,#5964);
#5962 = CARTESIAN_POINT('',(12.875,185.2,11.95));
#5963 = DIRECTION('',(0.,1.,0.));
#5964 = DIRECTION('',(0.,0.,1.));
#5965 = ADVANCED_FACE('',(#5966),#5984,.F.);
#5966 = FACE_BOUND('',#5967,.F.);
#5967 = EDGE_LOOP('',(#5968,#5976,#5977,#5978));
#5968 = ORIENTED_EDGE('',*,*,#5969,.F.);
#5969 = EDGE_CURVE('',#5929,#5970,#5972,.T.);
#5970 = VERTEX_POINT('',#5971);
#5971 = CARTESIAN_POINT('',(10.5,154.33012701892,12.05));
#5972 = LINE('',#5973,#5974);
#5973 = CARTESIAN_POINT('',(10.5,150.,12.05));
#5974 = VECTOR('',#5975,1.);
#5975 = DIRECTION('',(0.,-1.,0.));
#5976 = ORIENTED_EDGE('',*,*,#5928,.T.);
#5977 = ORIENTED_EDGE('',*,*,#5070,.F.);
#5978 = ORIENTED_EDGE('',*,*,#5979,.F.);
#5979 = EDGE_CURVE('',#5970,#5071,#5980,.T.);
#5980 = LINE('',#5981,#5982);
#5981 = CARTESIAN_POINT('',(10.5,154.33012701892,11.95));
#5982 = VECTOR('',#5983,1.);
#5983 = DIRECTION('',(0.,0.,1.));
#5984 = PLANE('',#5985);
#5985 = AXIS2_PLACEMENT_3D('',#5986,#5987,#5988);
#5986 = CARTESIAN_POINT('',(10.5,150.,11.95));
#5987 = DIRECTION('',(1.,0.,0.));
#5988 = DIRECTION('',(0.,0.,1.));
#5989 = ADVANCED_FACE('',(#5990),#6017,.T.);
#5990 = FACE_BOUND('',#5991,.T.);
#5991 = EDGE_LOOP('',(#5992,#6000,#6008,#6014,#6015,#6016));
#5992 = ORIENTED_EDGE('',*,*,#5993,.F.);
#5993 = EDGE_CURVE('',#5994,#5079,#5996,.T.);
#5994 = VERTEX_POINT('',#5995);
#5995 = CARTESIAN_POINT('',(12.875,151.11102430216,12.05));
#5996 = LINE('',#5997,#5998);
#5997 = CARTESIAN_POINT('',(12.875,151.11102430216,11.95));
#5998 = VECTOR('',#5999,1.);
#5999 = DIRECTION('',(0.,0.,1.));
#6000 = ORIENTED_EDGE('',*,*,#6001,.F.);
#6001 = EDGE_CURVE('',#6002,#5994,#6004,.T.);
#6002 = VERTEX_POINT('',#6003);
#6003 = CARTESIAN_POINT('',(12.875,172.,12.05));
#6004 = LINE('',#6005,#6006);
#6005 = CARTESIAN_POINT('',(12.875,78.5,12.05));
#6006 = VECTOR('',#6007,1.);
#6007 = DIRECTION('',(0.,-1.,0.));
#6008 = ORIENTED_EDGE('',*,*,#6009,.F.);
#6009 = EDGE_CURVE('',#5353,#6002,#6010,.T.);
#6010 = LINE('',#6011,#6012);
#6011 = CARTESIAN_POINT('',(12.875,172.,10.45));
#6012 = VECTOR('',#6013,1.);
#6013 = DIRECTION('',(0.,0.,1.));
#6014 = ORIENTED_EDGE('',*,*,#5360,.T.);
#6015 = ORIENTED_EDGE('',*,*,#5954,.T.);
#6016 = ORIENTED_EDGE('',*,*,#5087,.F.);
#6017 = PLANE('',#6018);
#6018 = AXIS2_PLACEMENT_3D('',#6019,#6020,#6021);
#6019 = CARTESIAN_POINT('',(12.875,7.,11.95));
#6020 = DIRECTION('',(1.,0.,0.));
#6021 = DIRECTION('',(0.,0.,1.));
#6022 = ADVANCED_FACE('',(#6023),#6035,.F.);
#6023 = FACE_BOUND('',#6024,.F.);
#6024 = EDGE_LOOP('',(#6025,#6026,#6027,#6034));
#6025 = ORIENTED_EDGE('',*,*,#5078,.F.);
#6026 = ORIENTED_EDGE('',*,*,#5993,.F.);
#6027 = ORIENTED_EDGE('',*,*,#6028,.T.);
#6028 = EDGE_CURVE('',#5994,#5970,#6029,.T.);
#6029 = CIRCLE('',#6030,5.);
#6030 = AXIS2_PLACEMENT_3D('',#6031,#6032,#6033);
#6031 = CARTESIAN_POINT('',(8.,150.,12.05));
#6032 = DIRECTION('',(0.,0.,1.));
#6033 = DIRECTION('',(1.,0.,0.));
#6034 = ORIENTED_EDGE('',*,*,#5979,.T.);
#6035 = CYLINDRICAL_SURFACE('',#6036,5.);
#6036 = AXIS2_PLACEMENT_3D('',#6037,#6038,#6039);
#6037 = CARTESIAN_POINT('',(8.,150.,11.95));
#6038 = DIRECTION('',(0.,0.,1.));
#6039 = DIRECTION('',(1.,0.,0.));
#6040 = ADVANCED_FACE('',(#6041),#6052,.F.);
#6041 = FACE_BOUND('',#6042,.F.);
#6042 = EDGE_LOOP('',(#6043,#6044,#6050,#6051));
#6043 = ORIENTED_EDGE('',*,*,#5416,.T.);
#6044 = ORIENTED_EDGE('',*,*,#6045,.T.);
#6045 = EDGE_CURVE('',#5409,#5617,#6046,.T.);
#6046 = LINE('',#6047,#6048);
#6047 = CARTESIAN_POINT('',(147.8,150.,11.95));
#6048 = VECTOR('',#6049,1.);
#6049 = DIRECTION('',(0.,0.,1.));
#6050 = ORIENTED_EDGE('',*,*,#5616,.F.);
#6051 = ORIENTED_EDGE('',*,*,#5593,.F.);
#6052 = CYLINDRICAL_SURFACE('',#6053,5.);
#6053 = AXIS2_PLACEMENT_3D('',#6054,#6055,#6056);
#6054 = CARTESIAN_POINT('',(142.8,150.,11.95));
#6055 = DIRECTION('',(0.,0.,1.));
#6056 = DIRECTION('',(1.,0.,0.));
#6057 = ADVANCED_FACE('',(#6058),#6076,.F.);
#6058 = FACE_BOUND('',#6059,.F.);
#6059 = EDGE_LOOP('',(#6060,#6061,#6062,#6070));
#6060 = ORIENTED_EDGE('',*,*,#6045,.F.);
#6061 = ORIENTED_EDGE('',*,*,#5408,.T.);
#6062 = ORIENTED_EDGE('',*,*,#6063,.T.);
#6063 = EDGE_CURVE('',#5401,#6064,#6066,.T.);
#6064 = VERTEX_POINT('',#6065);
#6065 = CARTESIAN_POINT('',(147.8,172.,12.05));
#6066 = LINE('',#6067,#6068);
#6067 = CARTESIAN_POINT('',(147.8,172.,8.95));
#6068 = VECTOR('',#6069,1.);
#6069 = DIRECTION('',(0.,0.,1.));
#6070 = ORIENTED_EDGE('',*,*,#6071,.F.);
#6071 = EDGE_CURVE('',#5617,#6064,#6072,.T.);
#6072 = LINE('',#6073,#6074);
#6073 = CARTESIAN_POINT('',(147.8,150.,12.05));
#6074 = VECTOR('',#6075,1.);
#6075 = DIRECTION('',(0.,1.,0.));
#6076 = PLANE('',#6077);
#6077 = AXIS2_PLACEMENT_3D('',#6078,#6079,#6080);
#6078 = CARTESIAN_POINT('',(147.8,150.,8.95));
#6079 = DIRECTION('',(1.,0.,0.));
#6080 = DIRECTION('',(0.,0.,1.));
#6081 = ADVANCED_FACE('',(#6082),#6098,.F.);
#6082 = FACE_BOUND('',#6083,.F.);
#6083 = EDGE_LOOP('',(#6084,#6085,#6086,#6092));
#6084 = ORIENTED_EDGE('',*,*,#6063,.F.);
#6085 = ORIENTED_EDGE('',*,*,#5400,.T.);
#6086 = ORIENTED_EDGE('',*,*,#6087,.T.);
#6087 = EDGE_CURVE('',#5393,#5701,#6088,.T.);
#6088 = LINE('',#6089,#6090);
#6089 = CARTESIAN_POINT('',(145.3,172.,11.95));
#6090 = VECTOR('',#6091,1.);
#6091 = DIRECTION('',(0.,0.,1.));
#6092 = ORIENTED_EDGE('',*,*,#6093,.T.);
#6093 = EDGE_CURVE('',#5701,#6064,#6094,.T.);
#6094 = LINE('',#6095,#6096);
#6095 = CARTESIAN_POINT('',(137.8,172.,12.05));
#6096 = VECTOR('',#6097,1.);
#6097 = DIRECTION('',(1.,0.,0.));
#6098 = PLANE('',#6099);
#6099 = AXIS2_PLACEMENT_3D('',#6100,#6101,#6102);
#6100 = CARTESIAN_POINT('',(137.8,172.,8.95));
#6101 = DIRECTION('',(0.,1.,0.));
#6102 = DIRECTION('',(0.,0.,1.));
#6103 = ADVANCED_FACE('',(#6104),#6115,.F.);
#6104 = FACE_BOUND('',#6105,.F.);
#6105 = EDGE_LOOP('',(#6106,#6107,#6108,#6114));
#6106 = ORIENTED_EDGE('',*,*,#6087,.F.);
#6107 = ORIENTED_EDGE('',*,*,#5392,.T.);
#6108 = ORIENTED_EDGE('',*,*,#6109,.T.);
#6109 = EDGE_CURVE('',#5385,#5743,#6110,.T.);
#6110 = LINE('',#6111,#6112);
#6111 = CARTESIAN_POINT('',(140.3,172.,11.95));
#6112 = VECTOR('',#6113,1.);
#6113 = DIRECTION('',(0.,0.,1.));
#6114 = ORIENTED_EDGE('',*,*,#5742,.T.);
#6115 = PLANE('',#6116);
#6116 = AXIS2_PLACEMENT_3D('',#6117,#6118,#6119);
#6117 = CARTESIAN_POINT('',(140.3,172.,11.95));
#6118 = DIRECTION('',(0.,1.,0.));
#6119 = DIRECTION('',(0.,0.,1.));
#6120 = ADVANCED_FACE('',(#6121),#6132,.F.);
#6121 = FACE_BOUND('',#6122,.F.);
#6122 = EDGE_LOOP('',(#6123,#6124,#6130,#6131));
#6123 = ORIENTED_EDGE('',*,*,#5906,.T.);
#6124 = ORIENTED_EDGE('',*,*,#6125,.T.);
#6125 = EDGE_CURVE('',#5899,#5743,#6126,.T.);
#6126 = LINE('',#6127,#6128);
#6127 = CARTESIAN_POINT('',(137.8,172.,12.05));
#6128 = VECTOR('',#6129,1.);
#6129 = DIRECTION('',(1.,0.,0.));
#6130 = ORIENTED_EDGE('',*,*,#6109,.F.);
#6131 = ORIENTED_EDGE('',*,*,#5384,.T.);
#6132 = PLANE('',#6133);
#6133 = AXIS2_PLACEMENT_3D('',#6134,#6135,#6136);
#6134 = CARTESIAN_POINT('',(137.8,172.,8.95));
#6135 = DIRECTION('',(0.,1.,0.));
#6136 = DIRECTION('',(0.,0.,1.));
#6137 = ADVANCED_FACE('',(#6138),#6149,.F.);
#6138 = FACE_BOUND('',#6139,.F.);
#6139 = EDGE_LOOP('',(#6140,#6141,#6147,#6148));
#6140 = ORIENTED_EDGE('',*,*,#5832,.F.);
#6141 = ORIENTED_EDGE('',*,*,#6142,.F.);
#6142 = EDGE_CURVE('',#5320,#5824,#6143,.T.);
#6143 = LINE('',#6144,#6145);
#6144 = CARTESIAN_POINT('',(3.,150.,8.95));
#6145 = VECTOR('',#6146,1.);
#6146 = DIRECTION('',(0.,0.,1.));
#6147 = ORIENTED_EDGE('',*,*,#5319,.T.);
#6148 = ORIENTED_EDGE('',*,*,#5767,.T.);
#6149 = CYLINDRICAL_SURFACE('',#6150,5.);
#6150 = AXIS2_PLACEMENT_3D('',#6151,#6152,#6153);
#6151 = CARTESIAN_POINT('',(8.,150.,11.95));
#6152 = DIRECTION('',(0.,0.,1.));
#6153 = DIRECTION('',(1.,0.,0.));
#6154 = ADVANCED_FACE('',(#6155),#6173,.T.);
#6155 = FACE_BOUND('',#6156,.T.);
#6156 = EDGE_LOOP('',(#6157,#6158,#6159,#6167));
#6157 = ORIENTED_EDGE('',*,*,#6142,.F.);
#6158 = ORIENTED_EDGE('',*,*,#5328,.T.);
#6159 = ORIENTED_EDGE('',*,*,#6160,.T.);
#6160 = EDGE_CURVE('',#5329,#6161,#6163,.T.);
#6161 = VERTEX_POINT('',#6162);
#6162 = CARTESIAN_POINT('',(3.,172.,12.05));
#6163 = LINE('',#6164,#6165);
#6164 = CARTESIAN_POINT('',(3.,172.,8.95));
#6165 = VECTOR('',#6166,1.);
#6166 = DIRECTION('',(0.,0.,1.));
#6167 = ORIENTED_EDGE('',*,*,#6168,.F.);
#6168 = EDGE_CURVE('',#5824,#6161,#6169,.T.);
#6169 = LINE('',#6170,#6171);
#6170 = CARTESIAN_POINT('',(3.,150.,12.05));
#6171 = VECTOR('',#6172,1.);
#6172 = DIRECTION('',(0.,1.,0.));
#6173 = PLANE('',#6174);
#6174 = AXIS2_PLACEMENT_3D('',#6175,#6176,#6177);
#6175 = CARTESIAN_POINT('',(3.,150.,8.95));
#6176 = DIRECTION('',(1.,0.,0.));
#6177 = DIRECTION('',(0.,0.,1.));
#6178 = ADVANCED_FACE('',(#6179),#6195,.F.);
#6179 = FACE_BOUND('',#6180,.F.);
#6180 = EDGE_LOOP('',(#6181,#6182,#6183,#6189));
#6181 = ORIENTED_EDGE('',*,*,#5336,.T.);
#6182 = ORIENTED_EDGE('',*,*,#6160,.T.);
#6183 = ORIENTED_EDGE('',*,*,#6184,.T.);
#6184 = EDGE_CURVE('',#6161,#5874,#6185,.T.);
#6185 = LINE('',#6186,#6187);
#6186 = CARTESIAN_POINT('',(3.,172.,12.05));
#6187 = VECTOR('',#6188,1.);
#6188 = DIRECTION('',(1.,0.,0.));
#6189 = ORIENTED_EDGE('',*,*,#6190,.F.);
#6190 = EDGE_CURVE('',#5337,#5874,#6191,.T.);
#6191 = LINE('',#6192,#6193);
#6192 = CARTESIAN_POINT('',(5.5,172.,11.95));
#6193 = VECTOR('',#6194,1.);
#6194 = DIRECTION('',(0.,0.,1.));
#6195 = PLANE('',#6196);
#6196 = AXIS2_PLACEMENT_3D('',#6197,#6198,#6199);
#6197 = CARTESIAN_POINT('',(3.,172.,8.95));
#6198 = DIRECTION('',(0.,1.,0.));
#6199 = DIRECTION('',(0.,0.,1.));
#6200 = ADVANCED_FACE('',(#6201),#6212,.F.);
#6201 = FACE_BOUND('',#6202,.F.);
#6202 = EDGE_LOOP('',(#6203,#6209,#6210,#6211));
#6203 = ORIENTED_EDGE('',*,*,#6204,.F.);
#6204 = EDGE_CURVE('',#5345,#5929,#6205,.T.);
#6205 = LINE('',#6206,#6207);
#6206 = CARTESIAN_POINT('',(10.5,172.,11.95));
#6207 = VECTOR('',#6208,1.);
#6208 = DIRECTION('',(0.,0.,1.));
#6209 = ORIENTED_EDGE('',*,*,#5344,.T.);
#6210 = ORIENTED_EDGE('',*,*,#6190,.T.);
#6211 = ORIENTED_EDGE('',*,*,#5936,.T.);
#6212 = PLANE('',#6213);
#6213 = AXIS2_PLACEMENT_3D('',#6214,#6215,#6216);
#6214 = CARTESIAN_POINT('',(5.5,172.,11.95));
#6215 = DIRECTION('',(0.,1.,0.));
#6216 = DIRECTION('',(0.,0.,1.));
#6217 = ADVANCED_FACE('',(#6218),#6229,.F.);
#6218 = FACE_BOUND('',#6219,.F.);
#6219 = EDGE_LOOP('',(#6220,#6226,#6227,#6228));
#6220 = ORIENTED_EDGE('',*,*,#6221,.T.);
#6221 = EDGE_CURVE('',#5929,#6002,#6222,.T.);
#6222 = LINE('',#6223,#6224);
#6223 = CARTESIAN_POINT('',(3.,172.,12.05));
#6224 = VECTOR('',#6225,1.);
#6225 = DIRECTION('',(1.,0.,0.));
#6226 = ORIENTED_EDGE('',*,*,#6009,.F.);
#6227 = ORIENTED_EDGE('',*,*,#5352,.T.);
#6228 = ORIENTED_EDGE('',*,*,#6204,.T.);
#6229 = PLANE('',#6230);
#6230 = AXIS2_PLACEMENT_3D('',#6231,#6232,#6233);
#6231 = CARTESIAN_POINT('',(3.,172.,8.95));
#6232 = DIRECTION('',(0.,1.,0.));
#6233 = DIRECTION('',(0.,0.,1.));
#6234 = ADVANCED_FACE('',(#6235),#6241,.F.);
#6235 = FACE_BOUND('',#6236,.F.);
#6236 = EDGE_LOOP('',(#6237,#6238,#6239,#6240));
#6237 = ORIENTED_EDGE('',*,*,#5660,.F.);
#6238 = ORIENTED_EDGE('',*,*,#6071,.T.);
#6239 = ORIENTED_EDGE('',*,*,#6093,.F.);
#6240 = ORIENTED_EDGE('',*,*,#5700,.T.);
#6241 = PLANE('',#6242);
#6242 = AXIS2_PLACEMENT_3D('',#6243,#6244,#6245);
#6243 = CARTESIAN_POINT('',(137.8,150.,12.05));
#6244 = DIRECTION('',(0.,0.,1.));
#6245 = DIRECTION('',(1.,0.,0.));
#6246 = ADVANCED_FACE('',(#6247),#6253,.F.);
#6247 = FACE_BOUND('',#6248,.F.);
#6248 = EDGE_LOOP('',(#6249,#6250,#6251,#6252));
#6249 = ORIENTED_EDGE('',*,*,#6125,.F.);
#6250 = ORIENTED_EDGE('',*,*,#5898,.T.);
#6251 = ORIENTED_EDGE('',*,*,#5850,.F.);
#6252 = ORIENTED_EDGE('',*,*,#5790,.F.);
#6253 = PLANE('',#6254);
#6254 = AXIS2_PLACEMENT_3D('',#6255,#6256,#6257);
#6255 = CARTESIAN_POINT('',(137.8,150.,12.05));
#6256 = DIRECTION('',(0.,0.,1.));
#6257 = DIRECTION('',(1.,0.,0.));
#6258 = ADVANCED_FACE('',(#6259),#6265,.F.);
#6259 = FACE_BOUND('',#6260,.F.);
#6260 = EDGE_LOOP('',(#6261,#6262,#6263,#6264));
#6261 = ORIENTED_EDGE('',*,*,#6168,.F.);
#6262 = ORIENTED_EDGE('',*,*,#5823,.F.);
#6263 = ORIENTED_EDGE('',*,*,#5873,.F.);
#6264 = ORIENTED_EDGE('',*,*,#6184,.F.);
#6265 = PLANE('',#6266);
#6266 = AXIS2_PLACEMENT_3D('',#6267,#6268,#6269);
#6267 = CARTESIAN_POINT('',(3.,150.,12.05));
#6268 = DIRECTION('',(0.,0.,1.));
#6269 = DIRECTION('',(1.,0.,0.));
#6270 = ADVANCED_FACE('',(#6271),#6277,.F.);
#6271 = FACE_BOUND('',#6272,.F.);
#6272 = EDGE_LOOP('',(#6273,#6274,#6275,#6276));
#6273 = ORIENTED_EDGE('',*,*,#6221,.F.);
#6274 = ORIENTED_EDGE('',*,*,#5969,.T.);
#6275 = ORIENTED_EDGE('',*,*,#6028,.F.);
#6276 = ORIENTED_EDGE('',*,*,#6001,.F.);
#6277 = PLANE('',#6278);
#6278 = AXIS2_PLACEMENT_3D('',#6279,#6280,#6281);
#6279 = CARTESIAN_POINT('',(3.,150.,12.05));
#6280 = DIRECTION('',(0.,0.,1.));
#6281 = DIRECTION('',(1.,0.,0.));
#6282 = MANIFOLD_SOLID_BREP('',#6283);
#6283 = CLOSED_SHELL('',(#6284,#6324,#6355,#6434,#6458,#6530,#6542,#6559
    ,#6576,#6593,#6610));
#6284 = ADVANCED_FACE('',(#6285),#6319,.F.);
#6285 = FACE_BOUND('',#6286,.F.);
#6286 = EDGE_LOOP('',(#6287,#6297,#6305,#6313));
#6287 = ORIENTED_EDGE('',*,*,#6288,.F.);
#6288 = EDGE_CURVE('',#6289,#6291,#6293,.T.);
#6289 = VERTEX_POINT('',#6290);
#6290 = CARTESIAN_POINT('',(13.075,7.2,12.));
#6291 = VERTEX_POINT('',#6292);
#6292 = CARTESIAN_POINT('',(13.075,7.2,15.));
#6293 = LINE('',#6294,#6295);
#6294 = CARTESIAN_POINT('',(13.075,7.2,12.));
#6295 = VECTOR('',#6296,1.);
#6296 = DIRECTION('',(0.,0.,1.));
#6297 = ORIENTED_EDGE('',*,*,#6298,.T.);
#6298 = EDGE_CURVE('',#6289,#6299,#6301,.T.);
#6299 = VERTEX_POINT('',#6300);
#6300 = CARTESIAN_POINT('',(13.075,185.,12.));
#6301 = LINE('',#6302,#6303);
#6302 = CARTESIAN_POINT('',(13.075,7.2,12.));
#6303 = VECTOR('',#6304,1.);
#6304 = DIRECTION('',(0.,1.,0.));
#6305 = ORIENTED_EDGE('',*,*,#6306,.T.);
#6306 = EDGE_CURVE('',#6299,#6307,#6309,.T.);
#6307 = VERTEX_POINT('',#6308);
#6308 = CARTESIAN_POINT('',(13.075,185.,15.));
#6309 = LINE('',#6310,#6311);
#6310 = CARTESIAN_POINT('',(13.075,185.,12.));
#6311 = VECTOR('',#6312,1.);
#6312 = DIRECTION('',(0.,0.,1.));
#6313 = ORIENTED_EDGE('',*,*,#6314,.F.);
#6314 = EDGE_CURVE('',#6291,#6307,#6315,.T.);
#6315 = LINE('',#6316,#6317);
#6316 = CARTESIAN_POINT('',(13.075,7.2,15.));
#6317 = VECTOR('',#6318,1.);
#6318 = DIRECTION('',(0.,1.,0.));
#6319 = PLANE('',#6320);
#6320 = AXIS2_PLACEMENT_3D('',#6321,#6322,#6323);
#6321 = CARTESIAN_POINT('',(13.075,7.2,12.));
#6322 = DIRECTION('',(1.,0.,0.));
#6323 = DIRECTION('',(0.,0.,1.));
#6324 = ADVANCED_FACE('',(#6325),#6350,.F.);
#6325 = FACE_BOUND('',#6326,.F.);
#6326 = EDGE_LOOP('',(#6327,#6335,#6336,#6344));
#6327 = ORIENTED_EDGE('',*,*,#6328,.F.);
#6328 = EDGE_CURVE('',#6289,#6329,#6331,.T.);
#6329 = VERTEX_POINT('',#6330);
#6330 = CARTESIAN_POINT('',(137.725,7.2,12.));
#6331 = LINE('',#6332,#6333);
#6332 = CARTESIAN_POINT('',(13.075,7.2,12.));
#6333 = VECTOR('',#6334,1.);
#6334 = DIRECTION('',(1.,0.,0.));
#6335 = ORIENTED_EDGE('',*,*,#6288,.T.);
#6336 = ORIENTED_EDGE('',*,*,#6337,.T.);
#6337 = EDGE_CURVE('',#6291,#6338,#6340,.T.);
#6338 = VERTEX_POINT('',#6339);
#6339 = CARTESIAN_POINT('',(137.725,7.2,15.));
#6340 = LINE('',#6341,#6342);
#6341 = CARTESIAN_POINT('',(13.075,7.2,15.));
#6342 = VECTOR('',#6343,1.);
#6343 = DIRECTION('',(1.,0.,0.));
#6344 = ORIENTED_EDGE('',*,*,#6345,.F.);
#6345 = EDGE_CURVE('',#6329,#6338,#6346,.T.);
#6346 = LINE('',#6347,#6348);
#6347 = CARTESIAN_POINT('',(137.725,7.2,12.));
#6348 = VECTOR('',#6349,1.);
#6349 = DIRECTION('',(0.,0.,1.));
#6350 = PLANE('',#6351);
#6351 = AXIS2_PLACEMENT_3D('',#6352,#6353,#6354);
#6352 = CARTESIAN_POINT('',(13.075,7.2,12.));
#6353 = DIRECTION('',(0.,1.,0.));
#6354 = DIRECTION('',(0.,0.,1.));
#6355 = ADVANCED_FACE('',(#6356,#6374,#6385,#6396,#6407,#6418),#6429,.T.
  );
#6356 = FACE_BOUND('',#6357,.T.);
#6357 = EDGE_LOOP('',(#6358,#6359,#6360,#6368));
#6358 = ORIENTED_EDGE('',*,*,#6314,.F.);
#6359 = ORIENTED_EDGE('',*,*,#6337,.T.);
#6360 = ORIENTED_EDGE('',*,*,#6361,.T.);
#6361 = EDGE_CURVE('',#6338,#6362,#6364,.T.);
#6362 = VERTEX_POINT('',#6363);
#6363 = CARTESIAN_POINT('',(137.725,185.,15.));
#6364 = LINE('',#6365,#6366);
#6365 = CARTESIAN_POINT('',(137.725,7.2,15.));
#6366 = VECTOR('',#6367,1.);
#6367 = DIRECTION('',(0.,1.,0.));
#6368 = ORIENTED_EDGE('',*,*,#6369,.F.);
#6369 = EDGE_CURVE('',#6307,#6362,#6370,.T.);
#6370 = LINE('',#6371,#6372);
#6371 = CARTESIAN_POINT('',(13.075,185.,15.));
#6372 = VECTOR('',#6373,1.);
#6373 = DIRECTION('',(1.,0.,0.));
#6374 = FACE_BOUND('',#6375,.T.);
#6375 = EDGE_LOOP('',(#6376));
#6376 = ORIENTED_EDGE('',*,*,#6377,.F.);
#6377 = EDGE_CURVE('',#6378,#6378,#6380,.T.);
#6378 = VERTEX_POINT('',#6379);
#6379 = CARTESIAN_POINT('',(41.7,9.5,15.));
#6380 = CIRCLE('',#6381,1.7);
#6381 = AXIS2_PLACEMENT_3D('',#6382,#6383,#6384);
#6382 = CARTESIAN_POINT('',(40.,9.5,15.));
#6383 = DIRECTION('',(0.,0.,1.));
#6384 = DIRECTION('',(1.,0.,0.));
#6385 = FACE_BOUND('',#6386,.T.);
#6386 = EDGE_LOOP('',(#6387));
#6387 = ORIENTED_EDGE('',*,*,#6388,.F.);
#6388 = EDGE_CURVE('',#6389,#6389,#6391,.T.);
#6389 = VERTEX_POINT('',#6390);
#6390 = CARTESIAN_POINT('',(112.5,9.5,15.));
#6391 = CIRCLE('',#6392,1.7);
#6392 = AXIS2_PLACEMENT_3D('',#6393,#6394,#6395);
#6393 = CARTESIAN_POINT('',(110.8,9.5,15.));
#6394 = DIRECTION('',(0.,0.,1.));
#6395 = DIRECTION('',(1.,0.,0.));
#6396 = FACE_BOUND('',#6397,.T.);
#6397 = EDGE_LOOP('',(#6398));
#6398 = ORIENTED_EDGE('',*,*,#6399,.F.);
#6399 = EDGE_CURVE('',#6400,#6400,#6402,.T.);
#6400 = VERTEX_POINT('',#6401);
#6401 = CARTESIAN_POINT('',(41.7,182.7,15.));
#6402 = CIRCLE('',#6403,1.7);
#6403 = AXIS2_PLACEMENT_3D('',#6404,#6405,#6406);
#6404 = CARTESIAN_POINT('',(40.,182.7,15.));
#6405 = DIRECTION('',(0.,0.,1.));
#6406 = DIRECTION('',(1.,0.,0.));
#6407 = FACE_BOUND('',#6408,.T.);
#6408 = EDGE_LOOP('',(#6409));
#6409 = ORIENTED_EDGE('',*,*,#6410,.F.);
#6410 = EDGE_CURVE('',#6411,#6411,#6413,.T.);
#6411 = VERTEX_POINT('',#6412);
#6412 = CARTESIAN_POINT('',(77.1,182.7,15.));
#6413 = CIRCLE('',#6414,1.7);
#6414 = AXIS2_PLACEMENT_3D('',#6415,#6416,#6417);
#6415 = CARTESIAN_POINT('',(75.4,182.7,15.));
#6416 = DIRECTION('',(0.,0.,1.));
#6417 = DIRECTION('',(1.,0.,0.));
#6418 = FACE_BOUND('',#6419,.T.);
#6419 = EDGE_LOOP('',(#6420));
#6420 = ORIENTED_EDGE('',*,*,#6421,.F.);
#6421 = EDGE_CURVE('',#6422,#6422,#6424,.T.);
#6422 = VERTEX_POINT('',#6423);
#6423 = CARTESIAN_POINT('',(112.5,182.7,15.));
#6424 = CIRCLE('',#6425,1.7);
#6425 = AXIS2_PLACEMENT_3D('',#6426,#6427,#6428);
#6426 = CARTESIAN_POINT('',(110.8,182.7,15.));
#6427 = DIRECTION('',(0.,0.,1.));
#6428 = DIRECTION('',(1.,0.,0.));
#6429 = PLANE('',#6430);
#6430 = AXIS2_PLACEMENT_3D('',#6431,#6432,#6433);
#6431 = CARTESIAN_POINT('',(13.075,7.2,15.));
#6432 = DIRECTION('',(0.,0.,1.));
#6433 = DIRECTION('',(1.,0.,0.));
#6434 = ADVANCED_FACE('',(#6435),#6453,.T.);
#6435 = FACE_BOUND('',#6436,.T.);
#6436 = EDGE_LOOP('',(#6437,#6445,#6446,#6447));
#6437 = ORIENTED_EDGE('',*,*,#6438,.F.);
#6438 = EDGE_CURVE('',#6299,#6439,#6441,.T.);
#6439 = VERTEX_POINT('',#6440);
#6440 = CARTESIAN_POINT('',(137.725,185.,12.));
#6441 = LINE('',#6442,#6443);
#6442 = CARTESIAN_POINT('',(13.075,185.,12.));
#6443 = VECTOR('',#6444,1.);
#6444 = DIRECTION('',(1.,0.,0.));
#6445 = ORIENTED_EDGE('',*,*,#6306,.T.);
#6446 = ORIENTED_EDGE('',*,*,#6369,.T.);
#6447 = ORIENTED_EDGE('',*,*,#6448,.F.);
#6448 = EDGE_CURVE('',#6439,#6362,#6449,.T.);
#6449 = LINE('',#6450,#6451);
#6450 = CARTESIAN_POINT('',(137.725,185.,12.));
#6451 = VECTOR('',#6452,1.);
#6452 = DIRECTION('',(0.,0.,1.));
#6453 = PLANE('',#6454);
#6454 = AXIS2_PLACEMENT_3D('',#6455,#6456,#6457);
#6455 = CARTESIAN_POINT('',(13.075,185.,12.));
#6456 = DIRECTION('',(0.,1.,0.));
#6457 = DIRECTION('',(0.,0.,1.));
#6458 = ADVANCED_FACE('',(#6459,#6470,#6481,#6492,#6503,#6514),#6525,.F.
  );
#6459 = FACE_BOUND('',#6460,.F.);
#6460 = EDGE_LOOP('',(#6461,#6462,#6463,#6469));
#6461 = ORIENTED_EDGE('',*,*,#6298,.F.);
#6462 = ORIENTED_EDGE('',*,*,#6328,.T.);
#6463 = ORIENTED_EDGE('',*,*,#6464,.T.);
#6464 = EDGE_CURVE('',#6329,#6439,#6465,.T.);
#6465 = LINE('',#6466,#6467);
#6466 = CARTESIAN_POINT('',(137.725,7.2,12.));
#6467 = VECTOR('',#6468,1.);
#6468 = DIRECTION('',(0.,1.,0.));
#6469 = ORIENTED_EDGE('',*,*,#6438,.F.);
#6470 = FACE_BOUND('',#6471,.F.);
#6471 = EDGE_LOOP('',(#6472));
#6472 = ORIENTED_EDGE('',*,*,#6473,.F.);
#6473 = EDGE_CURVE('',#6474,#6474,#6476,.T.);
#6474 = VERTEX_POINT('',#6475);
#6475 = CARTESIAN_POINT('',(41.7,9.5,12.));
#6476 = CIRCLE('',#6477,1.7);
#6477 = AXIS2_PLACEMENT_3D('',#6478,#6479,#6480);
#6478 = CARTESIAN_POINT('',(40.,9.5,12.));
#6479 = DIRECTION('',(0.,0.,1.));
#6480 = DIRECTION('',(1.,0.,0.));
#6481 = FACE_BOUND('',#6482,.F.);
#6482 = EDGE_LOOP('',(#6483));
#6483 = ORIENTED_EDGE('',*,*,#6484,.F.);
#6484 = EDGE_CURVE('',#6485,#6485,#6487,.T.);
#6485 = VERTEX_POINT('',#6486);
#6486 = CARTESIAN_POINT('',(112.5,9.5,12.));
#6487 = CIRCLE('',#6488,1.7);
#6488 = AXIS2_PLACEMENT_3D('',#6489,#6490,#6491);
#6489 = CARTESIAN_POINT('',(110.8,9.5,12.));
#6490 = DIRECTION('',(0.,0.,1.));
#6491 = DIRECTION('',(1.,0.,0.));
#6492 = FACE_BOUND('',#6493,.F.);
#6493 = EDGE_LOOP('',(#6494));
#6494 = ORIENTED_EDGE('',*,*,#6495,.F.);
#6495 = EDGE_CURVE('',#6496,#6496,#6498,.T.);
#6496 = VERTEX_POINT('',#6497);
#6497 = CARTESIAN_POINT('',(41.7,182.7,12.));
#6498 = CIRCLE('',#6499,1.7);
#6499 = AXIS2_PLACEMENT_3D('',#6500,#6501,#6502);
#6500 = CARTESIAN_POINT('',(40.,182.7,12.));
#6501 = DIRECTION('',(0.,0.,1.));
#6502 = DIRECTION('',(1.,0.,0.));
#6503 = FACE_BOUND('',#6504,.F.);
#6504 = EDGE_LOOP('',(#6505));
#6505 = ORIENTED_EDGE('',*,*,#6506,.F.);
#6506 = EDGE_CURVE('',#6507,#6507,#6509,.T.);
#6507 = VERTEX_POINT('',#6508);
#6508 = CARTESIAN_POINT('',(77.1,182.7,12.));
#6509 = CIRCLE('',#6510,1.7);
#6510 = AXIS2_PLACEMENT_3D('',#6511,#6512,#6513);
#6511 = CARTESIAN_POINT('',(75.4,182.7,12.));
#6512 = DIRECTION('',(0.,0.,1.));
#6513 = DIRECTION('',(1.,0.,0.));
#6514 = FACE_BOUND('',#6515,.F.);
#6515 = EDGE_LOOP('',(#6516));
#6516 = ORIENTED_EDGE('',*,*,#6517,.F.);
#6517 = EDGE_CURVE('',#6518,#6518,#6520,.T.);
#6518 = VERTEX_POINT('',#6519);
#6519 = CARTESIAN_POINT('',(112.5,182.7,12.));
#6520 = CIRCLE('',#6521,1.7);
#6521 = AXIS2_PLACEMENT_3D('',#6522,#6523,#6524);
#6522 = CARTESIAN_POINT('',(110.8,182.7,12.));
#6523 = DIRECTION('',(0.,0.,1.));
#6524 = DIRECTION('',(1.,0.,0.));
#6525 = PLANE('',#6526);
#6526 = AXIS2_PLACEMENT_3D('',#6527,#6528,#6529);
#6527 = CARTESIAN_POINT('',(13.075,7.2,12.));
#6528 = DIRECTION('',(0.,0.,1.));
#6529 = DIRECTION('',(1.,0.,0.));
#6530 = ADVANCED_FACE('',(#6531),#6537,.T.);
#6531 = FACE_BOUND('',#6532,.T.);
#6532 = EDGE_LOOP('',(#6533,#6534,#6535,#6536));
#6533 = ORIENTED_EDGE('',*,*,#6345,.F.);
#6534 = ORIENTED_EDGE('',*,*,#6464,.T.);
#6535 = ORIENTED_EDGE('',*,*,#6448,.T.);
#6536 = ORIENTED_EDGE('',*,*,#6361,.F.);
#6537 = PLANE('',#6538);
#6538 = AXIS2_PLACEMENT_3D('',#6539,#6540,#6541);
#6539 = CARTESIAN_POINT('',(137.725,7.2,12.));
#6540 = DIRECTION('',(1.,0.,0.));
#6541 = DIRECTION('',(0.,0.,1.));
#6542 = ADVANCED_FACE('',(#6543),#6554,.F.);
#6543 = FACE_BOUND('',#6544,.F.);
#6544 = EDGE_LOOP('',(#6545,#6546,#6552,#6553));
#6545 = ORIENTED_EDGE('',*,*,#6377,.F.);
#6546 = ORIENTED_EDGE('',*,*,#6547,.F.);
#6547 = EDGE_CURVE('',#6474,#6378,#6548,.T.);
#6548 = LINE('',#6549,#6550);
#6549 = CARTESIAN_POINT('',(41.7,9.5,11.9));
#6550 = VECTOR('',#6551,1.);
#6551 = DIRECTION('',(0.,0.,1.));
#6552 = ORIENTED_EDGE('',*,*,#6473,.T.);
#6553 = ORIENTED_EDGE('',*,*,#6547,.T.);
#6554 = CYLINDRICAL_SURFACE('',#6555,1.7);
#6555 = AXIS2_PLACEMENT_3D('',#6556,#6557,#6558);
#6556 = CARTESIAN_POINT('',(40.,9.5,11.9));
#6557 = DIRECTION('',(0.,0.,1.));
#6558 = DIRECTION('',(1.,0.,0.));
#6559 = ADVANCED_FACE('',(#6560),#6571,.F.);
#6560 = FACE_BOUND('',#6561,.F.);
#6561 = EDGE_LOOP('',(#6562,#6563,#6569,#6570));
#6562 = ORIENTED_EDGE('',*,*,#6388,.F.);
#6563 = ORIENTED_EDGE('',*,*,#6564,.F.);
#6564 = EDGE_CURVE('',#6485,#6389,#6565,.T.);
#6565 = LINE('',#6566,#6567);
#6566 = CARTESIAN_POINT('',(112.5,9.5,11.9));
#6567 = VECTOR('',#6568,1.);
#6568 = DIRECTION('',(0.,0.,1.));
#6569 = ORIENTED_EDGE('',*,*,#6484,.T.);
#6570 = ORIENTED_EDGE('',*,*,#6564,.T.);
#6571 = CYLINDRICAL_SURFACE('',#6572,1.7);
#6572 = AXIS2_PLACEMENT_3D('',#6573,#6574,#6575);
#6573 = CARTESIAN_POINT('',(110.8,9.5,11.9));
#6574 = DIRECTION('',(0.,0.,1.));
#6575 = DIRECTION('',(1.,0.,0.));
#6576 = ADVANCED_FACE('',(#6577),#6588,.F.);
#6577 = FACE_BOUND('',#6578,.F.);
#6578 = EDGE_LOOP('',(#6579,#6580,#6586,#6587));
#6579 = ORIENTED_EDGE('',*,*,#6399,.F.);
#6580 = ORIENTED_EDGE('',*,*,#6581,.F.);
#6581 = EDGE_CURVE('',#6496,#6400,#6582,.T.);
#6582 = LINE('',#6583,#6584);
#6583 = CARTESIAN_POINT('',(41.7,182.7,11.9));
#6584 = VECTOR('',#6585,1.);
#6585 = DIRECTION('',(0.,0.,1.));
#6586 = ORIENTED_EDGE('',*,*,#6495,.T.);
#6587 = ORIENTED_EDGE('',*,*,#6581,.T.);
#6588 = CYLINDRICAL_SURFACE('',#6589,1.7);
#6589 = AXIS2_PLACEMENT_3D('',#6590,#6591,#6592);
#6590 = CARTESIAN_POINT('',(40.,182.7,11.9));
#6591 = DIRECTION('',(0.,0.,1.));
#6592 = DIRECTION('',(1.,0.,0.));
#6593 = ADVANCED_FACE('',(#6594),#6605,.F.);
#6594 = FACE_BOUND('',#6595,.F.);
#6595 = EDGE_LOOP('',(#6596,#6597,#6603,#6604));
#6596 = ORIENTED_EDGE('',*,*,#6410,.F.);
#6597 = ORIENTED_EDGE('',*,*,#6598,.F.);
#6598 = EDGE_CURVE('',#6507,#6411,#6599,.T.);
#6599 = LINE('',#6600,#6601);
#6600 = CARTESIAN_POINT('',(77.1,182.7,11.9));
#6601 = VECTOR('',#6602,1.);
#6602 = DIRECTION('',(0.,0.,1.));
#6603 = ORIENTED_EDGE('',*,*,#6506,.T.);
#6604 = ORIENTED_EDGE('',*,*,#6598,.T.);
#6605 = CYLINDRICAL_SURFACE('',#6606,1.7);
#6606 = AXIS2_PLACEMENT_3D('',#6607,#6608,#6609);
#6607 = CARTESIAN_POINT('',(75.4,182.7,11.9));
#6608 = DIRECTION('',(0.,0.,1.));
#6609 = DIRECTION('',(1.,0.,0.));
#6610 = ADVANCED_FACE('',(#6611),#6622,.F.);
#6611 = FACE_BOUND('',#6612,.F.);
#6612 = EDGE_LOOP('',(#6613,#6614,#6620,#6621));
#6613 = ORIENTED_EDGE('',*,*,#6421,.F.);
#6614 = ORIENTED_EDGE('',*,*,#6615,.F.);
#6615 = EDGE_CURVE('',#6518,#6422,#6616,.T.);
#6616 = LINE('',#6617,#6618);
#6617 = CARTESIAN_POINT('',(112.5,182.7,11.9));
#6618 = VECTOR('',#6619,1.);
#6619 = DIRECTION('',(0.,0.,1.));
#6620 = ORIENTED_EDGE('',*,*,#6517,.T.);
#6621 = ORIENTED_EDGE('',*,*,#6615,.T.);
#6622 = CYLINDRICAL_SURFACE('',#6623,1.7);
#6623 = AXIS2_PLACEMENT_3D('',#6624,#6625,#6626);
#6624 = CARTESIAN_POINT('',(110.8,182.7,11.9));
#6625 = DIRECTION('',(0.,0.,1.));
#6626 = DIRECTION('',(1.,0.,0.));
#6627 = ( GEOMETRIC_REPRESENTATION_CONTEXT(3) 
GLOBAL_UNCERTAINTY_ASSIGNED_CONTEXT((#6631)) 
GLOBAL_UNIT_ASSIGNED_CONTEXT((#6628,#6629,#6630)) REPRESENTATION_CONTEXT
('Context #1','3D Context with UNIT and UNCERTAINTY') );
#6628 = ( LENGTH_UNIT() NAMED_UNIT(*) SI_UNIT(.MILLI.,.METRE.) );
#6629 = ( NAMED_UNIT(*) PLANE_ANGLE_UNIT() SI_UNIT($,.RADIAN.) );
#6630 = ( NAMED_UNIT(*) SI_UNIT($,.STERADIAN.) SOLID_ANGLE_UNIT() );
#6631 = UNCERTAINTY_MEASURE_WITH_UNIT(LENGTH_MEASURE(1.E-07),#6628,
  'distance_accuracy_value','confusion accuracy');
#6632 = PRODUCT_RELATED_PRODUCT_CATEGORY('part',$,(#7));
ENDSEC;
END-ISO-10303-21;
